t,x,y,m,id
0,530.427934288496,777.152515925764,0,1
0,561.473247518823,389.810278237891,0,2
0,700.958032841189,114.906380844217,0,3
0,746.157790097245,647.273427957327,0,4
0,299.154072573767,461.679294695076,0,5
0,289.088695963368,683.491503081187,0,6
0,707.350449975481,345.466348126961,0,7
0,312.86178872819,176.181714062175,0,8
0,114.0880651341,240.726786930609,0,9
0,167.681818181818,794.601275917065,0,10
0,687.750602140738,639.008421187501,0,11
0,243.988807663666,600.859046514292,0,12
0,753.650188933873,525.30198305593,0,13
0,260.375632210485,653.862346788061,0,14
0,575.234742096827,237.757356661453,0,15
0,695.718213586804,391.368246202591,0,16
0,604.21272303987,705.441782761145,0,17
0,759.934615806972,774.526394408736,0,18
0,673.62380168141,731.406640943597,0,19
0,17.5481660944653,724.400007542655,0,20
0,144.422690239614,555.834347750808,0,21
0,463.723463687151,162.184357541899,1,22
0,684.689243176179,521.438672456576,0,23
0,693.888905593559,669.322913795552,0,24
0,484.152069776461,385.242886165113,0,25
0,8.00939739744828,310.036599896401,0,26
0,76.6710736828263,658.736265743257,0,27
0,550.592634292588,432.191464078619,0,28
0,371.184253903279,219.046170830622,0,29
0,76.383420412012,149.204413590047,0,30
0,124.448930400372,389.569343575419,0,31
0,790.920868647228,379.339597155287,0,32
0,203.809384291199,506.566102820195,0,33
0,500.259527261186,409.47886064126,0,34
0,188.029804014199,111.291111417305,0,35
0,589.340634910013,769.880616061238,0,36
0,302.16394257536,123.753022349479,0,37
0,444.585893355317,690.501504621415,0,38
0,337.464741226908,654.055217804368,0,39
0,256.985260299193,78.2982016042103,0,40
0,517.34707558237,16.4274132730015,0,41
0,90.2309098345988,172.108437785862,0,42
0,415.196881710474,456.17965329312,0,43
0,385.153045586051,630.484162170615,0,44
0,582.381270226537,716.186578791374,0,45
0,733.502616453459,31.1105245877718,0,46
0,9.61895467489321,785.897114776143,0,47
0,629.925760822348,325.686729361937,0,48
0,405.580441526956,334.602864583333,0,49
0,607.581980175966,212.917182769897,0,50
0,226.020830542382,656.16018831105,0,51
0,118.862731728857,213.289693075222,0,52
0,640.542070051161,789.201087429317,0,53
0,269.105466142485,415.43324760921,0,54
0,704.903146790591,83.66201277269,0,55
0,139.673986459348,773.813975084428,0,56
0,728.377091783266,184.179108967128,0,57
0,759.231813366372,9.09098883143001,0,58
0,762.65182454884,727.914240553792,0,59
0,721.485094972624,506.970520447488,0,60
0,150.845175968305,26.1925676026983,0,61
0,782.741224053724,354.12438949939,0,62
0,109.317033436599,26.1909162126553,0,63
0,37.3793887338295,239.586098558686,0,64
0,150.313328565905,676.30193199616,0,65
0,547.401127165291,528.538445038044,0,66
0,90.252168060972,122.068033289739,0,67
0,229.076098319166,31.6456591879964,0,68
0,727.356830543566,782.642220233709,0,69
0,286.311030129787,660.686973646053,0,70
0,273.840628254078,622.817931659532,0,71
0,358.04066646237,404.167298919295,0,72
0,371.975423414046,27.2037921551599,0,73
0,421.452546937117,531.679553118017,0,74
0,434.875482197249,395.690097338101,0,75
0,474.196551866481,58.1794654534868,0,76
0,576.939897290402,748.94862733131,0,77
0,306.111707566462,714.794478527607,0,78
0,657.864951143682,696.599826306272,0,79
0,467.653834151371,413.534686310999,0,80
0,458.550116491193,301.523862262331,0,81
0,168.967223360317,700.627760365902,0,82
0,237.634777566941,579.1688101764,0,83
0,784.329838974696,74.8973999655728,0,84
0,19.8092952165806,160.489151546663,0,85
0,364.724754549263,622.964662380007,0,86
0,489.782074538259,345.181789633975,0,87
0,364.019774343597,157.20260600469,0,88
0,99.2131042380412,636.209766366834,0,89
0,542.281653251812,279.906439775043,0,90
0,729.150904717245,582.188631553322,0,91
0,87.5406574854167,520.461653497064,0,92
0,621.994923011286,395.711979254203,0,93
0,569.124536730675,583.709055437316,0,94
0,44.4894986449865,169.543091168091,0,95
0,769.579478529069,296.140576382317,0,96
0,614.238303592432,84.9174068286454,0,97
0,222.751107241869,742.357976810306,0,98
0,482.246969139247,180.982709350052,0,99
0,131.236061834705,638.405322559687,0,100
0,343.216712510187,239.142388043448,0,101
0,773.05647968855,637.815072752926,0,102
0,336.438811930293,51.9231948933696,0,103
0,624.734137122197,160.826525032495,0,104
0,225.937727549029,770.971518379883,0,105
0,487.783654590694,614.17696995977,0,106
0,580.171335291006,21.8018433740067,0,107
0,47.5988145088816,726.089874886072,0,108
0,543.661391702787,64.3004997856727,0,109
0,735.991362025931,145.287328861449,0,110
0,367.056598407281,191.168941979522,0,111
0,475.228530701296,326.947046973784,0,112
0,517.532378176104,554.7958899295,0,113
0,309.061783350015,539.437512670827,0,114
0,656.694841269841,327.433792815372,0,115
0,10.2869301994302,397.373504273504,0,116
0,124.897832396362,183.483814388226,0,117
0,118.127529735487,270.638373572401,0,118
0,157.723205369113,426.483127849175,0,119
0,678.558611008488,98.0039093810021,0,120
0,41.294189856542,783.8407397758,0,121
0,300.887813204631,520.488260368372,0,122
0,142.691334428508,751.958014784861,0,123
0,772.689951745871,666.022099124954,0,124
0,155.576016716408,400.28006785195,0,125
0,241.086657983659,731.358321564197,0,126
0,712.900517016772,232.915331379254,0,127
0,655.053676865271,771.319098180738,0,128
0,266.409593333239,281.692410112412,1,129
0,84.3910937575615,683.073746691534,0,130
0,337.03417715542,83.2780543762508,0,131
0,210.565798261242,153.640025506975,0,132
0,340.222488893234,164.081852250138,0,133
0,626.87751079766,41.4579759171177,0,134
0,126.578206364683,424.89065970235,0,135
0,55.0563315231183,364.036722834086,0,136
0,155.747612989622,170.770332073908,0,137
0,445.15176901645,720.514754525909,0,138
0,799.664334990864,179.57707871681,0,139
0,626.051062958585,235.094936043022,0,140
0,172.153573649426,755.572837732983,0,141
0,521.016382890365,503.781485326689,0,142
0,572.949635829837,540.133780528844,0,143
0,237.254355492774,197.409161669742,0,144
0,199.386831615574,481.12156448203,0,145
0,670.479024916679,55.3122240578492,0,146
0,142.614055073027,487.120402838994,0,147
0,557.218305905989,23.9457903703923,0,148
0,175.558661416079,592.69494151557,0,149
0,794.928846789863,407.22787734094,0,150
0,31.4968040875017,648.983740916212,0,151
0,302.937747204227,226.848288029564,0,152
0,159.175304065794,245.765064288196,0,153
0,751.432735652503,353.723994921116,0,154
0,267.14047952561,205.839545688005,0,155
0,336.850843560634,726.528586225191,0,156
0,699.302961392432,12.5431250125407,0,157
0,634.152924538075,119.070680807453,0,158
0,56.9162252967326,58.3489231062662,0,159
0,188.266923186939,528.24536130425,0,160
0,111.837847573853,685.986380210295,0,161
0,164.62807244682,83.3707665107473,0,162
0,474.591662447991,224.09427845305,0,163
0,634.679837109966,553.148367886414,0,164
0,175.079240275925,306.938451560349,0,165
0,781.400361950293,765.786515020513,0,166
0,415.940639257133,271.923336272117,0,167
0,142.058161924312,705.304526610097,0,168
0,651.611168569992,636.94222078575,0,169
0,277.854497756549,112.854558064361,1,170
0,195.078548968277,85.6985920538918,0,171
0,646.592849594831,291.267059242225,0,172
0,214.512498635334,50.286799926308,0,173
0,748.076588928207,221.13170971237,0,174
0,45.4631226241074,627.636017162522,0,175
0,783.929801919992,271.601682580345,0,176
0,283.503567341018,786.519276141806,0,177
0,449.760719689392,268.014825047311,0,178
0,152.775467925082,330.113867389258,0,179
0,299.928041064813,629.960202807869,0,180
0,97.5262404451287,201.327718805427,0,181
0,664.95328005328,131.344949841825,0,182
0,391.397719651241,383.750503018109,0,183
0,518.535602637245,281.276125958551,0,184
0,260.027273104364,754.723286135011,0,185
0,502.350502289049,242.998251752045,0,186
0,383.914026231523,407.604297188177,0,187
0,785.319575608811,336.08275197554,0,188
0,766.128125070992,479.935482878606,0,189
0,708.546959010233,694.984464688344,0,190
0,270.037842190016,14.4876543209877,0,191
0,651.875727670479,473.186351743551,0,192
0,414.607036949203,696.579288562145,0,193
0,503.756492777075,777.462402038182,0,194
0,81.8276911534951,292.030962380312,0,195
0,394.499379442742,519.638008265945,0,196
0,284.654912762036,81.2958172071333,0,197
0,371.39987538626,57.7865316123166,0,198
0,319.521648173457,360.328897132197,0,199
0,136.182353940545,258.324498913073,0,200
0,496.783462947708,312.747117698078,0,201
0,178.738448771397,231.849713595613,0,202
0,420.084567688051,22.260985340177,0,203
0,627.937856323341,728.973226190845,0,204
0,168.873573077679,658.029532356539,0,205
0,695.488920031608,717.732691997049,0,206
0,303.786307588076,61.9568563685637,0,207
0,492.322562358277,98.9606009070295,0,208
0,551.770521062474,173.930343348737,1,209
0,377.49530872322,695.392804533837,0,210
0,767.987980769231,384.206997863248,0,211
0,493.009896993768,23.0654019121761,0,212
0,681.394446732589,125.552465974122,0,213
0,308.407568033149,386.223276765137,0,214
0,33.3389105616915,510.793750211099,0,215
0,335.488675403006,558.640589225477,0,216
0,592.360790444124,96.7305675805676,0,217
0,666.593948412698,152.320419973545,0,218
0,26.0747428902184,126.425762893894,0,219
0,319.167991695935,552.463859003718,0,220
0,294.580375800472,94.9175429726997,0,221
0,438.85417165191,194.764630028449,0,222
0,37.7971368889494,217.176916876689,1,223
0,708.299866794257,55.2243112836271,0,224
0,399.667446039709,32.3620000384401,0,225
0,310.821934341444,767.95851366767,0,226
0,344.608410163999,137.009539574777,0,227
0,67.1541244320969,243.722244380567,0,228
0,652.427465511597,604.731411631405,0,229
0,201.80639704386,617.937545899362,0,230
0,160.911569798003,472.77963869711,0,231
0,10.2391939563023,677.884981177787,0,232
0,185.440630283178,36.2467537804076,0,233
0,272.587161688037,245.839533858743,0,234
0,337.477178424254,477.541443312719,0,235
0,270.914116656764,150.467988710636,0,236
0,107.177891409972,478.818032611601,0,237
0,803.127602961149,434.434050240917,0,238
0,544.017969914736,237.969839355411,0,239
0,108.662857075125,441.556135172937,0,240
0,702.063627762276,249.509217742711,0,241
0,165.392909912817,507.9618886408,0,242
0,166.023833183521,135.902944426577,0,243
0,238.804770596155,678.406268796576,0,244
0,698.031464538193,264.397828777786,0,245
0,619.518035812773,266.203957019622,0,246
0,84.475698661591,454.022228012931,0,247
0,709.167991766625,132.056788589015,0,248
0,792.186632656382,103.784212474777,0,249
0,614.869180304415,535.651359390432,0,250
0,524.50908888432,350.962094590136,0,251
0,602.967450253368,487.814491822189,0,252
0,732.646462931522,64.328324844369,0,253
0,167.149160038955,113.514568792945,0,254
0,192.952341868172,641.721784863073,0,255
0,621.088157147058,16.1469832271194,0,256
0,626.985824966582,616.149936448819,1,257
0,628.980749491316,486.390905457452,0,258
0,673.083959162134,170.359394874293,0,259
0,147.963535193522,202.28609911086,0,260
0,335.497919478183,384.846841900789,0,261
0,204.187798736349,684.202130410675,0,262
0,473.579491329796,477.740132904433,0,263
0,439.354459623457,780.504832047385,0,264
0,76.612931518827,726.633301357267,0,265
0,770.609401017848,233.930977215695,0,266
0,320.189166034246,689.855297448708,0,267
0,455.767898829022,114.549000966402,0,268
0,601.98903483663,237.85455865827,0,269
0,534.696964290625,150.934762670847,0,270
0,276.639256318659,729.432239063843,0,271
0,571.785717203906,353.89831270172,0,272
0,596.158677612064,625.60798969319,1,273
0,264.112983456293,688.776077762874,0,274
0,467.245612601766,23.5044762641899,0,275
0,77.0560518698297,8.37951066904224,0,276
0,364.660685222905,106.188670616184,0,277
0,543.425263870311,374.154624378632,0,278
0,296.206114701152,195.304805626176,0,279
0,133.902741244646,456.536440989094,0,280
0,407.507883861674,127.857100606002,0,281
0,471.503939269509,200.022629801989,0,282
0,322.628673929108,230.160553185065,1,283
0,376.66767019177,556.452585893697,1,284
0,386.28607520564,286.168618618619,0,285
0,324.261087295786,124.807099161744,1,286
0,429.76076703431,747.205442130327,0,287
0,457.801955010446,511.771017938189,0,288
0,212.433531779297,10.7839781557023,0,289
0,32.8558998675524,52.7026784420852,0,290
0,518.599601275917,311.340667641326,0,291
0,551.18254366623,340.635068885127,0,292
0,733.037553573708,121.745375487103,0,293
0,294.307341464346,20.1267447091126,0,294
0,659.052957337301,229.857136645603,0,295
0,628.905981601224,763.453647467049,0,296
0,50.4723022518332,23.1429478907196,0,297
0,410.365845625336,301.024899194847,1,298
0,683.749502487562,335.149502487562,0,299
0,18.249728902831,770.68503253166,0,300
0,45.0009302206227,149.191098323251,0,301
0,648.471806489088,168.653441208199,0,302
0,670.797037888003,209.975837575648,0,303
0,420.990432226356,419.015718157182,0,304
0,675.949971048415,696.892108550077,0,305
0,12.8672473095713,190.232274068115,0,306
0,262.808148720038,581.047074603072,0,307
0,242.559251981892,397.610584528678,0,308
0,250.296343202372,176.747429547075,0,309
0,625.622284795708,586.032701684161,0,310
0,119.106486331286,122.060114491972,0,311
0,399.28939667927,155.720406159242,0,312
0,19.4861174042478,436.514024622584,1,313
0,789.374358030147,247.564975204988,0,314
0,15.5197471811351,599.611288542203,0,315
0,25.246311557121,748.401717827351,0,316
0,485.746839607344,581.860125080036,0,317
0,197.511225035547,761.30885740748,0,318
0,672.97675328084,658.002325459318,0,319
0,332.678174004443,417.806319153478,0,320
0,366.179944442477,454.401269613813,0,321
0,792.660147057045,487.27360471163,1,322
0,516.001786134972,528.781199032293,0,323
0,594.90861037134,524.613642005958,0,324
0,505.6752133497,59.3695942376294,0,325
0,559.203858568075,709.464371162875,0,326
0,765.765447403326,170.586198347107,0,327
0,67.3955148733556,701.478480864202,0,328
0,281.710507056063,571.82720698953,0,329
0,184.152412856072,158.987687406297,0,330
0,635.31369391557,59.5827213118205,0,331
0,446.957473192702,26.010918519856,0,332
0,722.051668650108,753.721799141362,0,333
0,720.715751027413,383.702575305966,0,334
0,243.744005169333,328.148851086846,1,335
0,527.651542111507,666.740327300999,0,336
0,714.454698293799,545.573006658344,0,337
0,47.6034721414769,284.693176050658,0,338
0,305.779146940745,414.060365409931,0,339
0,269.31383260336,330.372836594596,0,340
0,81.5533557655623,392.528653211499,0,341
0,604.800486555069,318.264352744466,0,342
0,555.353009320051,736.687860006653,0,343
0,750.418331108684,678.713633728377,0,344
0,243.926656631086,364.473778244077,0,345
0,5.96403378341168,143.349621763967,0,346
0,409.974482240862,632.172553588071,0,347
0,604.447710271848,735.636781609195,0,348
0,7.07439087610161,572.740798341109,1,349
0,340.054523539139,112.142406311637,0,350
0,485.542071594714,133.532745871906,1,351
0,597.15012850864,261.805751616741,0,352
0,116.528665139389,530.655271894808,0,353
0,736.116048335384,284.827006639345,0,354
0,496.082481738223,485.857737030411,0,355
0,367.656079857824,716.860336007441,0,356
0,314.509376058668,75.4515642263894,0,357
0,606.793705110091,45.5615414900506,0,358
0,147.03053616808,146.472228784137,0,359
0,101.393566745912,407.497957071195,0,360
0,382.111848653232,138.986716431233,0,361
0,743.517279109227,424.592052689965,0,362
0,27.9090678824721,291.948515483899,0,363
0,610.697984217392,122.57114589128,0,364
0,688.917812142039,545.258304696449,0,365
0,426.550902539846,600.700904055871,0,366
0,389.262030348202,487.203373084126,0,367
0,85.1887037725522,318.281796377193,0,368
0,562.065114083155,798.390755378276,0,369
0,752.678822357957,42.2215401537164,0,370
0,63.4201039451925,270.578041578077,0,371
0,694.678525296176,579.0507177296,0,372
0,445.978473345531,60.921460802772,0,373
0,632.159918442735,139.800062308416,0,374
0,317.888676896127,146.662542149442,1,375
0,16.1758967873203,510.056309970549,0,376
0,458.29592674429,379.757467774612,0,377
0,230.608377257409,706.119265387828,0,378
0,389.863682865656,464.534931231299,0,379
0,725.86098090859,164.254822701367,0,380
0,322.132312084319,582.841007764815,0,381
0,688.616493317162,222.195647579845,0,382
0,19.6901674770394,26.7239330091842,0,383
0,356.258644225892,677.81737764297,0,384
0,504.057584966926,458.252299775926,0,385
0,340.108106458106,608.549983499983,0,386
0,197.156683113502,738.859725237925,0,387
0,48.3437005472794,677.626507509718,0,388
0,761.872852233677,64.4888316151203,0,389
0,471.674723373888,257.583917354111,0,390
0,568.454171555259,267.890762633287,0,391
0,590.427201780542,592.495117062105,0,393
0,528.41771631423,642.668903871693,0,394
0,218.291126320453,447.376648776593,0,395
0,697.036155021524,163.779972663865,0,396
0,350.005271211098,214.427925856622,0,397
0,244.60535368706,53.2432944107392,0,398
0,531.937053475996,208.959495842756,1,399
0,388.138437367762,178.717872223573,0,400
0,515.568100578581,475.907660781895,0,401
0,107.943779406442,296.796733622874,0,402
0,714.993128881988,207.939049560041,0,403
0,703.08521004638,301.202664641562,0,404
0,89.3251206757844,265.417230937696,0,405
0,625.007883232173,349.978551841429,0,406
0,86.2956993867614,781.414345244373,0,407
0,326.69448365644,26.5203980801807,0,408
0,59.0179386823222,303.582844096543,0,409
0,312.094814413357,669.570076427623,0,410
0,346.070603830809,578.533985201921,0,411
0,243.457526951244,631.416079364463,0,412
0,257.986352626513,375.39589283554,0,413
0,652.486995075939,22.9509727448213,0,414
0,453.784066044201,329.403553308632,0,415
0,350.588136569031,11.8768932341391,0,416
0,740.775869626774,250.690846865096,0,417
0,121.902388175943,793.906926814525,0,418
0,285.674748945305,539.110567852955,0,419
0,369.327586585098,585.845792406997,0,420
0,584.201019086467,501.349119764276,0,421
0,26.8803876408535,262.431567824605,0,422
0,427.30524742553,141.491222613864,0,423
0,290.904428575435,285.115803054196,0,424
0,410.974358169812,723.827057210057,0,425
0,183.137119006018,67.1934225670466,0,426
0,583.796511696685,64.623948875679,0,427
0,604.736710716526,69.5109265472002,0,428
0,555.009551826427,45.7630586840655,0,429
0,700.308489753466,746.089923293192,0,430
0,611.323996619279,676.700806171983,1,431
0,365.399803205763,795.26411213037,0,432
0,127.168485058115,345.51001652584,0,433
0,506.775941917869,131.498232568971,0,435
0,320.798229214166,204.815268277854,0,436
0,174.577549528666,182.910240244001,0,437
0,216.878684761658,636.099553732353,0,438
0,185.331368064669,133.308414434642,0,439
0,147.273751727637,227.046036057314,0,440
0,471.824963383703,122.802807844818,0,441
0,663.359438420906,535.608320591233,0,442
0,396.489102385412,547.004791038037,0,443
0,803.076636904762,58.7789606227106,0,444
0,533.502430993972,124.784918874852,0,445
0,232.060765310765,135.455924358702,0,446
0,685.504224662569,184.085943148952,0,447
0,650.026082738349,139.387551284101,0,448
0,702.231285954193,194.247935854834,0,449
0,611.563805924573,654.258524673991,0,450
0,745.162154357086,269.867299421393,0,451
0,451.951296450361,235.859349938541,0,452
0,519.486933401377,38.0929432580783,0,453
0,622.559827683182,643.532917881066,0,454
0,433.613482853637,124.91647973186,0,455
0,739.6589282682,740.584199759034,0,456
0,522.817623437946,435.890361655952,0,457
0,713.50517748265,457.931635343119,0,458
0,23.0172095909232,546.309168771883,0,459
0,729.32546137853,216.171089085441,0,460
0,427.364449490709,160.183488961826,0,461
0,545.102603612883,314.767917663477,0,462
0,720.503834560757,304.622498580058,0,463
0,661.007042566427,183.849817826357,0,464
0,372.052688646845,527.263179930004,0,465
0,404.214299699638,103.265831418416,0,466
0,6.6271790273439,248.988270855027,0,467
0,738.999061531651,713.292814140264,0,468
0,418.877772954696,61.8708397746859,0,469
0,406.845695393471,577.949956742059,0,470
0,657.221679976338,198.89488386252,0,471
0,478.626428000413,455.48344851892,0,472
0,149.078140373963,728.527880395314,0,473
0,764.738685830239,263.022489412042,0,474
0,416.511556393076,481.231841150195,0,475
0,421.015388972679,183.742169095192,1,476
0,782.299754500756,704.775117441633,0,477
0,796.641557781955,582.312331419583,0,478
0,630.954334068571,369.664260229051,0,479
0,666.170290020057,303.4657792595,0,480
0,534.837691749585,29.5128161276949,0,481
0,730.82896078905,360.012959166187,0,482
0,405.970827908299,792.675222650573,0,483
0,176.097998131648,208.973033750775,0,484
0,7.49742909755295,214.101033791057,0,485
0,148.54248834604,367.75655318233,0,486
0,4.39033203757694,705.688929381276,0,487
0,260.771226219502,555.431166135907,0,488
0,365.912879344894,82.9042797266441,0,489
0,454.452089782491,177.686879986923,0,490
0,305.368325338142,261.095266847009,0,491
0,720.358492160043,720.033330376453,0,492
0,206.238190732415,787.414537977746,0,493
0,240.543852220611,6.54542649373091,0,494
0,721.246007456107,262.227890920846,0,495
0,397.141566331369,734.696873094899,0,496
0,432.394990495186,503.673001955504,0,497
0,482.952394862677,249.286335545571,0,498
0,272.108851104402,180.653636315483,1,499
0,408.288407205479,76.9351490063439,0,500
0,557.540706449118,492.366513865698,0,501
0,140.550116983791,122.489766032417,0,502
0,357.909926676123,538.148159561269,0,503
0,411.438183651397,221.946851984644,0,504
0,575.619216689633,41.6420412186008,0,505
0,758.577124594802,700.926273523331,0,506
0,4.32864077129466,471.587408013538,1,507
0,385.501017027287,117.71211929202,0,508
0,207.498387007409,120.957165764036,0,509
0,377.321671651852,729.878292272834,0,510
0,7.80078453622366,344.400010217014,0,511
0,188.065719058221,4.57082203624376,0,512
0,800.120293187436,525.037656318162,0,513
0,310.481609737634,7.31120462445764,0,514
0,457.278127397392,136.460347142309,1,515
0,344.514807351339,508.277106460548,0,517
0,152.537933067853,49.9122197464136,1,518
0,96.6524587743838,380.241282766362,0,519
0,478.835609120308,154.67530914135,1,520
0,5.00842741294323,176.241247946149,0,521
0,801.747635405932,665.906424672698,0,522
0,328.122569769834,527.381157764013,0,523
0,164.473228481315,11.3494968525006,0,524
0,545.516198764347,799.969882710626,0,525
0,5.42054214432687,44.875863462669,0,526
0,692.352060025818,316.683009817046,0,527
0,799.783880239876,744.197103043638,0,528
0,698.312086334739,780.946135651103,0,529
0,758.933968239793,322.822160038104,0,530
0,605.395057598411,380.351956918649,0,531
0,637.48110571139,179.065867128959,0,532
0,441.162297979798,364.325387205387,1,533
0,732.48416025564,5.81378304016241,0,534
0,215.94693877551,717.90679908327,0,535
0,780.821894411008,7.84084610452731,0,536
0,193.198501979324,663.682011682012,0,537
0,37.5064356569391,565.648611104857,0,539
0,581.493441341267,440.003286568504,0,540
0,6.91812100344319,279.842715199213,0,541
0,439.44299652228,803.860974663618,0,542
0,331.023967621577,3.29602226016569,1,543
0,412.573616816032,372.2027088001,1,545
0,93.4616945107398,88.2914263457969,0,546
0,111.074063496597,99.4701615974106,1,547
0,307.421787374419,803.627650679405,0,548
0,569.79688027886,5.07414461454215,0,549
0,697.31684093656,290.940214183321,0,550
0,634.878773394515,451.492905817678,1,551
0,775.117894926918,794.715678344477,0,552
0,247.03583567115,434.760733855956,0,553
0,583.273139846733,160.322167332407,0,554
0,338.700744581971,705.379353564431,0,555
0,678.077852571924,459.216730727514,0,556
0,657.864861794775,500.746472295848,0,557
0,226.170333138438,80.2256591011773,0,558
0,514.847987360591,618.289541397457,0,559
0,375.67537693794,339.424112617341,0,560
0,534.409285352862,745.134024341727,0,561
0,143.477139796086,593.368709828597,0,562
0,37.46652737892,408.665773923746,0,563
0,747.092871616011,606.394858827437,0,564
0,258.91452560797,713.506710668071,0,565
0,731.686999906502,328.315762153936,0,566
0,651.893911487983,718.062984688617,1,567
0,199.909877800761,342.224828011004,0,568
0,558.251313045219,208.395915257411,0,569
0,483.226079502839,438.333696739169,0,570
0,367.760957886452,368.406396048952,0,571
0,578.314300911203,116.194843640729,0,572
0,642.344822907928,666.817760566582,0,573
0,65.3350158815774,420.481957928803,0,574
0,367.434524743358,657.953032525039,0,575
0,45.4727449661627,450.710187022909,1,576
0,554.261799381359,660.346535146654,1,577
0,396.263982351447,357.006276098979,0,578
0,231.956287838219,468.251142894915,0,579
0,337.317130048222,634.814534358047,0,580
0,485.340048932235,520.481413053991,0,581
0,716.29133170494,629.734680805172,0,582
0,773.621540278462,420.089653802768,0,583
0,158.740700599443,626.726082476986,0,584
0,109.340879034025,603.368088161643,0,585
0,249.76597944414,792.631649555213,0,586
0,190.362785981505,402.177286926031,0,587
0,654.666908822665,107.466572992798,0,588
0,630.805641361783,702.43947898459,1,589
0,244.574673233271,258.459877527621,0,590
0,692.861194193536,146.075824343815,0,591
0,641.817709531223,422.024400465297,0,592
0,607.071382191935,423.281377220698,0,593
0,434.543674527227,320.782709614946,0,594
0,34.2324841141531,486.333523134412,0,595
0,361.198200465753,312.442137943685,0,596
0,399.494613105427,605.787206558419,0,597
0,146.701788263933,102.541991433186,0,598
0,496.988327821088,639.663703834948,0,599
0,96.5445581837396,708.304600008235,0,600
0,83.3371115327852,619.678455468209,0,601
0,651.477850538218,382.050320573313,0,602
0,577.902981110077,211.294732434171,0,603
0,697.377500088328,439.218635206854,0,604
0,175.285811001039,777.382595263586,0,605
0,41.4317408028449,327.002019655219,0,606
0,725.060468715222,672.652866843889,0,607
0,425.763995726496,551.814714452215,0,608
0,449.948425191932,537.13542662244,0,609
0,557.767909093131,135.389029629992,0,610
0,555.820199244246,766.692668931384,0,611
0,449.00513788667,603.420703511029,0,612
0,216.879325897983,415.689921086376,0,613
0,668.517667368287,409.278101501152,0,614
0,342.009522337641,783.249846320549,0,615
0,445.403382609393,650.236262239844,0,616
0,134.363049960992,11.9295758653609,0,617
0,781.88489892446,462.644347314133,0,618
0,234.120210422687,164.314240537708,0,619
0,249.490084529523,536.70029131385,0,620
0,589.261475813934,402.882834608532,0,621
0,733.894675545158,479.534963375208,0,622
0,769.759310020581,91.1856947697112,0,623
0,596.672090677506,559.037221454537,0,624
0,597.550459586725,178.919211809596,0,625
0,440.950042815827,213.75227350889,0,626
0,525.793246669062,91.8384364980629,0,627
0,595.795664525891,358.963801970158,0,628
0,231.711615085117,506.851464319209,0,629
0,735.811956088802,547.8034805746,0,630
0,427.48254352391,244.52098877587,0,631
0,293.771493756004,340.716746946617,0,632
0,313.264463322546,497.110981661273,0,633
0,146.519454542262,790.292308097571,0,634
0,504.829036307957,212.842212205078,0,635
0,189.087223358037,263.094792003862,0,636
0,217.673047394511,379.907270986983,0,637
0,286.924638139766,45.6120605632444,0,638
0,486.934624084376,686.427854005452,0,639
0,589.723384892244,674.064946697198,0,640
0,542.329168088668,464.955400354281,0,641
0,399.27032479491,252.552560131704,0,642
0,619.605491532523,512.210901545036,0,643
0,265.244715270908,34.3437740446268,0,644
0,386.657226061681,673.707455336119,0,645
0,750.29122123554,400.495097356634,0,646
0,706.142185210638,416.306026304302,0,647
0,773.167762746096,553.111661005444,0,648
0,565.748291307233,610.598196195532,0,649
0,56.9279982561546,646.55257159565,0,650
0,778.951815377024,131.68657470128,0,651
0,177.893685844244,721.84449021843,0,652
0,662.833639746518,261.026298725223,0,653
0,675.786442424243,759.524236363636,0,654
0,484.762595688819,549.045654985065,1,655
0,143.858197263273,524.295464039409,0,656
0,295.670456676041,435.747858195106,0,657
0,269.735810341457,453.073983719547,0,658
0,690.065491942558,485.069041879068,0,659
0,71.6578414177607,191.748438691838,0,660
0,122.654851524765,505.911180656778,0,661
0,758.547071255727,110.04233429828,0,662
0,737.217379885922,94.2536209608481,0,663
0,25.9399948290528,367.511301120474,0,664
0,292.365479886408,156.374610913866,0,665
0,395.01027219831,434.880383521972,0,666
0,638.224158878467,86.5895390693555,0,667
0,77.0934817907678,351.54755909829,0,668
0,188.992869259943,454.059784491595,0,669
0,54.4209698303309,85.2137321049304,0,670
0,159.524092716963,275.921020730689,0,671
0,50.0264585181899,760.481181603076,0,672
0,540.60454010234,624.622576635019,0,673
0,80.7045819848975,36.2971116504854,0,674
0,463.338284363742,792.763311027899,0,675
0,325.879470099955,448.02279509067,0,676
0,107.766126557657,562.338064813081,0,677
0,296.356009932785,745.589151004055,0,678
0,495.67071988223,274.5930061805,0,679
0,773.200305267869,506.073417721519,0,680
0,363.142932349789,431.16103965702,0,681
0,526.323688675586,584.963739415681,0,682
0,755.389977285109,189.90811968177,0,683
0,460.940563771095,623.506942019222,0,684
0,334.276663804487,260.577664266339,0,685
0,606.95284652951,789.706814214464,0,686
0,650.057982083923,741.993458274399,0,687
0,375.82886374959,769.276018277586,0,688
0,716.266940310316,599.360212771898,0,689
0,789.388222957744,312.982001453514,0,690
0,339.481609108984,189.16365825439,0,691
0,307.433407546893,606.484872238946,0,692
0,669.216288344345,435.210012467692,0,693
0,670.431924638542,27.703775500099,0,694
0,184.790768857,559.348106569739,0,695
0,682.933373885934,611.711986082468,0,696
0,213.020911316371,313.316045262673,0,697
0,133.812662536827,307.731211465883,0,698
0,385.458143960389,316.911202564387,0,699
0,474.351204005079,761.49908069553,0,700
0,91.6893151628299,232.634855130159,0,701
0,310.508104632001,306.320614021909,0,702
0,366.900653675807,252.723495133594,0,703
0,42.6872792992905,607.940874076515,0,704
0,348.149374191064,753.571698137396,0,705
0,228.237866837691,346.900683186871,1,706
0,782.541473090126,610.590504434251,0,707
0,96.1550439853397,61.8175602318851,0,708
0,121.601357808005,663.059880064356,0,709
0,502.469278459833,166.926691053955,0,710
0,475.336148197597,717.268522845275,0,711
0,525.934703184708,253.229214857864,0,712
0,217.560104663776,551.906344769268,0,713
0,768.972422405216,442.167928274692,0,714
0,30.1888454243717,700.844012356009,0,715
0,471.696568865507,81.8542816673412,0,716
0,724.519990573215,436.462471104055,0,717
0,451.054408534488,576.770102214766,0,718
0,570.638524277231,637.304231692512,1,719
0,239.036487135278,102.032089673412,0,720
0,217.626530763643,225.393019274889,0,721
0,595.637319951954,140.00227175715,0,722
0,64.8114764087097,218.486715890446,0,723
0,348.105276416832,350.58092004854,0,724
0,655.449770749885,575.978525467045,0,725
0,777.002163023679,207.562717787281,0,726
0,781.855477757039,36.8537804249893,0,727
0,79.1459391692885,596.887004570945,0,728
0,43.1698347339795,198.825913487098,0,729
0,284.792854736785,365.238535420905,0,730
0,509.351585757638,732.761889783438,0,731
0,447.105369127517,471.486577181208,0,732
0,363.550810123413,488.087196162539,0,733
0,625.346668135869,191.579540283019,0,734
0,439.182264719784,96.3658503025503,0,735
0,479.714941878388,289.129079979248,0,736
0,462.624072201584,350.803292081566,0,737
0,767.275711269853,580.898230110219,0,738
0,300.795291678102,581.804544959508,0,739
0,250.013272269699,223.654214625937,1,740
0,413.893523480788,762.173994004905,0,741
0,206.390926112363,585.639821340109,0,742
0,107.715374111571,331.870928841862,0,743
0,13.0423608334444,84.9520025323204,0,744
0,644.716747425803,522.02105004433,0,745
0,115.697989172467,157.008120649652,0,746
0,549.690378693347,560.641610978311,0,747
0,440.78260126318,440.613772836413,0,748
0,564.411053257028,292.274978891078,0,749
0,59.4096839571854,386.970220476985,0,750
0,117.825059040944,734.554773316037,0,751
0,248.484789435896,302.075111872134,0,752
0,678.9288175701,368.913690911306,0,753
0,204.540523758478,182.779202398969,0,754
0,745.226144644775,454.794441748479,0,755
0,743.365535241328,764.710697112294,0,756
0,524.391183534023,184.384190263289,0,757
0,668.507764599132,556.324635966902,0,758
0,524.608400577542,399.968242748326,0,759
0,81.8703039902717,554.275440133271,0,760
0,277.785362601831,390.355389686739,0,761
0,49.7147696382627,583.795373425976,0,762
0,428.303194135564,48.2016725755422,0,763
0,397.687600224543,205.058287676883,0,764
0,58.6929357956787,533.33802362209,0,765
0,432.383153910354,292.719982352202,0,766
0,700.734189405317,39.6487540877559,0,767
0,424.226140201643,349.017504504098,0,768
0,597.596740909227,17.3436116866348,0,769
0,216.888635493091,669.856865749335,0,770
0,574.542657657987,323.850445681025,0,771
0,529.793720003241,704.376371520335,0,772
0,173.063643084202,354.308678938419,1,773
0,258.080415080812,128.603581860904,0,774
0,744.047522449421,305.174123820252,0,775
0,135.913226562634,70.4469953630033,0,776
0,563.005582041318,87.0477344657666,0,781
1,530.597586029789,777.645782720624,0,1
1,562.29370789083,389.24383002309,0,2
1,700.652757252326,115.236338259442,0,3
1,746.108704883227,647.589596602972,0,4
1,299.265088217793,462.076988993462,0,5
1,289.220714711844,684.340599768037,0,6
1,707.583806445583,345.996303543593,0,7
1,312.923948241539,176.920450121654,0,8
1,113.437419354839,240.56883856486,0,9
1,167.681330852383,795.423014870932,0,10
1,687.977149723122,639.546679702076,0,11
1,244.244642107,600.907236749983,0,12
1,753.686442863495,525.644623536386,0,13
1,260.361398206559,654.198875025541,0,14
1,575.721883443577,238.076048556892,0,15
1,695.454631180831,391.110770128947,0,16
1,605.539143782947,705.790340082641,0,17
1,759.926597396785,774.78324558924,0,18
1,673.590002909376,731.265632823177,0,19
1,17.7690645640687,724.785389971378,0,20
1,143.544627739614,556.316586032058,0,21
1,463.578109539829,163.26099178502,0,22
1,684.649863630819,521.745682804413,0,23
1,694.08130225928,669.821866967732,0,24
1,484.641100490244,385.501934746427,0,25
1,8.34964104118138,310.551677230364,0,26
1,76.8374189987305,659.179831465842,0,27
1,550.328571903305,431.924867645745,0,28
1,371.536340900408,219.334762393212,0,29
1,76.004243281471,149.820367751061,0,30
1,123.313982933579,388.761341738417,0,31
1,790.932587648283,379.688233706727,0,32
1,203.432132765967,506.577225262321,0,33
1,499.893718453319,410.482824994612,0,34
1,187.965966659589,111.252558435793,0,35
1,589.165977961432,770.00160697888,0,36
1,302.235339779114,124.642298471092,0,37
1,444.679759330604,690.411222152707,0,38
1,338.081365074405,653.414715318632,0,39
1,257.488867610128,78.7174497000676,0,40
1,516.120002267597,16.3864767038759,0,41
1,90.1205882352941,172.406860640123,0,42
1,415.681985447394,457.054127433628,0,43
1,385.666075588671,630.665763202988,0,44
1,582.577103559871,716.189185706257,0,45
1,733.144370532713,31.4194940904913,0,46
1,9.1673476912889,786.474629010896,0,47
1,630.064279850424,326.527763702639,0,48
1,406.259737103175,335.179055059524,0,49
1,606.648748092721,213.870594446739,0,50
1,225.422511769064,656.076120151982,0,51
1,118.766017263276,214.005108652313,0,52
1,641.257030960898,789.7410324411,0,53
1,269.153504309206,415.30388292669,0,54
1,704.864230969831,83.0862637219972,0,55
1,139.859575598281,774.445247556172,0,56
1,728.713695090439,183.95142118863,0,57
1,758.292941604123,9.54682575320204,0,58
1,762.697342008468,728.535631101342,0,59
1,721.055589453861,507.400199623352,0,60
1,150.963156657752,26.6082883539995,0,61
1,782.177541029654,353.806218901729,0,62
1,110.415651214467,26.9797289146666,0,63
1,37.5826283670034,239.99698372615,0,64
1,149.713627291084,675.993362651445,0,65
1,547.981146322379,529.010954616588,0,66
1,90.5165721429744,122.202505883416,0,67
1,228.728029071974,32.6314702765644,0,68
1,727.464313142574,783.089111854329,0,69
1,286.37927991843,661.152111497728,0,70
1,273.71662518076,623.556011900529,0,71
1,357.127709312039,404.515209798585,0,72
1,372.016435666623,28.1796741626587,0,73
1,422.203488612836,532.143526570048,0,74
1,434.913626925011,395.361397872045,0,75
1,473.827767984765,58.6828480582747,0,76
1,576.490145577331,749.318698185244,0,77
1,306.612683891426,714.998256428505,0,78
1,655.854515816233,696.862164216264,0,79
1,467.766846365713,413.701868006372,0,80
1,458.623139772396,301.477081509581,0,81
1,169.41094405508,700.532953726778,0,82
1,237.717203964844,578.989019795078,0,83
1,784.197898454674,75.2750827417401,0,84
1,19.3538356323846,159.870928849975,0,85
1,365.469436150512,623.865242259875,0,86
1,489.962666643522,345.04135710318,0,87
1,363.995008875148,157.168066684361,0,88
1,99.5715975473843,635.653316066379,0,89
1,542.388015998236,280.400235139277,0,90
1,729.257250339557,583.060200158184,0,91
1,86.9860557083558,520.540084947518,0,92
1,621.659717816248,395.483844426317,0,93
1,568.754805607493,584.075674382675,0,94
1,44.4134677171514,169.562142038946,0,95
1,768.583682817764,295.916134424323,0,96
1,614.555832665301,84.9310701879398,0,97
1,222.16170108017,742.217097283762,0,98
1,482.451550313787,181.979871523061,0,99
1,130.469062835853,638.261988249624,0,100
1,343.889631971466,239.187177143432,0,101
1,773.079326408606,638.288486294019,0,102
1,335.656330247862,51.3448591501207,0,103
1,624.837873924081,160.861438240749,0,104
1,226.069740288802,771.940948939699,0,105
1,487.319307263656,613.960694374522,0,106
1,580.787355001643,23.2349377126596,0,107
1,48.1536703643087,725.935198318886,0,108
1,543.188347354516,64.6861779390459,0,109
1,736.407918582641,146.106383474293,0,110
1,367.265178604307,190.813954412343,0,111
1,474.874050924047,327.411310441865,0,112
1,517.127685513466,554.470425659845,0,113
1,308.325641443141,540.406100993074,0,114
1,656.342615782151,327.523404366611,0,115
1,10.446136977058,397.517903733693,0,116
1,125.492001768656,183.542729431516,0,117
1,117.145119012213,270.684173287636,0,118
1,156.176943336154,426.932315318583,0,119
1,678.579635890313,98.1912989971259,0,120
1,41.2352281441278,783.564488541136,0,121
1,300.432561254428,520.745361148453,0,122
1,143.202806122449,752.856682256236,0,123
1,772.672488438603,666.285152732141,0,124
1,154.355293985853,400.573719979942,0,125
1,240.961285265324,731.522248713091,0,126
1,712.828099265031,233.35174296762,0,127
1,655.170132971523,771.950976825053,0,128
1,266.386133363601,281.801759725131,0,129
1,84.6768601619943,683.478131330851,0,130
1,336.76408364999,83.4902886882753,0,131
1,210.434663864396,153.448617747347,0,132
1,339.892707169223,164.445132701054,0,133
1,626.946940796331,41.6615045861997,0,134
1,125.434116634411,424.821974958565,0,135
1,56.3374128279701,364.00729743253,0,136
1,154.82883920677,171.284777377795,0,137
1,444.74065961683,721.383429093249,0,138
1,799.862645008856,179.236539865262,0,139
1,625.813169023109,235.719906596614,0,140
1,172.878244328658,755.023452817062,0,141
1,521.270431438999,503.727155746727,0,142
1,573.371441540317,540.815782857366,0,143
1,236.842699223696,197.905679908447,0,144
1,198.02395840652,480.376279303965,0,145
1,671.006070971003,55.4956637320702,0,146
1,141.95889041514,487.664384920635,0,147
1,558.298390095021,26.3309412439441,0,148
1,175.462416077156,592.743272768411,0,149
1,796.135046542492,407.710875691796,0,150
1,32.0775326589226,649.399025613825,0,151
1,303.527254667376,227.154940993147,0,152
1,159.165352084729,246.025043199312,0,153
1,751.466008195563,354.107296170694,0,154
1,267.192905029044,205.498041497573,0,155
1,335.877683620854,727.060956955137,0,156
1,699.203142131687,12.8217996241142,0,157
1,633.466265243772,119.034899762279,0,158
1,56.7722269544819,58.936654597449,0,159
1,186.666094663364,528.014666867944,0,160
1,111.668275204407,686.258310235267,0,161
1,164.533659672777,84.0409060495884,0,162
1,475.09487519836,223.582432898112,0,163
1,635.178075130663,553.414321473672,0,164
1,174.412972914302,308.245931505952,0,165
1,781.610760880237,765.747041355086,0,166
1,416.810441849643,271.485490817795,0,167
1,141.864576350563,705.656921398115,0,168
1,651.286013290489,637.72150304938,0,169
1,279.692050353346,113.554416189429,1,170
1,194.870757351016,86.2137448012099,0,171
1,645.217313596491,293.131445374801,0,172
1,215.102181928947,51.8951161771622,0,173
1,747.577939150278,221.933112937428,0,174
1,45.7260340358994,627.874117776207,0,175
1,783.485981963184,271.971954641222,0,176
1,283.677043281318,786.943656587393,0,177
1,449.9167088713,267.976104192973,0,178
1,151.718167330586,330.504773443694,0,179
1,299.489216741207,630.700175485418,0,180
1,98.5731755752231,201.327488518795,0,181
1,665.069248981581,131.659388600675,0,182
1,390.879574578619,384.306129124474,0,183
1,518.97212593391,280.773417877487,0,184
1,259.968803716609,754.351206445993,0,185
1,502.937401293003,242.94186413306,0,186
1,383.561027522504,408.055838757283,0,187
1,785.07627286654,335.560144633685,0,188
1,766.157682997263,479.661258828135,0,189
1,709.958760287332,695.457197904137,0,190
1,269.859540811335,15.2960384278805,0,191
1,651.403664819912,474.161213120281,0,192
1,414.709265339525,697.176888908609,0,193
1,503.879695106495,777.636315702243,0,194
1,80.8315721511637,292.758723773285,0,195
1,394.455345351833,519.45192872049,0,196
1,284.948806818024,82.1747221894463,0,197
1,370.348378002467,57.7961374227241,1,198
1,320.122751417747,361.786182701219,0,199
1,135.78432462938,258.359841065428,0,200
1,496.917418683707,313.010388918817,0,201
1,178.428008443843,232.152319830975,0,202
1,419.078656677617,21.6005408109407,0,203
1,628.2095929681,730.509917498352,0,204
1,168.752194668717,657.932654107395,0,205
1,695.545360802958,717.967323402007,0,206
1,304.179798850575,61.8700957854406,0,207
1,492.713610023134,98.9995905769715,0,208
1,551.974475081418,173.381451825604,0,209
1,377.479910361832,695.079940187239,0,210
1,768.728740759991,384.941910660661,0,211
1,492.551472239244,23.4418658890439,0,212
1,681.195781062038,125.30364610185,0,213
1,308.133996342791,386.473432130343,0,214
1,33.8341502503392,511.209110281846,0,215
1,335.711795805639,559.187135876658,0,216
1,592.385459068295,97.48842152872,0,217
1,666.504150955254,152.789434074912,0,218
1,27.0119235142202,125.83395526127,0,219
1,319.220447828073,553.296315564977,0,220
1,296.467937326313,96.1882532543513,0,221
1,438.468888435409,194.43664813067,0,222
1,38.9022610323832,217.022604711102,0,223
1,708.51257754978,55.4944778903633,0,224
1,399.485037019105,33.357088099417,0,225
1,310.95369839325,768.44036553303,0,226
1,345.4754190294,137.445486324611,0,227
1,67.6677538980929,243.763243728797,0,228
1,652.884927664145,605.247332519149,0,229
1,200.838375148387,618.172173093425,0,230
1,160.401799402302,472.860942118983,0,231
1,10.4274899845134,678.223368045762,0,232
1,184.601680458769,37.579945799458,0,233
1,272.503209665301,245.218025520738,0,234
1,337.848168846656,478.318536748397,0,235
1,270.429292929293,151.032407407407,0,236
1,106.503452848212,479.760274681487,0,237
1,802.993519850208,434.814223494613,0,238
1,543.913165955287,238.454931626023,0,239
1,108.116420386714,442.534442441249,0,240
1,702.293871790202,250.251642080981,0,241
1,165.04952415844,507.422793403492,0,242
1,166.194433333037,136.314543202634,0,243
1,238.935744762612,678.720063727002,0,244
1,697.886777203799,264.999312614564,0,245
1,619.766649103308,266.28905244115,0,246
1,83.9831443425661,455.177010736831,0,247
1,709.819984794178,131.866927337895,0,248
1,791.734228395062,104.016774691358,0,249
1,615.355839458914,536.08983271099,0,250
1,524.45218295314,351.675951066947,0,251
1,603.447066826269,487.812227686519,0,252
1,732.712520637771,64.9532559738456,0,253
1,167.31173138627,114.329709966381,0,254
1,192.518956286554,641.194770782857,0,255
1,621.424749102095,16.6335120551288,0,256
1,626.786320957602,617.102790033301,0,257
1,629.269282010496,487.87879237212,0,258
1,672.884117017238,170.269415737418,0,259
1,147.271574009123,203.134327458032,0,260
1,335.758675534991,385.896298876562,0,261
1,204.753892175301,684.118841230485,0,262
1,473.48190712153,477.739628994346,0,263
1,439.154492201547,780.993568043331,0,264
1,76.7182573166147,726.62374827113,0,265
1,770.641251803586,234.086997944448,0,266
1,320.113887323315,690.163107667285,0,267
1,456.294380916675,114.680585496923,0,268
1,601.722813578826,238.129276946682,0,269
1,534.368957187191,151.573808012414,0,270
1,276.7799893003,729.337487944,0,271
1,571.068834688347,353.442276422764,0,272
1,595.037560616787,629.545598386812,0,273
1,263.467275556275,689.63672134981,0,274
1,467.013640411558,22.9714326606555,0,275
1,77.6822596511301,9.09371054998309,0,276
1,364.069478360501,106.595319935612,0,277
1,543.043553920406,374.477205023793,0,278
1,296.445824644147,195.611029852514,0,279
1,132.732584742739,457.570521301648,0,280
1,408.381427389589,127.874299987272,0,281
1,471.497466481509,199.828559738134,0,282
1,322.456666697833,230.382307795397,0,283
1,377.657811820641,558.083431678685,0,284
1,386.89512147819,286.161901865369,0,285
1,324.712314652843,125.983518337043,0,286
1,429.654890269126,746.709551263256,0,287
1,458.391392524246,512.183728617515,0,288
1,212.274591102375,11.483649286639,0,289
1,32.6168095338177,52.1160301447187,0,290
1,519.086261774028,311.499630038838,0,291
1,550.798247772128,340.583220865843,0,292
1,732.926360544218,121.919806957871,0,293
1,294.540987601372,20.5273358979691,0,294
1,659.101065589241,230.315914740065,0,295
1,628.530723200603,763.773813930232,0,296
1,50.7305980198802,22.9832773056674,0,297
1,410.736864382139,300.935282658359,0,298
1,683.365313583597,335.030819387909,0,299
1,18.514809021388,770.719586553797,0,300
1,44.5074811153663,148.50672718478,0,301
1,648.150756809601,168.811566208198,0,302
1,670.120598971296,209.874453846579,0,303
1,420.794269842622,419.327414852038,0,304
1,675.196047261327,696.668971896894,0,305
1,13.4863588767823,190.676815834665,0,306
1,262.698684275952,581.095668357272,0,307
1,242.182275798863,398.012582681708,0,308
1,250.567611882716,177.532972332451,0,309
1,625.589299387834,586.580955305776,0,310
1,119.501584327857,122.562990994866,0,311
1,399.980850340866,156.59859611272,0,312
1,20.2907103875519,437.139738530605,0,313
1,788.76433064848,247.583225547259,0,314
1,15.8101705052985,599.916572815954,0,315
1,25.2243535830584,749.162762766001,0,316
1,485.228501212313,582.42414643949,0,317
1,197.679037146428,762.092332787985,0,318
1,673.022232368292,658.199874255262,0,319
1,332.304642108967,419.050059532577,0,320
1,366.454406601609,455.397775965499,0,321
1,792.890956072351,487.814211886305,1,322
1,515.374219976929,529.11450472299,0,323
1,594.968292003183,525.439061133761,0,324
1,505.673620552653,60.2453268179075,0,325
1,558.950394417476,710.182777881504,0,326
1,765.011539537649,170.799074598678,0,327
1,67.4415032454055,701.731269580663,0,328
1,281.819844142561,572.795644407702,0,329
1,183.978573570358,158.714235025344,0,330
1,636.383828413862,59.2967339307723,0,331
1,446.506830144074,26.4251647812467,0,332
1,722.072907128643,754.669096955158,0,333
1,720.206103846194,383.350141350011,0,334
1,245.943764537484,328.857973570534,0,335
1,527.574438970991,667.462055743675,1,336
1,715.079614460877,545.96154658071,0,337
1,47.7182089754905,285.148835253204,0,338
1,305.440881104815,414.576201339319,0,339
1,268.760881914084,330.165337529609,0,340
1,82.5403449944542,392.818008573472,0,341
1,605.996592257434,318.362405595649,0,342
1,555.083216345171,736.71690345663,0,343
1,750.432175965123,679.199358869259,0,344
1,242.178488520874,366.826222855889,0,345
1,6.06443317850811,143.956453574411,0,346
1,410.601725910693,632.000217880924,0,347
1,604.504061581141,736.148430232609,0,348
1,7.0707071718392,572.952760034145,0,349
1,340.340425084175,112.709375,0,350
1,485.364877858748,134.585324705172,0,351
1,597.429388585959,261.779407174855,0,352
1,116.012174080881,531.286481821818,0,353
1,735.569266550129,284.774220019587,0,354
1,496.244712883539,486.032858328722,0,355
1,366.241038711584,716.104757683215,0,356
1,314.438578475788,76.4060818595702,0,357
1,607.052111542839,45.6952951450214,0,358
1,147.526826512117,146.58762036892,0,359
1,101.01152457581,408.172248105581,0,360
1,382.141856731359,139.389915946546,0,361
1,743.565275629035,425.073403081205,0,362
1,27.8417457004348,292.165002629115,0,363
1,610.102524300307,122.490908970809,0,364
1,689.358511063838,545.843609277744,0,365
1,426.428660941114,600.609583665112,0,366
1,389.322669418645,487.632723399751,0,367
1,85.2706651581372,318.862429459287,0,368
1,562.056722051104,799.068608356604,0,369
1,752.07630676364,43.1444463350977,0,370
1,63.3395136198192,270.573525008806,0,371
1,694.959491043682,579.432594604717,0,372
1,446.208724591124,61.3744073931706,0,373
1,631.593003172732,140.189735580512,0,374
1,318.273348567467,147.050325800739,0,375
1,16.9500337519287,509.721101027201,0,376
1,458.690101804825,379.877643373239,0,377
1,231.749638858794,705.823297661427,0,378
1,390.397453703704,464.506913580247,0,379
1,726.27740391054,164.438545898249,0,380
1,322.036500316106,583.106547336811,0,381
1,688.432740780418,222.475273679101,0,382
1,18.6336309128429,25.9575643648537,0,383
1,356.631128630139,677.616572561076,0,384
1,504.406416442546,458.320297421294,0,385
1,340.888937638938,608.754582504582,0,386
1,197.77780022969,738.906824564841,0,387
1,48.279805931443,677.460343460787,0,388
1,761.949924886861,64.9348355961166,0,389
1,472.605241894095,258.128698472034,0,390
1,568.942857325068,268.133675799087,0,391
1,604.890235350624,610.589984790266,0,392
1,590.494193196992,592.242383512545,0,393
1,527.619551282051,642.85032051282,0,394
1,217.257435040099,447.62671464025,0,395
1,697.681775513125,164.54634301775,0,396
1,349.640347595746,214.872388145212,0,397
1,245.389416306843,53.6040728206325,0,398
1,531.708547741567,209.600657518582,0,399
1,387.7008165492,178.935884609631,0,400
1,515.817883558246,476.399007199161,0,401
1,107.626701301332,296.866587232621,0,402
1,715.207151991231,208.406202046036,0,403
1,702.922061219655,301.526015452378,0,404
1,88.737915054108,266.50338671553,0,405
1,624.647774817962,349.654893576306,1,406
1,86.7771133340134,779.908516940821,0,407
1,326.594500350135,27.285543201267,0,408
1,58.5911274707752,304.545651746239,0,409
1,312.202316754395,669.129590838018,0,410
1,346.825356817492,578.502197843911,0,411
1,243.662014331402,631.279555502947,0,412
1,257.955959854813,374.713986232051,0,413
1,651.600822488203,22.8644665513342,0,414
1,453.181019446005,330.187433530137,0,415
1,351.039374720015,12.1869133415593,0,416
1,740.710574909197,251.260257429942,0,417
1,121.809461891217,794.039963751991,0,418
1,285.50500010918,538.565563170006,0,419
1,369.351846863963,586.81406266784,0,420
1,584.21261056065,501.390238277493,0,421
1,27.0153534920369,262.337030722673,0,422
1,427.906288156288,141.158567007705,0,423
1,291.159343559978,285.63001381979,0,424
1,411.001305147268,723.43736643022,0,425
1,181.878843879768,67.4934414789759,0,426
1,583.826579434311,64.3650615325873,0,427
1,604.652838996021,70.2191307009489,0,428
1,554.503144376855,46.2729225440066,0,429
1,700.280548136567,746.637198807171,0,430
1,612.350238423275,677.942811217673,0,431
1,365.944839475915,797.165158052635,0,432
1,126.509650565273,346.517548244966,0,433
1,632.032807974675,683.910121012101,0,434
1,506.788774434491,131.786391162237,0,435
1,321.222180175221,204.996903811752,0,436
1,173.507043963678,183.303577979019,0,437
1,215.96766924209,636.550827650321,0,438
1,186.149216661717,133.513611276111,0,439
1,147.363659425303,227.877140616867,0,440
1,471.768194571845,122.683150776093,0,441
1,664.067509788791,535.461968047101,0,442
1,396.958380251748,547.320278158885,0,443
1,802.722468188377,59.2308537422174,0,444
1,532.821158928096,125.448245434774,0,445
1,232.794873732793,135.432838039382,0,446
1,685.316227290197,184.206954785588,0,447
1,649.923354690608,139.132223065857,0,448
1,702.043450197778,195.324034621764,0,449
1,611.685053380783,654.874851720047,1,450
1,744.936983220289,269.95077303079,0,451
1,452.06398751444,236.258115271334,0,452
1,519.304388717887,38.9875394813608,0,453
1,622.634217000358,644.363118642315,0,454
1,433.634274987351,124.849101502763,0,455
1,739.795924605196,741.051232726067,0,456
1,523.158966295558,436.662151599607,0,457
1,713.172202760085,458.499087048832,0,458
1,27.1109706372293,541.677214017553,0,459
1,729.384280421743,216.720566877131,0,460
1,427.125002028315,160.282467242708,0,461
1,545.001699269671,315.928741532034,0,462
1,720.428067837686,304.94111298456,0,463
1,660.822838777384,183.946239997376,0,464
1,372.465387946124,528.671133282971,0,465
1,404.113468428124,102.663233318406,0,466
1,6.83510454138589,249.004486075223,0,467
1,739.398783210277,713.701824794754,0,468
1,419.323278953714,62.7291332834811,0,469
1,406.923852255159,578.583978624723,0,470
1,656.981700907788,199.140066721989,0,471
1,478.640591538423,456.002739180238,0,472
1,149.372987891313,729.501198223269,0,473
1,763.903483669645,262.462106611813,0,474
1,416.779833333333,481.643966666667,0,475
1,420.411807304268,184.819582284106,0,476
1,782.657357228102,705.353965315412,0,477
1,798.438458340662,582.59181647471,0,478
1,631.081922398589,369.968540564374,0,479
1,665.971708392261,303.863034005917,0,480
1,532.83700691208,30.3485278646294,0,481
1,731.269922983852,360.515658116838,0,482
1,406.741547305268,791.864409142805,0,483
1,175.911975007711,209.330820381338,0,484
1,7.98677382548122,214.237753278337,0,485
1,147.958498229289,368.340680955285,0,486
1,4.89451971264696,705.703938718344,0,487
1,260.069792236818,556.175159642401,0,488
1,365.297073302618,82.8474883270657,0,489
1,454.595125168829,177.855498319565,0,490
1,305.136433860257,260.894249802781,0,491
1,720.305202080443,720.326374933555,0,492
1,205.974437624246,788.014234645834,0,493
1,240.809311501895,7.09955156486257,0,494
1,721.102285425676,263.398718393889,0,495
1,397.514826802105,735.482326677621,0,496
1,432.732583283798,505.2082327905,0,497
1,482.614202804009,249.326827446778,0,498
1,272.160055859566,180.87108025499,0,499
1,407.268793750451,76.4239716388829,0,500
1,558.291485336784,491.858182061737,0,501
1,140.758802494802,123.203718641719,0,502
1,360.377197274545,539.633014702428,0,503
1,411.366035739961,221.75813631851,0,504
1,574.869758019758,42.2321604321604,0,505
1,758.764652529783,701.488559492083,0,506
1,5.02550773865486,471.796091751837,0,507
1,386.040886287625,117.898076923077,0,508
1,208.260133263469,118.763506737068,0,509
1,379.632446175851,724.89682324601,0,510
1,8.19036705334791,344.396062276444,0,511
1,187.6023031065,4.72381488568514,0,512
1,800.100931680803,525.042357658185,0,513
1,310.366708399048,7.81849936859449,0,514
1,457.837780642809,136.965163827681,0,515
1,522.748293995353,596.167948038536,0,516
1,346.103473035282,507.55064430078,0,517
1,150.555801438882,50.2849584845471,0,518
1,101.025769995324,378.070635624434,0,519
1,478.434118713793,154.667612688773,0,520
1,5.14337415479787,176.307977269458,0,521
1,801.584095625985,666.136795874101,0,522
1,326.535804631031,528.786588450816,0,523
1,165.095519627472,12.4892099277051,0,524
1,545.449494419798,801.836495758766,0,525
1,5.4600716991342,44.8949945887446,0,526
1,691.581886903752,316.965449827479,0,527
1,799.30122719044,744.570379013786,0,528
1,698.066903783906,781.29661422504,0,529
1,758.519824264755,321.776337573188,0,530
1,604.995908386487,380.822147980148,0,531
1,637.465337592173,179.458568607867,0,532
1,440.664340096728,364.294668631452,0,533
1,731.910164983772,6.28312898184878,0,534
1,217.75265169613,716.963789194608,0,535
1,780.801387752259,8.25453442681943,0,536
1,193.131177744649,663.949154199668,0,537
1,38.8146497732049,564.713364669307,0,539
1,581.307032234217,440.08288448337,0,540
1,7.01962409598607,280.453670970015,0,541
1,439.636951953694,803.889286374203,0,542
1,331.065481663091,3.65194411608754,1,543
1,412.67977524094,373.534737188378,0,545
1,94.1015530013059,88.3204488824845,0,546
1,110.566135720653,99.9795227299151,0,547
1,307.833420592226,803.552757090149,0,548
1,571.391729604818,5.7582785811674,0,549
1,700.071266273643,281.493859002702,0,550
1,635.309405800323,452.000111885592,0,551
1,775.061840791682,795.113164165735,0,552
1,246.905564791283,434.230674293042,0,553
1,583.27549833533,160.882898048417,0,554
1,339.051862355307,705.51381316712,0,555
1,678.61322144282,459.511180794991,0,556
1,657.772744587991,501.067628438853,0,557
1,226.764696725931,80.9653470858784,0,558
1,514.992563197149,618.745101533452,0,559
1,375.647485772313,339.594875841059,0,560
1,534.655241411166,745.432776917374,0,561
1,143.229153015595,593.703357099874,0,562
1,37.6047483089557,409.217512873858,0,563
1,747.474675848815,606.914879991459,0,564
1,259.218005196165,713.615877012359,0,565
1,731.520055325034,328.909635776856,0,566
1,651.291434862508,717.894411165111,0,567
1,199.280155865227,343.333142914361,1,568
1,557.90435553822,207.954056346487,0,569
1,483.417382885034,438.893025271013,0,570
1,367.837884858564,368.426695880546,0,571
1,578.379491225156,116.568214951374,0,572
1,642.413701877948,667.147070823197,0,573
1,66.3057506725933,421.53456837057,0,574
1,367.57740330826,657.955001692572,0,575
1,46.1781597434229,450.943036162794,0,576
1,554.666791802152,660.19447546412,0,577
1,396.042452761203,357.729436010686,0,578
1,231.19445144821,467.957836656662,0,579
1,338.200405844156,634.440097402597,0,580
1,484.718166518371,521.053186279581,0,581
1,716.781881351632,630.374429971031,0,582
1,773.130009034604,420.295138730148,0,583
1,157.932059176795,626.158712711986,0,584
1,108.839130630208,602.882436916655,0,585
1,250.315377616015,792.85723247029,0,586
1,189.49439169176,402.173762621131,0,587
1,654.47438614832,107.664726121821,0,588
1,630.110975753126,709.42154855133,0,589
1,244.771929901411,259.128010816746,0,590
1,693.126967187002,146.594904605147,0,591
1,641.541113957856,421.708157459803,0,592
1,606.966513483866,423.3945435273,0,593
1,433.610124107994,322.246858657289,0,594
1,36.6225318902112,486.597886232454,0,595
1,361.678914249672,312.547349163017,0,596
1,399.025406070816,605.618734088034,0,597
1,147.655300046134,103.234399730296,0,598
1,496.946257841032,639.871079484099,0,599
1,96.9563724198507,708.610978480457,0,600
1,83.7831850497664,619.794344331273,0,601
1,651.369501058202,381.899645088714,1,602
1,577.490896589659,211.29317735345,0,603
1,698.195647539658,438.684191181876,0,604
1,175.71006359568,778.114143166089,0,605
1,40.6199026729979,327.028534838378,0,606
1,725.554124036883,672.478422300725,0,607
1,425.872173263245,552.629970624614,0,608
1,450.902673626613,538.145298757249,0,609
1,557.953718441192,134.947533142059,0,610
1,555.680513351324,766.864958370814,0,611
1,449.523527869998,604.186042673811,0,612
1,216.123529978793,416.125975997687,0,613
1,667.899413198395,409.384110139363,0,614
1,342.190891726981,783.674097500207,0,615
1,445.576745904354,651.200119748274,0,616
1,134.081027433081,13.2677715238691,0,617
1,781.919262821858,462.790732400617,0,618
1,233.935358842064,164.503664055537,0,619
1,249.703275924196,536.744939967045,0,620
1,589.824463850326,403.050621313552,0,621
1,733.786206105615,479.30611113275,0,622
1,769.581175654946,92.0341588056752,0,623
1,597.774043366841,559.872083331918,0,624
1,597.324464035716,179.303567396339,0,625
1,440.500429611541,214.265759960204,0,626
1,525.759876878121,92.1553809073449,0,627
1,594.627567093501,359.153668465433,0,628
1,231.693262276361,507.662178023094,0,629
1,736.046128192033,548.49231835206,0,630
1,427.358175031414,244.254758912952,0,631
1,293.184022907901,341.473509984639,0,632
1,313.389550115927,497.310697342607,0,633
1,146.541561137908,790.507397091675,0,634
1,504.567591483633,212.793840065881,0,635
1,188.397567354634,263.240686137959,0,636
1,216.89828131264,380.451374300823,0,637
1,286.819857256324,46.1421053647054,0,638
1,487.647832444643,686.880365779392,0,639
1,589.93220985897,674.462773083745,0,640
1,542.783436517618,465.017944118714,0,641
1,399.538952020202,252.652654837852,0,642
1,619.139093683061,513.161506383746,0,643
1,265.361086589233,35.0511427195369,0,644
1,387.377618344746,673.140722503179,0,645
1,750.385464053053,400.945148935616,0,646
1,706.630924635872,415.851126874764,0,647
1,772.794981371904,553.245324713273,0,648
1,566.619556591656,611.227372165761,0,649
1,57.6886401710192,646.49575072714,0,650
1,778.979167560554,132.154352047965,0,651
1,178.649602003811,721.793780279282,0,652
1,663.167083647641,262.603516050624,0,653
1,675.413673318551,759.990364005913,0,654
1,483.974995926056,549.354795683575,1,655
1,143.477815384615,524.8664,0,656
1,296.361083242457,436.233284260269,0,657
1,269.234180324172,452.536074014663,0,658
1,689.988878634335,485.539201954397,0,659
1,72.6051383619006,192.18309253526,0,660
1,122.100763411044,505.935414170461,0,661
1,758.500996418669,110.200879715205,0,662
1,737.450672048614,94.3741827113835,0,663
1,26.7628709606274,367.854674835541,0,664
1,293.047423371647,156.817528735632,0,665
1,395.017080508216,434.939097082239,0,666
1,638.645896462701,86.2446504815808,0,667
1,77.360931933218,351.637046925278,0,668
1,188.02058998173,453.190405755177,0,669
1,54.1734412220181,85.2046335026008,0,670
1,158.822354694137,277.024512762215,0,671
1,50.5392659317312,760.391824656109,0,672
1,540.745017351959,625.196784396415,1,673
1,81.1889848720366,37.1786492707829,0,674
1,463.559144707724,792.650258353607,0,675
1,325.480441101298,448.344186743579,0,676
1,108.244520030234,562.728835978836,0,677
1,295.718805646592,746.067356852434,0,678
1,495.638458173736,275.289489052821,0,679
1,773.515880834859,505.74632128546,0,680
1,363.108745680375,431.644548121702,0,681
1,526.359986174384,581.606630629406,0,682
1,755.755626333325,190.343778983621,0,683
1,460.897661268864,624.4042986024,0,684
1,333.731481481482,261.103643966547,0,685
1,606.756790495027,789.676421494157,0,686
1,649.988649288658,742.167657897751,0,687
1,375.784461660921,770.222482090343,0,688
1,716.828538194939,600.489445947871,0,689
1,789.138383337126,312.888450767441,0,690
1,339.609005019014,189.695998091615,0,691
1,307.920494404246,606.934868697217,0,692
1,669.775064631745,435.635720484287,0,693
1,669.883888225341,27.8557360959048,0,694
1,184.293192741893,559.381294855676,0,695
1,683.601709127984,612.224175489245,0,696
1,213.155312490709,313.35937478883,0,697
1,133.375283929426,308.068003203825,0,698
1,387.047543872238,316.973400586824,0,699
1,475.178731476589,761.478072564545,0,700
1,92.0248395596323,233.157008456747,0,701
1,310.504404993229,306.429310486958,0,702
1,366.938842271157,252.683731790811,0,703
1,42.2419615539452,608.431186090982,0,704
1,347.735296617443,754.443395456038,0,705
1,229.319817954903,348.359380662659,0,706
1,783.29630040452,610.877077248873,0,707
1,97.344318281168,62.7170330137359,0,708
1,121.787757008737,663.155793846114,0,709
1,502.555885697991,167.065029328187,0,710
1,475.471682279469,718.361654306531,0,711
1,526.263432927798,253.509901377305,0,712
1,217.443587149816,551.444124793462,0,713
1,768.089029398589,442.285476756608,0,714
1,31.2510267430755,701.262746502613,0,715
1,471.639094256259,82.7909720176731,0,716
1,723.99429384291,436.504525452676,0,717
1,451.150638564274,577.087802819514,0,718
1,571.125006249687,636.689063463494,0,719
1,239.605392088424,101.772072716696,0,720
1,217.130452011134,226.178396848851,0,721
1,595.240399723733,140.064396097729,0,722
1,65.0665837731998,219.276432971742,0,723
1,348.534801130151,350.994142000965,0,724
1,655.178117765057,575.950059987834,0,725
1,776.810517086698,208.118534717125,0,726
1,781.924418194951,36.9745650976228,0,727
1,78.7819858359855,597.335770693415,0,728
1,43.6380906100478,198.599925239234,0,729
1,284.290595035702,365.741336280177,0,730
1,509.296765475267,733.152459042558,0,731
1,447.541283726751,471.656499206082,0,732
1,364.206252414859,489.170927167853,0,733
1,624.823700183336,191.976257987576,0,734
1,439.616629427829,96.760809334971,0,735
1,479.439446790736,289.660387370245,0,736
1,462.083589462981,351.071452410335,0,737
1,767.099543543544,581.798516516516,0,738
1,300.630144184977,583.138434469265,0,739
1,249.868994062921,224.751978844237,0,740
1,414.174084962351,763.555405184697,0,741
1,205.54794301559,585.134547152194,0,742
1,107.757584612792,332.634469577305,0,743
1,12.730227704702,86.5837950063716,0,744
1,644.924065470077,522.290619243247,0,745
1,115.887135091484,157.598851175202,0,746
1,548.861635815634,560.523647249024,0,747
1,440.579545038328,440.654696386992,0,748
1,564.443748631829,292.656424930419,0,749
1,59.8070046188081,387.674668861296,0,750
1,118.473353152358,735.549900904877,0,751
1,247.8633728001,302.023564981548,1,752
1,678.293501382379,369.097710697929,1,753
1,204.519712559284,182.777036658531,0,754
1,745.862738778461,454.439285671495,0,755
1,743.264357828984,765.584907664651,0,756
1,524.381182078229,184.248111782477,0,757
1,668.447904154154,556.567910097598,0,758
1,524.169382279999,400.670507704604,0,759
1,81.7867108042159,554.379509873278,0,760
1,277.721217529916,390.679407736692,0,761
1,49.6224947546835,583.839746059479,0,762
1,427.48436866883,48.120141316925,0,763
1,397.155804700818,205.648182902686,0,764
1,59.4871220928631,533.992125958944,0,765
1,432.078557008641,292.673198340599,0,766
1,700.789541713797,39.8098400978532,0,767
1,424.102240643724,350.016344072529,0,768
1,597.822675111431,18.0863161708054,0,769
1,216.768411164788,670.048667024512,0,770
1,574.496630345206,324.070098539863,0,771
1,530.726642545103,704.699867062072,0,772
1,171.967469058352,355.566714686246,0,773
1,258.182047497523,128.249621045022,1,774
1,743.043025218951,304.595005555245,0,775
1,563.216324444857,87.1166589240918,0,781
2,531.164734299517,777.444222162947,0,1
2,562.656290875667,388.522672873086,0,2
2,700.414540406448,115.771087363384,0,3
2,746.24218559712,647.590040091823,0,4
2,299.246943646531,462.578842471171,0,5
2,289.885096642054,684.578649248722,0,6
2,707.188341443515,346.818496471633,1,7
2,313.227619280779,176.95974266906,0,8
2,112.833684130252,240.742340009567,0,9
2,168.294105009882,795.60567675661,0,10
2,688.539830767662,639.49366616664,0,11
2,244.122597532989,600.037009147702,0,12
2,753.768520512622,525.390465945344,0,13
2,260.753446498744,654.051033815414,0,14
2,575.80556348957,237.759342301943,0,15
2,695.76556117,390.403001762209,1,16
2,606.158119914833,705.452387150171,0,17
2,760.670126510738,774.81709440725,0,18
2,673.719909741674,731.121812947401,0,19
2,18.3646186420829,724.649561070669,0,20
2,143.201814670562,556.425873255436,0,21
2,463.722331012727,163.062534408385,0,22
2,685.424321802694,521.915371882298,0,23
2,694.670440967153,669.618669421997,0,24
2,485.094629826548,385.222413564157,0,25
2,9.25967257144563,310.612730949609,0,26
2,77.0659280243416,659.806005315986,0,27
2,550.361226884011,432.04710876478,0,28
2,371.496553803739,219.355531384318,0,29
2,76.2553508046223,149.833457874089,0,30
2,122.910844272377,388.02293799735,0,31
2,791.286026661652,379.256164984642,0,32
2,203.60595611973,506.587536436295,0,33
2,499.893667556471,410.748609094741,1,34
2,188.287356345137,111.292854585132,0,35
2,589.518175654111,770.06773621927,0,36
2,302.752258971033,125.728325407119,0,37
2,444.732188218173,691.10478470106,0,38
2,338.456630610589,652.977957296923,0,39
2,257.911169961158,78.2467726193564,0,40
2,515.17656335357,16.3280302483706,0,41
2,90.0844362745098,172.213002299685,0,42
2,415.767026627794,457.333120699709,0,43
2,386.573790670524,630.354254437169,0,44
2,583.053968253968,716.241672607167,0,45
2,733.162421277553,31.3770265588496,0,46
2,9.24549215960255,786.452716193138,0,47
2,630.773944677209,326.298846690994,1,48
2,406.113198670563,335.381846312532,0,49
2,605.777842379812,214.185232072448,0,50
2,226.038575532054,655.146974148061,0,51
2,119.174578627971,214.336484312148,0,52
2,641.969413506486,790.373416151869,0,53
2,269.251582872407,414.659413916036,0,54
2,704.256037488483,83.080238857814,0,55
2,139.807474352159,774.34524859837,0,56
2,728.992180170839,183.408387234813,0,57
2,758.145446697069,9.82635529229041,0,58
2,762.902713228715,728.364104019583,0,59
2,720.705993109388,506.883622739018,0,60
2,150.947188897326,25.7994254619084,0,61
2,782.399543746038,353.676060943271,0,62
2,110.871003019361,27.8248543604786,0,63
2,38.0074078044597,240.015473127501,0,64
2,149.521539369462,675.565577655445,0,65
2,548.915602636535,528.560922787194,0,66
2,92.1476540130874,121.773175864776,0,67
2,228.394555569598,33.7903743021966,0,68
2,727.889782791623,782.938089994532,0,69
2,287.108481649052,661.642552726732,0,70
2,274.343150290298,623.660420936321,0,71
2,356.655070388322,404.94898965077,0,72
2,372.752735239644,28.5895657788796,0,73
2,423.061393586735,532.759278749607,0,74
2,434.799330134376,395.114105232916,0,75
2,474.019413034061,59.0131690816562,0,76
2,576.350525856399,749.380870936215,0,77
2,307.193691700405,714.775582106157,0,78
2,655.455511216994,696.185944014294,0,79
2,468.174244353049,412.99140740119,0,80
2,459.254039184112,300.910574342458,0,81
2,169.937018193031,700.609715600465,0,82
2,238.396943112594,578.820909480462,0,83
2,784.149142095951,75.179594028473,0,84
2,20.1404887383148,159.389657444005,1,85
2,366.077811646931,623.895509371766,0,86
2,489.698556331897,344.56428485917,0,87
2,363.793807113824,156.781186502405,0,88
2,100.392999011828,635.561962516089,0,89
2,542.953461556109,279.312446426992,0,90
2,729.821075790116,582.566782797433,0,91
2,87.1832619138608,519.927999860329,1,92
2,621.485355454188,394.888076891012,1,93
2,569.050531082645,583.736521525278,0,94
2,44.1783024054983,169.062030927835,0,95
2,768.398612450196,296.224220549396,0,96
2,615.11967058579,84.8710548974199,0,97
2,222.310663264666,742.061019470493,0,98
2,482.083430991743,182.524191032133,0,99
2,130.088534824973,637.7876975821,0,100
2,344.18229749658,239.118534269419,0,101
2,773.523949795715,638.229189413065,0,102
2,335.238955889763,50.6085053257419,0,103
2,624.827453125924,160.714092782082,0,104
2,225.813174959978,772.002407457387,0,105
2,486.937988980825,613.053101320363,0,106
2,581.436224873091,24.1741631518508,0,107
2,48.7665953159642,725.771178297137,0,108
2,543.071627174528,64.9044820268707,0,109
2,736.174180274125,145.825516366542,0,110
2,367.152339496952,189.627522578614,0,111
2,474.524834059999,326.892860241643,0,112
2,516.541465131594,554.010511821671,0,113
2,309.386291160129,540.228835346739,0,114
2,656.460295340162,327.252143341119,1,115
2,10.6441561027411,397.554060382145,0,116
2,125.559103701004,183.10231920149,0,117
2,117.037981558032,271.050423678243,0,118
2,155.112136311569,426.303367697594,0,119
2,678.867492345987,97.9092311078153,0,120
2,39.7943473115771,783.632353022879,0,121
2,301.191866342222,520.75928389188,0,122
2,144.395101705326,753.41302922598,0,123
2,772.774716647746,666.587970422724,0,124
2,153.745151436371,400.843864281381,0,125
2,241.68024169649,731.660575018569,0,126
2,712.596595566673,233.517961621778,0,127
2,655.459797921349,772.351213658855,0,128
2,266.264948794781,281.949340437378,0,129
2,84.6832739617416,683.335463452039,0,130
2,336.888903447261,83.6773597907477,0,131
2,210.986258664986,153.132929245381,0,132
2,339.477859620205,164.63084149906,0,133
2,627.599254742547,41.3719512195122,0,134
2,125.041851849249,424.432464717228,0,135
2,57.7537878787879,363.496464646465,0,136
2,154.335960682004,171.747865114502,0,137
2,445.198878177482,722.164485169247,0,138
2,800.03777168738,178.776618908362,0,139
2,625.680654404905,236.386065573771,0,140
2,174.167698685955,754.880799548047,0,141
2,521.312757776751,503.489791771927,0,142
2,573.59953380462,541.091509571188,0,143
2,237.076491868313,198.135236098061,0,144
2,197.41485411542,479.209819143843,0,145
2,671.585679322528,55.4061566835885,0,146
2,141.762921493545,487.844052870045,0,147
2,557.355924162863,27.6635254162736,0,148
2,175.111071553702,592.148289693707,0,149
2,797.766876498129,407.853832099982,0,150
2,32.9374272740173,649.69905633603,0,151
2,303.765605921856,227.038709554335,0,152
2,158.389154693755,246.259514411145,0,153
2,751.338224329843,354.158892511361,0,154
2,267.515049154855,204.929835662209,0,155
2,336.071288083503,727.104586554028,0,156
2,698.751102475874,13.2108639967615,0,157
2,632.669852727505,118.880239681045,0,158
2,56.2697480487401,59.2166261423232,0,159
2,186.513664464711,527.972740318143,0,160
2,112.046719564962,686.222450257157,0,161
2,164.636536470776,83.617607633912,0,162
2,475.274506301117,223.642876760606,0,163
2,635.540806338849,553.004769241393,0,164
2,173.667365286772,308.428080673759,0,165
2,782.260440682572,765.755117731894,0,166
2,417.623966458079,271.0262535821,0,167
2,142.535987986285,705.706591300393,0,168
2,651.38466007521,637.721381388995,0,169
2,281.196777463213,113.932761874803,0,170
2,194.577713663086,85.6238946346864,0,171
2,644.486707193194,294.219969198685,1,172
2,215.502088043408,53.2241629524363,0,173
2,747.970052480108,222.106733536482,0,174
2,46.2066334598355,627.584025142315,0,175
2,783.105920079021,271.929742232346,0,176
2,284.274981457966,787.333806655684,0,177
2,450.860619268446,267.454892701236,0,178
2,151.413775156546,330.580149118975,0,179
2,300.034209216113,630.922576444186,0,180
2,99.5687555951144,200.382274934917,1,181
2,665.244911675052,131.423534956603,0,182
2,390.543852724799,384.450814356488,0,183
2,519.835613886032,280.312100344319,0,184
2,259.960087824751,754.559461029854,0,185
2,503.032409666131,243.053685332755,0,186
2,383.891515695235,408.224087781538,0,187
2,785.632145294373,335.521603387307,0,188
2,766.678289876277,479.927570499814,0,189
2,711.139376719951,695.677231432498,0,190
2,270.297751045113,15.879935093503,0,191
2,651.773027573028,474.518345618346,0,192
2,415.267250661036,697.799092621127,0,193
2,504.248891562016,778.149357294908,0,194
2,80.2750711219138,293.100392833556,0,195
2,394.922076669473,519.015361952862,0,196
2,284.831107856469,81.8841871204436,0,197
2,370.121588981325,57.3845334098322,1,198
2,320.535467362682,362.355967905204,0,199
2,135.497676084678,257.981013987715,1,200
2,497.931981528287,313.465629058107,0,201
2,178.452469329524,231.694608272822,0,202
2,419.440333575254,20.7387215857763,0,203
2,628.048843261519,731.156649875514,0,204
2,169.387101911971,657.373616808979,0,205
2,695.627925025329,717.639076798379,0,206
2,304.090169705723,61.5021609396,0,207
2,492.92005717442,99.1897744166505,0,208
2,552.357796344514,172.95873460933,0,209
2,377.982825771459,694.232717800267,0,210
2,769.82106981982,385.344410660661,0,211
2,492.268264440063,23.304849228996,0,212
2,681.563039706211,125.814289197658,0,213
2,307.826482573654,386.472355408676,0,214
2,33.9800139382136,510.651912208348,0,215
2,336.297495590829,559.212557319224,0,216
2,592.432210900341,97.2738047729268,0,217
2,666.295906498758,152.205815281227,0,218
2,27.9976181247226,125.268062086051,0,219
2,319.375886913016,553.290515200169,0,220
2,296.718887823273,96.5711282262063,0,221
2,438.947716154864,194.069426295421,0,222
2,39.7044487071684,217.041706082265,0,223
2,709.137684913076,55.6173472527811,0,224
2,399.944465019814,33.3934144414404,0,225
2,310.901953638617,768.743664905583,0,226
2,346.458584078793,137.387548567814,0,227
2,68.0299662283717,243.371232317074,0,228
2,653.11719893579,604.954556190889,0,229
2,200.403112939973,617.878338060476,0,230
2,159.919124531835,472.169758504994,0,231
2,10.9972233391305,677.982433589711,0,232
2,183.383649742322,37.9681307885318,0,233
2,272.6873261731,244.245453951345,0,234
2,338.078295297561,478.158628712691,0,235
2,270.361489596202,151.080014776058,0,236
2,106.955777413055,479.945407748194,0,237
2,802.967736347495,434.497529340436,0,238
2,543.801406169346,238.490236912835,0,239
2,107.643698345347,442.855730790859,0,240
2,702.36912396512,249.827572021153,0,241
2,164.427362643552,505.957311051385,1,242
2,166.983669924846,136.090318178553,0,243
2,239.518890801001,678.474236313911,0,244
2,697.505199492732,264.790398497708,0,245
2,620.173224579197,266.761993181703,0,246
2,83.5775210957564,455.067459948636,0,247
2,710.36352688172,131.72641218638,0,248
2,791.144286144449,104.432835634706,0,249
2,616.015103164396,536.244118667797,0,250
2,524.879553701313,352.01305349956,0,251
2,603.778389006223,486.853034783959,0,252
2,732.63767673727,64.7835404009998,0,253
2,167.699207837517,114.358786094673,0,254
2,192.538089574285,640.941111090189,0,255
2,621.685434173669,16.7604861299358,0,256
2,626.414216975543,617.186758378968,0,257
2,630.05963903822,488.71556434719,0,258
2,672.814972832178,170.324018789467,0,259
2,147.388335760326,203.453889961281,0,260
2,335.81459687354,387.099065460261,0,261
2,205.454374568878,683.841682765347,0,262
2,472.939224834175,477.261624909784,0,263
2,439.209686893835,780.849392335073,0,264
2,77.2432829256013,726.310030843046,0,265
2,770.521825181376,234.070181687088,0,266
2,321.164717800929,690.040280929272,0,267
2,456.502544937638,114.396001467351,0,268
2,602.085233424735,238.259503972439,0,269
2,534.672204736211,151.436358630487,0,270
2,277.293843290741,729.007157726104,0,271
2,571.189387184194,352.928070635545,0,272
2,593.295523614511,630.575054145981,0,273
2,263.962974876575,690.133944739902,0,274
2,466.960869269594,22.6271766470317,0,275
2,78.5126785070702,9.1718772890563,0,276
2,363.875894360269,106.497748316498,0,277
2,542.693008580428,373.800796133377,0,278
2,297.168893029572,196.340051203662,0,279
2,132.719945946258,458.503767032409,0,280
2,409.16878286791,127.429957957198,0,281
2,471.616728951534,199.707386327463,0,282
2,322.879951587428,230.175694665658,0,283
2,377.818763091466,558.530995219937,0,284
2,387.499034354219,285.738110222773,0,285
2,325.663971817053,126.066191899194,0,286
2,429.781139516739,746.012532611611,0,287
2,458.851342275705,511.96404996504,0,288
2,212.597435706159,11.8523282485341,0,289
2,32.7303362066754,50.6034056799815,0,290
2,519.608600183076,311.145568150925,0,291
2,550.849019716234,340.09634604754,0,292
2,732.572237827715,121.793677311256,0,293
2,295.203329248366,20.3329831932773,0,294
2,659.754040273537,230.344884945703,0,295
2,628.281703331739,764.060925793081,0,296
2,51.1039888853438,23.1087440697356,0,297
2,411.818440827986,300.507507264038,0,298
2,682.750513758272,335.637260536398,1,299
2,19.0498691560012,770.394819017461,0,300
2,44.354695863747,147.359008047913,0,301
2,648.198536119329,168.566093441815,0,302
2,669.586316548649,210.792745760119,0,303
2,421.143665304445,419.509119520876,0,304
2,675.31080889124,695.877003369972,0,305
2,14.1665476673428,190.706087221095,0,306
2,263.025997086598,580.6354631304,0,307
2,242.417017925714,398.002346445825,0,308
2,250.974895833333,177.823715277778,0,309
2,625.583531238858,587.662382238659,0,310
2,120.124078609019,122.339193070728,0,311
2,400.324813687221,156.597224546688,0,312
2,21.2645340895559,437.860207408584,0,313
2,789.079399141631,247.786924177396,0,314
2,16.1173891581816,600.565688398132,0,315
2,26.2641909814324,749.005615663828,0,316
2,485.129218062598,582.132892197408,0,317
2,198.526167095316,762.070938222534,0,318
2,674.166089150346,658.481221751919,0,319
2,332.329340134179,418.897348589284,0,320
2,366.359484453869,455.463418336369,0,321
2,793.193165031671,487.90998147767,1,322
2,514.924624517498,529.273381903664,0,323
2,595.447600257876,525.899434169703,0,324
2,505.619462572852,60.796186291949,0,325
2,559.454518206822,709.1736494746,0,326
2,763.617095973781,171.396678022358,0,327
2,68.2008690170651,701.291891367671,0,328
2,282.575289535927,573.461469406157,0,329
2,183.431657977059,158.451578032673,0,330
2,637.924780704601,58.6355812464028,0,331
2,446.403930355066,26.2493860327718,0,332
2,722.21719273979,755.4944750867,0,333
2,719.811187524298,383.054194864595,0,334
2,245.982761005637,328.417578899341,0,335
2,527.984938110405,667.278150368304,0,336
2,715.688534111425,545.426747146725,0,337
2,47.5405187262012,285.212497393239,0,338
2,304.881697117678,414.320540166335,0,339
2,268.772951915391,330.147635149158,0,340
2,83.6062204118055,392.797247265606,0,341
2,606.931833663171,318.382617019621,1,342
2,555.116846427025,735.788865681422,0,343
2,751.235668356768,679.289575485129,0,344
2,241.312795508274,368.83477710233,0,345
2,7.58117025788776,144.469474302294,1,346
2,411.011255653202,631.29184461404,0,347
2,604.717239836122,735.88943627554,0,348
2,7.46075403887086,572.689418875591,0,349
2,340.428125,112.288194444444,0,350
2,485.826299481838,135.093046108525,0,351
2,597.517229916458,261.596600793737,0,352
2,116.081240521686,531.693844266137,0,353
2,735.450683038522,285.162572928189,0,354
2,496.67108795722,486.033617244136,0,355
2,365.258181842557,715.178061990562,0,356
2,315.014484614485,75.139001989002,0,357
2,607.392851841957,45.5777569982486,0,358
2,148.199521463434,147.072082003513,0,359
2,100.698050860488,408.536719456434,0,360
2,382.746283099885,138.780048949603,0,361
2,743.814319378236,425.107647258764,0,362
2,28.5718921787858,291.836597718591,0,363
2,609.08901259434,122.507224806374,0,364
2,690.218505920887,546.116507096666,0,365
2,426.159284677486,600.35637995406,0,366
2,390.475356660743,487.85324186443,0,367
2,85.1500044106214,318.776635000878,0,368
2,561.815679872562,797.164043119802,0,369
2,752.507196253215,43.3610015586951,0,370
2,63.4693226651222,270.037647014863,0,371
2,695.656121925152,579.678165526353,0,372
2,446.470175202626,60.4902883844196,0,373
2,631.6775879745,140.096628479051,0,374
2,319.308388352723,147.462169104353,0,375
2,17.9283523798111,508.171833182632,0,376
2,459.222315436242,379.100111856823,0,377
2,233.070277980726,704.787236927962,0,378
2,390.115469738031,464.438861788618,0,379
2,725.397166548305,163.982967580537,0,380
2,322.486262004399,583.294369333119,0,381
2,688.700113993787,222.339208049964,0,382
2,17.8513520572163,25.2976796046287,0,383
2,357.003301935808,677.468260310691,0,384
2,504.520671235372,457.549456357596,0,385
2,341.814673865412,608.650836428512,0,386
2,199.086990585339,738.60698467511,0,387
2,48.5081216462364,676.785380052183,0,388
2,762.38825786041,64.7972083832002,1,389
2,473.478784757191,257.377111541154,0,390
2,569.956586241239,268.441346123732,0,391
2,604.283761261261,608.075930930931,0,392
2,589.425236426565,593.665714679446,0,393
2,527.624239856567,642.807668975341,1,394
2,216.403454466177,447.952122549921,0,395
2,697.232866647587,164.254427590621,0,396
2,349.561220692857,214.502142135376,0,397
2,246.007562377348,53.496097160479,0,398
2,531.364661986525,209.827444352099,1,399
2,387.27716013174,178.175193178384,0,400
2,516.425927511551,476.431455794351,0,401
2,107.714361288829,296.838231836459,0,402
2,715.358963585434,208.128941176471,0,403
2,702.351135735464,302.284499221066,0,404
2,88.5783979618427,266.865369922,0,405
2,623.860535073983,349.410450403465,1,406
2,87.2603413055627,780.211141203109,0,407
2,327.297569992866,26.8723441193287,0,408
2,58.2839439869515,304.583330846959,0,409
2,312.602389529926,668.51179971806,0,410
2,347.217336719521,578.590205357924,0,411
2,244.491960230048,630.460412205878,0,412
2,258.536905286478,374.330075949522,0,413
2,651.007404347517,23.1788615545819,0,414
2,452.805241451583,330.659821172016,0,415
2,351.550036547006,12.3077791739555,0,416
2,740.785024882348,251.01670368439,0,417
2,122.377384933907,794.233051972182,0,418
2,286.051434921715,538.559223476374,0,419
2,369.314274506889,585.995933307733,0,420
2,584.57956316417,501.522720814855,0,421
2,27.3626599248999,262.432858711457,0,422
2,428.730687481677,140.498752767416,0,423
2,290.767546223618,285.128242630385,0,424
2,411.438241286299,722.829457123363,0,425
2,180.752118416543,67.0157602345386,0,426
2,583.632953498177,64.2639984925992,0,427
2,604.783454394129,70.376606892899,0,428
2,554.39093467457,46.2699707352853,0,429
2,700.697828060888,746.588719279761,0,430
2,613.099866399466,678.121846151319,0,431
2,365.8425790003,799.027634078492,0,432
2,126.145533841194,346.383144690673,0,433
2,632.350691513159,683.514530529674,0,434
2,506.869144246283,132.217598419853,0,435
2,321.275330914078,204.836808123767,0,436
2,172.66880861197,184.094541210455,0,437
2,216.279130591631,636.409169823232,0,438
2,187.182169365722,133.196339406208,0,439
2,147.239947337885,228.33082171742,0,440
2,471.972547915192,122.039895307438,0,441
2,664.741629168109,534.91398696204,0,442
2,397.601230494059,547.248541704521,0,443
2,803.154788728534,59.4098666447377,0,444
2,532.825346339997,124.909889654584,0,445
2,232.361919648083,135.056722214446,0,446
2,685.145560910798,183.64773520699,0,447
2,650.85128583986,139.379423249363,0,448
2,702.03304431261,195.946652357717,0,449
2,611.793538258949,654.366476215351,0,450
2,745.066430132778,270.52316378912,0,451
2,452.170746619636,236.16665196943,0,452
2,518.778963692757,39.9385832877212,0,453
2,622.274833361295,644.422450532116,0,454
2,434.33256226535,124.557903840592,0,455
2,739.752062430323,741.135280299411,0,456
2,523.058064300703,437.050396367749,0,457
2,713.753526894865,458.740089649552,0,458
2,29.8172695458158,538.862137814047,0,459
2,729.46583143508,216.981017463933,0,460
2,427.545918557953,160.27765947511,0,461
2,544.888433679021,315.981651274911,0,462
2,720.14882121214,305.567743043178,0,463
2,661.267409114183,184.013536866359,0,464
2,373.421232487263,529.033039653839,0,465
2,404.024696826671,102.504870881058,0,466
2,6.4977383546011,249.121945074326,0,467
2,739.614326572328,713.812757717696,0,468
2,419.97434851952,63.150598432841,0,469
2,406.825512010867,578.335925399083,0,470
2,656.933657599231,198.931501831502,0,471
2,478.679647562837,455.609766616838,0,472
2,149.834296529869,729.486915305162,0,473
2,763.808937373615,262.329110388896,0,474
2,417.662714733542,482.20651368861,0,475
2,420.668622269204,184.747463002114,0,476
2,783.467875105485,705.292326160338,0,477
2,800.452902689862,582.607158238235,0,478
2,631.076826826827,369.820232732733,1,479
2,665.571455327119,304.463997786575,0,480
2,531.502517689546,31.5099158475178,0,481
2,731.471121196291,361.162731863496,1,482
2,408.982979869822,789.616037329195,1,483
2,175.806024060731,209.341622158955,0,484
2,8.37122694277645,213.945966961137,0,485
2,147.624466864405,368.190557636378,0,486
2,5.16494750174907,705.244017384112,0,487
2,261.104758191155,555.551336898396,0,488
2,365.372605170604,82.7329752205158,0,489
2,454.574896177971,177.439457971464,0,490
2,305.95660609555,259.98206239383,0,491
2,720.377096482684,720.740385958881,0,492
2,206.228205593698,787.960090440982,0,493
2,241.832864267602,7.0491273391607,0,494
2,721.094756504923,262.55870363045,0,495
2,397.037456669947,736.766953908349,0,496
2,433.337466447325,506.53063341594,0,497
2,483.094007580914,249.021501507675,0,498
2,272.642403971225,180.191742542893,0,499
2,406.669484093225,76.0668090696803,1,500
2,558.533405481009,491.024373551511,0,501
2,141.366513021118,123.63513969435,0,502
2,361.088570127505,537.936703096539,0,503
2,411.427174663253,220.789186240677,0,504
2,575.430637664993,42.3889467269835,0,505
2,758.988104665867,701.683007719041,0,506
2,5.47615146327545,471.608441346703,0,507
2,385.841421167485,118.124208947081,0,508
2,209.168056368886,117.281576394291,0,509
2,382.640713618992,722.81991511245,0,510
2,8.53353512168737,344.157148539283,0,511
2,187.829166090929,4.82266080620787,0,512
2,800.540616442245,524.077326012615,0,513
2,310.925783916806,7.8688576645233,0,514
2,458.07645712606,137.9330015957,0,515
2,521.751085643239,596.707950187249,0,516
2,349.015940777408,509.849380204531,0,517
2,150.054960034158,49.6749089459245,1,518
2,105.049862228548,377.795384248393,0,519
2,478.75450561241,154.204877931411,0,520
2,5.27265211640212,176.985890652557,0,521
2,802.241553338003,666.429088094653,0,522
2,329.107172281328,528.777543936018,0,523
2,165.840233087936,12.8793794166151,0,524
2,545.840559455753,801.747645183842,0,525
2,5.60005851194876,45.0219666173934,0,526
2,690.178758154991,317.384382049875,1,527
2,799.746850560824,744.542836242589,0,528
2,698.41813354712,781.138312718165,0,529
2,758.068733437306,321.191590060904,0,530
2,605.399082406768,380.428639251909,0,531
2,637.137977369391,178.917538242277,0,532
2,440.578036268977,364.964525090782,0,533
2,731.983933089498,6.47247545260288,0,534
2,218.397889791368,717.403465064956,0,535
2,780.444915311791,8.46298167692161,0,536
2,194.339493497604,663.973648186174,0,537
2,428.476262139044,177.630079104766,0,538
2,40.1047027413894,564.502933584232,0,539
2,582.034278168359,441.019324480155,0,540
2,6.73997224372459,280.221188650832,0,541
2,439.619485441985,803.672591334155,0,542
2,331.059603289792,3.77320247886286,0,543
2,453.102748098781,152.525882435911,0,544
2,412.855163729948,374.511930023999,1,545
2,94.6990511364493,88.403298116224,0,546
2,111.607369763206,99.2333879781421,0,547
2,308.331080772865,803.435639836507,0,548
2,571.687566288534,5.62757084226787,0,549
2,697.604594368294,280.736422088528,0,550
2,635.268948760326,451.943211838651,0,551
2,775.368507957669,795.459171480768,0,552
2,246.26297949339,433.580345663529,0,553
2,583.390105783496,161.111320623298,0,554
2,339.488854987711,705.447545631756,0,555
2,679.012043512044,459.690469013745,0,556
2,658.320838855939,500.95317239307,0,557
2,227.280900445518,81.1228022721895,0,558
2,515.127780590884,619.453031359191,0,559
2,376.872286992797,339.483695338737,0,560
2,534.709692681579,745.751945250736,0,561
2,142.934991735073,593.519495197516,0,562
2,38.2998595626999,409.779499395039,0,563
2,747.708450276092,607.736253676672,0,564
2,260.359777353448,714.144285039855,0,565
2,731.271581672153,329.382562921043,0,566
2,652.388560619227,718.066625670093,0,567
2,198.807394247039,343.431012690355,1,568
2,558.013207504196,207.442858002175,0,569
2,483.970388349515,439.060511609811,0,570
2,367.434781271503,368.123332603543,0,571
2,578.28950617284,116.087788305101,0,572
2,642.915664522239,666.802265508599,0,573
2,67.4407793937773,422.389067490678,0,574
2,367.996796314117,657.470062008312,0,575
2,47.0624829112618,451.08923941741,0,576
2,555.38477574689,660.134367752859,0,577
2,396.202505791506,358.300554697555,1,578
2,230.963967192793,467.208203221106,0,579
2,339.390014286788,633.541295263876,0,580
2,484.603003375059,521.386310125651,0,581
2,717.515172642613,629.955244540295,0,582
2,773.076571480001,419.745109951099,0,583
2,157.790872747829,625.492426089543,0,584
2,108.876372271077,602.540364229566,0,585
2,251.00707324433,792.432901636804,0,586
2,189.035230647519,401.233129576922,0,587
2,655.216327129443,107.603261234071,0,588
2,629.41203509418,709.894638595319,0,589
2,244.859086891437,259.150888021303,0,590
2,693.242780217199,146.445201568457,0,591
2,641.143765121111,421.062184650708,0,592
2,606.379155768628,423.464611351516,0,593
2,433.229558475276,324.002956940013,0,594
2,39.1821809302603,486.51419487546,0,595
2,361.806693667264,313.16861054382,0,596
2,398.712874577298,604.640324008072,0,597
2,148.065950900376,103.234003756963,0,598
2,496.933970960855,639.474361648289,0,599
2,97.8145029239766,708.476192982456,0,600
2,83.1943755259569,621.155965646466,0,601
2,651.590521176761,382.471810055491,1,602
2,577.697444444444,211.205166666667,0,603
2,698.599440515945,438.221707256686,0,604
2,175.759078259863,778.441294884633,0,605
2,39.9760701052523,326.814072352176,0,606
2,726.057314307314,672.383053084666,0,607
2,425.782640230842,553.195527171608,0,608
2,452.282173536777,538.759161857133,0,609
2,557.90800803611,134.430954911906,0,610
2,555.953245897213,766.861605536827,0,611
2,450.148369439932,604.768034089061,0,612
2,216.130788561353,416.176628240357,0,613
2,666.972618106113,408.319410588924,0,614
2,342.782158640658,783.644275482214,0,615
2,445.875046536027,651.376266886395,0,616
2,134.289705165692,13.9302884615385,0,617
2,782.3936556747,462.356945480333,0,618
2,234.287879389427,163.951365988771,0,619
2,250.180360079289,536.838784036882,0,620
2,590.877441267238,402.78689286412,0,621
2,734.108292561572,479.303672499102,0,622
2,769.453111806053,92.289379837174,0,623
2,597.780473607893,559.949802668022,0,624
2,597.516841241325,179.27753182267,0,625
2,440.666301207645,213.778743746444,0,626
2,526.033007565232,92.6739478325324,0,627
2,594.279716100498,358.583062362362,1,628
2,231.45757871144,507.175909127079,0,629
2,736.438631929715,548.049939486956,0,630
2,427.768374075011,243.065760651867,0,631
2,292.992264160203,341.576211905186,0,632
2,313.909844836811,496.769395398609,0,633
2,146.7235543469,790.847490461719,0,634
2,504.554109872891,212.521683349366,0,635
2,187.976760835499,263.287479116465,0,636
2,215.988195909501,381.287486975571,0,637
2,286.995420807849,46.1918745221713,0,638
2,488.171526434258,687.059666060861,0,639
2,590.551969555336,674.215584288007,0,640
2,543.759136847969,464.197486769187,0,641
2,400.433277027027,252.969550142247,0,642
2,618.652103265671,513.189436669037,0,643
2,265.888819405171,35.1037410033691,0,644
2,388.40273132511,672.56613506463,0,645
2,750.093835177169,401.239137405804,0,646
2,706.329952621752,414.788168167905,0,647
2,773.396362330036,553.318107503482,0,648
2,567.314512719403,611.695203171374,0,649
2,57.848223366387,645.549478769387,0,650
2,779.036620288883,132.135352985051,0,651
2,179.912844181687,722.15270769087,0,652
2,663.027179554101,263.326411293696,0,653
2,675.645595795973,760.122932886855,0,654
2,483.842250280868,549.099098490949,1,655
2,143.592051282051,524.958205128205,0,656
2,296.840034209086,436.841806239737,0,657
2,269.177986842738,452.294117116467,0,658
2,690.82158791682,485.040622000738,0,659
2,73.2924799103041,193.361367036775,0,660
2,122.500265085791,505.95814857657,1,661
2,758.853543583845,110.424733015224,0,662
2,737.019056089785,93.9576676950224,0,663
2,27.458440693945,367.3538244796,0,664
2,293.73816091954,156.935862068966,0,665
2,394.828134208975,434.612439542346,0,666
2,639.662431789156,85.6068518518519,0,667
2,77.6606477955488,349.842999844856,0,668
2,186.716704590043,452.170108492986,1,669
2,54.2386300946944,84.7752058628526,0,670
2,159.020007651372,277.154182292507,0,671
2,50.6657009175687,760.375939785223,0,672
2,541.275057826161,625.210818266701,0,673
2,81.8108731631476,37.4887757660866,0,674
2,463.496737943234,791.754616200156,0,675
2,325.119066908481,448.927519657324,0,676
2,108.58594974744,562.607010515396,0,677
2,295.578604965128,746.300421503895,0,678
2,496.171861393324,275.661780358007,0,679
2,774.445568384729,505.255278753049,0,680
2,363.603436790074,431.627515398808,0,681
2,526.244808529083,581.622231021012,0,682
2,755.867080988118,190.090947467167,0,683
2,461.46657540897,624.904409252363,0,684
2,333.518461466178,261.409592176446,0,685
2,606.928634622083,789.552107279693,0,686
2,650.35213968025,742.056882838482,0,687
2,375.997700306486,771.143495986248,0,688
2,717.914151426633,600.637195833853,0,689
2,789.730144757433,313.204153820101,0,690
2,339.857787146337,189.741905564924,0,691
2,308.596005939429,607.14641855182,0,692
2,670.095612775767,435.195269346963,0,693
2,669.324824599891,27.5009630755856,0,694
2,184.097210901665,558.832992441057,0,695
2,683.81022699303,612.485107786527,0,696
2,212.885111076565,313.013200247383,0,697
2,133.396790647652,307.458025293475,0,698
2,389.402190430443,316.590500833817,0,699
2,476.240601584803,761.493526535083,0,700
2,92.275761751514,232.599826499674,0,701
2,310.905108082814,306.257476545915,0,702
2,367.709318405799,252.330207682064,0,703
2,41.3704611330698,608.744703557312,0,704
2,348.046988748766,755.026058514778,0,705
2,229.853612368343,348.357735149387,0,706
2,784.529650057801,610.810541861787,0,707
2,98.3388548032065,63.6700887870425,0,708
2,121.862453797203,662.740667352564,0,709
2,503.231585081585,167.561661486661,0,710
2,476.052851860466,718.461304678612,0,711
2,526.220128859018,253.430636986193,0,712
2,217.995033223539,551.581003764384,0,713
2,767.547145078849,441.960639888538,0,714
2,31.4774374013827,700.974491231852,0,715
2,471.237903125061,83.053393580521,0,716
2,723.962744737487,436.369572869602,0,717
2,450.873078231293,576.885702947846,0,718
2,570.533595837166,636.905379549336,0,719
2,240.15052133273,101.446543946932,0,720
2,217.021062018253,226.876949020207,0,721
2,594.837679732334,140.238686656926,0,722
2,65.3558793976862,219.90804399198,0,723
2,349.145553020477,350.560990022034,0,724
2,655.568700513769,575.885214396959,0,725
2,776.760587028027,208.075085552898,0,726
2,781.625068124532,36.9475882367513,0,727
2,78.9194813124407,597.900147211388,0,728
2,43.9995014758374,198.38324924492,0,729
2,284.593784879336,365.781962669683,0,730
2,509.458241150443,732.704642838979,0,731
2,447.59208284802,471.795457915511,0,732
2,364.564241994078,489.250023531866,0,733
2,624.954594073076,192.320149545458,0,734
2,440.389784050502,96.9339205897822,0,735
2,479.626577917476,289.899204955163,0,736
2,462.119617146649,351.550548494332,0,737
2,767.330105461394,582.281051137187,0,738
2,301.6222913728,583.225010744512,0,739
2,249.708385688511,225.046973237874,1,740
2,414.712219629327,763.947491650655,0,741
2,205.393585849798,584.44018908416,0,742
2,107.683665449302,332.519477833327,0,743
2,12.3530131804588,87.1343089277872,0,744
2,645.027961686347,522.100058585307,0,745
2,115.479977873845,157.26825918772,0,746
2,548.08863243824,560.029292549804,0,747
2,439.902352656506,440.722531140492,0,748
2,564.399336597268,292.971866045559,0,749
2,60.1211669238647,387.774536925611,0,750
2,118.900447157985,735.51514276954,0,751
2,247.138735726159,301.424441370427,0,752
2,678.50248983214,368.695008106066,1,753
2,204.926615572656,182.606872168269,0,754
2,746.381185018751,454.6124903156,0,755
2,743.179718168923,765.649368821544,0,756
2,524.678309661039,184.12420987911,0,757
2,668.106376262626,556.525980289001,0,758
2,524.208941332314,400.290003803507,0,759
2,82.1272281707997,554.001851558383,0,760
2,277.825283770099,390.676169686505,0,761
2,50.5686004933082,584.580739816396,0,762
2,426.982091550281,48.3178075486024,0,763
2,396.465321807247,206.87594691368,0,764
2,59.2403360010078,534.031862164534,0,765
2,432.737229756289,292.106489534198,0,766
2,701.301762674096,39.4848262126818,0,767
2,423.707681691535,349.886412519855,0,768
2,597.997316689907,18.4513561922765,0,769
2,217.359183445585,669.424203956416,0,770
2,574.688407842584,323.584812797261,0,771
2,531.439413730275,705.744320336471,0,772
2,170.855409327052,356.094950888134,0,773
2,258.745288414923,127.884593410716,1,774
2,743.155854111192,304.594851932543,0,775
3,531.528370663153,777.543141796648,0,1
3,562.916107082852,388.242327701213,1,2
3,700.415714415892,115.983939311099,0,3
3,747.180294715322,647.167717538706,0,4
3,299.163538126362,462.489150326797,0,5
3,290.379575356138,684.980065329825,0,6
3,706.763822115385,347.711137820513,0,7
3,313.111107143128,176.920459968639,0,8
3,112.024574634569,240.326186195185,0,9
3,169.142225858003,796.061040264057,0,10
3,688.700354800284,639.159903989203,0,11
3,244.507129969152,599.815169373145,0,12
3,753.903185198984,525.390162209527,0,13
3,261.105166872951,653.799404354765,1,14
3,575.399132240771,237.329339143065,0,15
3,695.74437076513,389.131639333514,0,16
3,606.770970520408,705.021898637052,0,17
3,761.269317217523,775.102301983947,0,18
3,673.82183325962,730.972933805101,0,19
3,18.490147359051,724.498953102474,0,20
3,143.32364295339,556.068723423787,0,21
3,463.461124891294,162.423455727058,0,22
3,685.819485724521,520.978973335306,0,23
3,695.188069805845,669.412521601738,0,24
3,485.550542238712,384.816429271784,0,25
3,9.76704645184082,310.333254430596,0,26
3,77.5686426648023,659.923339987796,0,27
3,551.484357032148,432.408683107511,1,28
3,371.528705069664,219.131513483979,0,29
3,76.1535901980332,149.393766077121,0,30
3,123.450403525648,387.804360511949,0,31
3,791.654743218284,378.805874537018,0,32
3,203.89407220003,506.555663559698,0,33
3,500.541566673826,410.613746720079,1,34
3,188.536652082651,111.170844157961,0,35
3,589.30706680105,770.042333157355,0,36
3,303.596219876306,125.74227269496,0,37
3,445.658527837909,691.654087632438,0,38
3,338.236332735341,653.178265875639,0,39
3,258.862642857982,78.6734865569611,0,40
3,514.102388681225,15.9575398386779,0,41
3,89.8231846942317,171.584730278542,0,42
3,415.565601326589,456.996384956737,0,43
3,387.672117299758,630.069011713378,0,44
3,583.01899229243,716.179336462149,0,45
3,733.78344392934,31.7489030811471,0,46
3,9.65955786326803,785.829908740461,0,47
3,630.913170823885,326.108903662475,0,48
3,405.992879230244,335.432474963161,0,49
3,606.369146472349,213.801450117414,0,50
3,227.101550243099,654.268995526353,0,51
3,119.807875420182,214.292086849146,0,52
3,641.779410276884,790.738859030213,0,53
3,269.29927068768,414.207621842995,0,54
3,704.046378653113,83.5978398983482,0,55
3,140.176735222223,774.159265979763,0,56
3,729.652302919399,183.024726610154,0,57
3,758.242922381357,9.76887786408814,0,58
3,763.390795625834,727.444527492151,0,59
3,720.224552249173,506.589809118946,0,60
3,150.950396958328,24.8629712135424,1,61
3,783.79831626021,353.842712315967,0,62
3,110.675194525228,27.9652359872101,0,63
3,38.4358251298879,240.410470007052,0,64
3,149.751172393414,675.567794883472,0,65
3,550.362914044933,527.660328212686,1,66
3,93.4172644891373,121.504990518016,1,67
3,228.044127687442,34.3522063843721,0,68
3,728.40202122846,783.4007702205,0,69
3,286.989157919154,662.182113458938,0,70
3,274.743136739787,623.890395436723,0,71
3,356.748780584057,405.713606945541,0,72
3,373.055610533839,28.6638422920985,0,73
3,423.569910595591,533.058946624003,0,74
3,435.029057914765,395.64229029568,0,75
3,474.085705812574,58.79418742586,0,76
3,576.403518310211,749.207344394451,0,77
3,306.582143397998,714.780678221495,0,78
3,655.822585827837,695.414996617622,0,79
3,468.539069129694,412.437726317583,0,80
3,459.472721661055,300.011167227834,0,81
3,170.73812040866,701.286101454767,0,82
3,238.569734931009,578.855464778504,0,83
3,784.354376305033,75.3884612821538,0,84
3,20.725133590368,160.006438548431,1,85
3,366.162259444555,623.824889612174,0,86
3,489.68615623748,344.798284870149,0,87
3,363.714079934321,156.647171117828,0,88
3,100.53898597115,635.395137690566,0,89
3,543.923325713334,277.977508479362,0,90
3,730.650462107515,582.23285977544,0,91
3,87.6597463870653,518.666318892224,0,92
3,621.662615532495,394.571540995192,0,93
3,568.323640748285,583.665607454754,1,94
3,44.778428670842,168.720429366736,0,95
3,769.132958801498,296.514565126925,0,96
3,615.921010241092,84.5036092738781,0,97
3,222.815274759514,742.081727590777,0,98
3,481.704002557545,180.733614663257,0,99
3,129.920527612344,637.175526628457,0,100
3,343.474160623153,239.764753846744,0,101
3,774.493823177806,638.280606668532,0,102
3,335.434477812044,49.8404670258798,0,103
3,624.912430396987,160.503665424829,0,104
3,225.443879525969,771.882875897801,0,105
3,486.931566901791,612.970865246216,0,106
3,582.147628336916,24.3780215244681,0,107
3,49.4937514941897,725.391399779251,0,108
3,543.35659505872,65.0583561339373,0,109
3,736.366075495713,145.379557710343,0,110
3,367.121947508191,188.388357995327,0,111
3,474.355211296449,326.39347230872,0,112
3,516.749576719577,554.117405002405,0,113
3,310.843125721528,539.449540104402,0,114
3,657.361661039492,327.3178742355,0,115
3,11.1118134036122,397.047903545212,0,116
3,125.538506354243,182.86253879991,0,117
3,117.091752687696,271.444942849548,0,118
3,154.932480955869,426.459749889201,0,119
3,678.920100871537,97.8104396877976,0,120
3,40.422179438765,783.962952598027,0,121
3,301.27303414137,520.389413263449,0,122
3,145.586622635231,754.084776925797,0,123
3,773.16372431777,665.827652100254,0,124
3,153.312706888115,400.6045939356,0,125
3,242.23810175768,731.574619908204,0,126
3,712.774217568915,233.039036315095,0,127
3,655.905518817681,771.874114222735,0,128
3,266.506407807267,282.241233595106,0,129
3,84.8020488451451,683.013603974543,0,130
3,336.55660624162,83.7171504667226,0,131
3,210.980761969798,153.078220324133,0,132
3,339.425526010705,164.207986462265,0,133
3,627.641356036202,40.6458407901689,0,134
3,124.756075950567,423.932004115431,0,135
3,58.3433671578167,362.882082290798,0,136
3,154.037866800577,172.155484501288,0,137
3,445.291842649024,721.914298509019,0,138
3,800.10858605171,178.393322039993,0,139
3,625.951985309772,237.214961677667,0,140
3,175.033857486896,754.161557940218,0,141
3,522.327133466309,502.920896964711,1,142
3,573.664148969043,540.882713916512,1,143
3,237.636170256145,197.938120852957,0,144
3,197.621258893619,477.530213144945,0,145
3,671.275148258598,54.8993118400812,0,146
3,141.46575036757,487.708097038437,0,147
3,555.725949589255,28.7251444732645,0,148
3,175.058027650607,591.653829155232,0,149
3,798.643633274138,407.931919739925,0,150
3,33.0488262252151,650.15953516648,0,151
3,303.177527151211,226.513784461153,0,152
3,158.211457682268,246.95722422393,0,153
3,751.302179653545,354.673809579312,0,154
3,268.349655234557,204.400726483326,0,155
3,336.717726006428,727.034325003397,0,156
3,698.282695578231,13.7578514739229,1,157
3,632.127745998942,118.532683814936,0,158
3,55.6343608341546,59.3665423716277,0,159
3,186.271076863632,526.955669338808,0,160
3,112.376070700303,685.845603058439,0,161
3,165.364084421867,83.5391670698274,0,162
3,475.470861142054,224.048315370725,0,163
3,635.730893153281,553.130533838743,0,164
3,173.541356536559,308.833120298543,0,165
3,782.896677762344,766.085572630107,0,166
3,418.566535631966,270.899138802059,0,167
3,143.344564077317,705.690173455773,0,168
3,651.311044233362,637.359692571345,0,169
3,281.726948343768,113.964038143292,0,170
3,195.297776999922,85.7061011656721,0,171
3,643.361583062112,295.624184201243,1,172
3,215.409964202562,54.1565848501924,0,173
3,748.167774762551,222.050316598824,0,174
3,45.8471816645015,627.675386103189,0,175
3,783.524072569203,271.390678611047,0,176
3,284.342741263172,787.47100090036,0,177
3,450.971407742684,267.07372363281,0,178
3,150.896453601954,330.156746642247,0,179
3,300.946650970449,631.034220773341,0,180
3,100.213013742767,199.564919483391,0,181
3,665.955865823674,130.97968914647,0,182
3,390.183852140078,384.508430609598,0,183
3,520.841082596798,279.994415524234,0,184
3,260.611875773175,754.610430007257,0,185
3,503.307515969665,242.539186255074,0,186
3,383.394744373673,408.195995753715,0,187
3,786.306636113449,335.641226436752,0,188
3,766.841088249485,480.476689257741,0,189
3,712.047069027644,695.566975022242,0,190
3,270.740166511532,16.1615968559313,0,191
3,651.46404988873,474.468071101959,0,192
3,415.134482299454,697.795420304742,0,193
3,504.559808551003,778.961110183755,0,194
3,80.3086808648794,293.856579442287,0,195
3,395.679514786104,518.650111465775,0,196
3,284.437462454373,82.5692930175059,0,197
3,370.16987646027,56.906039594966,0,198
3,320.849002007099,362.755156240529,0,199
3,135.400147613976,257.42230282054,0,200
3,498.393539205794,313.535466911458,0,201
3,178.703289990555,232.196772242967,0,202
3,419.459386821302,20.4458143626218,0,203
3,627.717726530915,730.847613219094,0,204
3,169.825301329015,656.735646224461,0,205
3,695.537898622689,717.468579988698,0,206
3,304.246318343733,61.4803376046921,1,207
3,492.965719487672,99.1155294681264,0,208
3,552.296902054009,172.791750099462,0,209
3,378.317087172899,693.911872747947,0,210
3,770.211652637486,385.280656565657,0,211
3,492.277205777046,23.691025991037,0,212
3,681.921901067471,125.752138103571,0,213
3,307.474336271342,386.02770082322,0,214
3,34.3658471690081,510.303671775224,0,215
3,336.497683620064,558.545985955046,0,216
3,592.219640291105,96.821360033375,0,217
3,666.012343017625,151.906630947516,0,218
3,28.6812664832015,124.740763673891,0,219
3,319.922883858368,553.504388665679,0,220
3,297.895053136544,96.0244410595795,0,221
3,439.060479776265,193.796324390504,0,222
3,41.8270853033395,217.369573151512,1,223
3,708.868065062702,55.1772374721849,0,224
3,400.111145964318,32.5377781422558,0,225
3,310.462157010076,769.097280081486,0,226
3,346.927483585498,137.027524027024,0,227
3,68.8939096096965,243.216787590693,0,228
3,653.208806944929,605.21700534088,0,229
3,200.579542114853,617.533959325222,0,230
3,159.532588903171,471.597170897601,0,231
3,11.8048322978526,677.445706130351,0,232
3,182.645984478289,38.8042969876538,0,233
3,273.395441223492,244.090397514969,0,234
3,338.208377022001,477.109228390913,0,235
3,270.711503967558,150.985923456357,0,236
3,107.313575993898,479.66367196213,0,237
3,802.971313617959,434.53192323134,0,238
3,543.772100773505,237.954341156945,0,239
3,107.250301706748,442.801681313477,0,240
3,702.333475471676,249.049914814017,0,241
3,163.930062651562,504.394108691685,0,242
3,167.176024739843,135.713708415151,0,243
3,240.420802474391,678.4571934836,0,244
3,696.766898839138,265.838208955224,0,245
3,620.599139366645,267.856609019157,0,246
3,83.1251702395965,454.122778478352,0,247
3,710.239757338552,131.275187866928,0,248
3,791.69921118854,103.961811604723,0,249
3,615.86819891322,536.336734084187,1,250
3,525.390257070482,351.407731699695,0,251
3,603.651052650367,485.663532193225,1,252
3,732.224823003432,64.8567876293263,0,253
3,168.039412911341,113.990607285635,0,254
3,192.54213621761,640.684189854678,0,255
3,621.353703703704,16.5525107175487,0,256
3,626.495263039897,617.814088735207,0,257
3,629.949027433192,489.12900972358,1,258
3,673.335198583961,169.677593720911,0,259
3,147.401445218669,203.484196316531,0,260
3,336.059722769675,387.658472699289,0,261
3,205.789231010508,684.233653963441,0,262
3,472.474374938154,477.360254422711,0,263
3,439.913273095714,780.316938013547,0,264
3,77.5915742256168,726.152445899254,0,265
3,771.0283339693,233.774260103495,0,266
3,322.354981298878,689.645563632192,0,267
3,456.345948430355,114.000760103819,0,268
3,601.65016848967,237.490961403896,0,269
3,534.600822064263,150.553534681602,0,270
3,277.938626976214,728.615598442767,0,271
3,571.312660107364,352.258524102447,0,272
3,591.648362019972,631.518791778301,0,273
3,264.383605347247,690.154729401772,0,274
3,467.007648743161,22.4333316274933,0,275
3,79.1402917413556,9.75858597667108,0,276
3,363.672523656899,106.419955738706,0,277
3,542.839916977999,373.499080531341,0,278
3,297.156976431402,196.594848053181,0,279
3,132.244812848067,459.227077703663,0,280
3,408.750302195553,126.718446851307,0,281
3,471.712523735865,200.255013263094,0,282
3,322.933886097066,230.043802753874,1,283
3,377.351088252832,558.019717128801,0,284
3,387.652800246884,285.206573935552,0,285
3,325.440261369205,125.957425307669,0,286
3,429.336892574619,745.727045432723,0,287
3,459.672826464459,511.189835851277,0,288
3,212.68685362251,12.0366855265028,0,289
3,33.0088111464486,49.1789565349084,0,290
3,519.600738596409,310.857043545574,0,291
3,550.889494119366,339.765122726277,0,292
3,732.779105959584,121.497036671194,0,293
3,295.326580898446,19.6369577826293,0,294
3,659.808262372275,230.932250235122,0,295
3,628.364499010613,764.331658121964,0,296
3,51.5482665770814,22.6852233607009,0,297
3,412.795666277277,300.240882354455,0,298
3,681.363082674527,336.469329231316,0,299
3,19.3520005352603,769.880946660503,0,300
3,43.7497784810127,146.795483609218,0,301
3,648.476102635394,167.77039816069,0,302
3,669.630981182796,211.148868727599,0,303
3,421.530568713886,419.820400778197,0,304
3,675.599173727814,694.867227682393,0,305
3,14.4357043010753,190.884284946237,0,306
3,263.624499654934,579.947385169849,0,307
3,241.935700181224,398.137336093858,0,308
3,251.002869198312,177.280648734177,0,309
3,624.752655353839,588.382955909822,0,310
3,120.688885721772,122.25031224897,0,311
3,400.25858323991,156.623274176543,0,312
3,22.5596606245997,438.448811746853,0,313
3,790.028943278943,247.462533022533,0,314
3,16.1269752742145,600.267783464968,0,315
3,26.5592024539877,748.494195996125,0,316
3,485.010682805391,581.696125282886,0,317
3,199.026055206414,761.551284882596,0,318
3,674.648571854724,658.447765182589,0,319
3,331.911075498576,418.758468660969,0,320
3,365.79031345135,455.214159135212,0,321
3,793.553581930154,487.662695892319,0,322
3,514.546722214571,528.697433778635,1,323
3,595.719460089515,525.956319144809,1,324
3,505.152091545699,60.4219815536138,0,325
3,560.096584597927,708.282736596904,0,326
3,762.892024767874,171.146621967326,0,327
3,69.3370807309739,701.261453050766,0,328
3,282.820641972219,573.531712180833,0,329
3,183.28307401716,158.379830608557,0,330
3,638.731846062877,57.6121247093969,0,331
3,446.562648658768,25.6960478791349,0,332
3,722.019829570548,755.784600659255,0,333
3,719.659666877504,381.964663714948,0,334
3,245.958857778919,329.093016414905,0,335
3,528.251408230324,666.742611620122,0,336
3,715.852161320311,545.577139745997,0,337
3,47.6150671155952,284.641456255726,0,338
3,304.718413619099,413.862828582007,0,339
3,269.178548459811,330.048130770233,0,340
3,84.0185831908521,392.798131373762,0,341
3,606.999249417688,318.286159431041,0,342
3,555.173503156209,735.285006830601,0,343
3,751.783783783784,679.171171171171,0,344
3,241.066354077863,369.856597856534,0,345
3,7.80195774006041,144.541660606678,0,346
3,412.255476979143,630.94733415974,0,347
3,604.775514137974,735.971162174932,0,348
3,8.27311991869919,572.193288801378,0,349
3,340.519392730496,111.548559397163,0,350
3,486.367836494679,134.637255483569,0,351
3,598.133670965421,261.118100000356,0,352
3,116.195699424113,531.397586960071,0,353
3,734.940806255856,285.054434086085,0,354
3,497.299371868553,486.108531351312,0,355
3,364.649156675472,714.416836008941,0,356
3,315.695393594108,73.5452384260868,0,357
3,606.788839808669,45.0221986311771,0,358
3,148.356530439505,147.479772792644,0,359
3,101.495682599751,409.731750536859,0,360
3,383.342820552844,138.295117209672,0,361
3,743.698259057606,425.427964867469,0,362
3,29.0792546022719,291.177609188253,0,363
3,608.642272416594,122.134640484549,0,364
3,690.330398946149,545.856749294442,0,365
3,426.024633686045,600.520616693491,0,366
3,391.032435992964,487.286760380491,0,367
3,85.2501008056699,318.535553868999,0,368
3,561.7045312144,796.600338915471,0,369
3,752.56013349873,43.3307637781322,0,370
3,63.1411899743766,269.960047297505,0,371
3,696.068341635983,579.818758573388,0,372
3,446.421819922227,59.5621795721019,0,373
3,631.826490316074,139.701556670307,0,374
3,319.790529564652,147.654260071475,0,375
3,18.5968349638426,506.511823428064,0,376
3,459.445592533124,377.645806139226,0,377
3,232.912164534095,704.858362784387,0,378
3,389.810206980407,464.547958297858,0,379
3,724.697331021989,164.341572821544,0,380
3,323.239231457602,582.828210656858,0,381
3,688.706993494275,222.698612796948,0,382
3,17.0765931372549,24.4457720588235,0,383
3,357.56357593676,676.879208043673,0,384
3,504.590338774806,457.059764081586,1,385
3,342.063116188854,608.578288705964,0,386
3,199.811218047825,737.738836064729,0,387
3,49.0997730537415,676.364287618286,0,388
3,762.642410865874,64.662554071012,0,389
3,474.166456250711,257.352050955121,0,390
3,571.001009780391,268.719882773901,1,391
3,601.656308431073,608.593535752734,0,392
3,587.40481063609,593.990885232197,0,393
3,527.600852515562,642.750817067407,1,394
3,214.874051392891,448.058976494957,0,395
3,697.223696541207,163.783584944895,0,396
3,349.471198636854,214.110230249793,0,397
3,245.77700110788,53.6256617603419,0,398
3,530.892833593284,209.670044973646,0,399
3,387.580298463476,177.392163324358,0,400
3,516.560188910377,476.501237548055,1,401
3,108.019055327903,297.262558341718,0,402
3,715.976090342679,207.817978193146,0,403
3,701.634447309979,302.194426534852,0,404
3,88.4715945274411,266.970763255974,0,405
3,623.645275664924,349.301585466165,0,406
3,87.9215702286354,781.669068458471,0,407
3,327.976266836413,27.0240457469156,0,408
3,58.0668615984405,304.596874446217,0,409
3,312.781163648105,668.043508214693,0,410
3,347.008552935737,578.530159821925,0,411
3,244.729416587194,629.907770750724,0,412
3,258.578648137352,373.894853857321,0,413
3,650.581662715051,24.5297222315943,0,414
3,452.250985011066,330.931823961058,0,415
3,351.622515598019,12.3553228025275,0,416
3,740.604863503508,250.740154788678,0,417
3,123.491963591964,794.112776112776,0,418
3,286.541761392118,539.11265178187,0,419
3,369.575645088083,586.028749103897,0,420
3,585.697821867808,500.639196946263,1,421
3,28.0881885058064,262.506241105479,0,422
3,429.437708479052,139.851737200396,0,423
3,290.611424289996,284.775046382189,0,424
3,412.188164523833,723.275192200739,0,425
3,181.087114724661,66.7687160192036,1,426
3,583.226375465015,64.3329194923551,0,427
3,604.862853830671,69.7092359040995,0,428
3,554.187748136797,46.6579533406081,0,429
3,701.126039955014,746.410210586606,0,430
3,614.121548821549,677.957687531048,1,431
3,366.110968337487,797.586483891812,0,432
3,126.460117515575,346.030020794253,0,433
3,633.066190484581,683.476058745276,0,434
3,507.224644126754,131.793465519191,0,435
3,320.739908854167,204.227864583333,0,436
3,172.749117159125,184.407530723265,0,437
3,217.178128481926,635.886674155661,1,438
3,187.612348178138,132.645411605938,0,439
3,147.078596195275,228.211632033762,0,440
3,472.418534577125,121.796576773219,0,441
3,665.058140645249,534.599282108997,0,442
3,398.195751367103,547.424837548538,0,443
3,803.152353108297,58.8308530389223,0,444
3,532.777320852269,124.106660203846,0,445
3,232.783940282184,134.844712970893,0,446
3,685.2155050271,183.624601145777,0,447
3,651.556956185801,139.067827924734,0,448
3,701.898490762425,196.172801196982,0,449
3,612.163845744184,654.242969929559,0,450
3,745.136636538159,270.669287368572,0,451
3,452.684023713903,236.040882577931,0,452
3,518.188223981394,40.5178377089017,0,453
3,621.581631043345,644.491721354107,0,454
3,435.406291131437,124.356886200941,0,455
3,739.877244213714,740.813941936281,0,456
3,523.923907153254,438.476438473624,1,457
3,714.206040734328,459.373569285772,0,458
3,29.8405916734652,537.061219305595,0,459
3,729.99888641829,217.319283538381,0,460
3,428.280642002881,159.9871437588,0,461
3,544.907411128464,315.570836607679,0,462
3,720.07274763523,306.411740791224,0,463
3,661.313152259926,183.521238886561,0,464
3,374.019227851942,527.27828491606,0,465
3,403.427889369156,101.690186491793,0,466
3,6.72714927975044,249.355478222117,0,467
3,739.580070662501,712.899501432293,0,468
3,419.948588483657,62.9522210089539,0,469
3,406.911967352204,577.882283343414,0,470
3,656.382816320731,199.374760779016,0,471
3,479.237584501404,455.674202620937,0,472
3,149.842128190164,729.327168087126,0,473
3,764.201750162849,262.851823362883,0,474
3,418.075643957287,482.072752501396,0,475
3,420.493658451523,185.021239246687,0,476
3,784.120143722944,705.004077489177,0,477
3,801.043407031164,582.752292862204,0,478
3,630.745475452033,369.565688756672,0,479
3,665.910703926135,304.414360419986,0,480
3,530.530771971497,33.0726068883611,0,481
3,731.586622868532,361.639078270712,0,482
3,409.067985071402,789.886765722557,1,483
3,177.445076458034,209.067889626972,0,484
3,8.54858391341983,214.29802385699,0,485
3,146.692205571049,368.002944337233,0,486
3,5.41065281993616,704.522932116232,0,487
3,262.498304939123,554.993206817095,0,488
3,365.644483557057,82.14713148096,0,489
3,454.829560038678,178.003790875527,0,490
3,306.21471110727,259.70921076638,0,491
3,720.498222270609,721.511090579358,0,492
3,206.830537391013,787.867932595573,0,493
3,241.474466184948,7.24695639398895,0,494
3,720.741339515093,261.689444344091,0,495
3,396.752238636525,738.187983973586,0,496
3,434.326133661337,506.92041373141,0,497
3,483.492322585269,249.542041078306,0,498
3,273.042858615535,179.950370255829,0,499
3,407.09170429035,76.0145678234595,0,500
3,558.990649634912,489.984541459327,1,501
3,142.633040935673,123.364400584795,0,502
3,360.605737704918,535.919984387197,0,503
3,410.309524851325,220.454907089444,0,504
3,575.477435540657,42.5919423186389,0,505
3,759.580113618718,701.680969740695,0,506
3,5.4561976144423,471.993246292714,0,507
3,385.09082998401,117.883051778116,0,508
3,210.151440381534,114.417583518245,0,509
3,384.886328856698,722.299838037216,0,510
3,8.70272201650101,343.960886899164,0,511
3,188.720756376429,4.77968337730871,0,512
3,800.765188066729,523.566736683757,0,513
3,311.222945799145,7.88660965368466,0,514
3,458.053131597467,138.051617512209,0,515
3,521.908340459031,597.090862367722,0,516
3,349.506505531721,509.248778623442,0,517
3,149.839070610243,49.2088920847605,1,518
3,104.938565923959,376.754956650474,0,519
3,478.621140527285,153.918151692335,0,520
3,5.32966533580031,177.505683232166,0,521
3,802.338705142061,666.592275484272,0,522
3,331.28379527372,527.001430946443,0,523
3,166.803555111727,12.7158010354288,0,524
3,545.991101809614,801.559055728445,0,525
3,5.49992062682133,45.0181169280312,0,526
3,690.0901309897,317.912350723989,0,527
3,800.045581578816,744.371250008924,0,528
3,698.721442373655,781.067194977629,0,529
3,757.67152325217,320.634448839463,0,530
3,605.111997322993,379.954044052517,0,531
3,637.072280302491,178.634162035485,0,532
3,440.481426871198,366.386987569426,0,533
3,731.487661107637,6.98520054422143,0,534
3,218.362557255207,717.276000962999,0,535
3,780.119243986254,8.45876288659794,0,536
3,195.599058529727,663.360771230593,1,537
3,428.544755289729,177.329165862756,0,538
3,39.3851054379784,565.719961961127,0,539
3,581.823192997831,444.628728890687,0,540
3,7.53939020381328,280.043641401334,0,541
3,440.08422639954,803.765743315549,0,542
3,331.48323762647,3.68658860964029,0,543
3,453.094825549807,151.294268065103,0,544
3,412.871210856702,375.205737962454,0,545
3,95.035398096617,89.2360199890402,0,546
3,112.804903119869,98.6360098522167,0,547
3,308.470981980245,803.181201031333,0,548
3,570.500128879699,5.29118686996038,0,549
3,695.789719812294,283.22466452367,0,550
3,634.193970587125,451.776662967409,1,551
3,775.906522334771,795.383985229586,0,552
3,245.818862872061,432.612529396655,0,553
3,583.13494870009,161.04586385607,0,554
3,340.534535311709,705.19010236945,0,555
3,679.069802879004,459.698282942565,1,556
3,659.549938010346,500.621350091916,0,557
3,227.95679824524,80.9171320858905,0,558
3,514.84173372744,619.702362361678,0,559
3,378.668941466002,340.266418926569,0,560
3,534.583044673352,745.806270765588,0,561
3,142.771467195562,593.548804022744,0,562
3,39.1644736842105,410.358825272641,0,563
3,748.067683941651,608.280685570359,0,564
3,260.655189013885,714.100005067396,0,565
3,730.930533755267,329.879250454949,0,566
3,653.95821624417,718.183916827664,0,567
3,198.215423143351,343.653828151986,0,568
3,558.270074272062,207.346243736797,0,569
3,484.517393645665,439.492743451892,0,570
3,367.085887772194,368.811712679865,0,571
3,578.377341096555,115.822778511222,0,572
3,643.542220936051,665.916733720126,0,573
3,69.0978404206038,422.349502368691,0,574
3,368.276858110165,656.844978261664,0,575
3,47.9431524547804,451.182601205857,0,576
3,555.8463192221,660.000292916211,0,577
3,396.393674982675,358.641288288288,0,578
3,231.030847016044,465.747345460339,0,579
3,339.470744120335,633.568238742932,0,580
3,485.247183698787,520.323090739479,0,581
3,717.579430641308,629.299591802528,0,582
3,773.576984650156,419.481071663998,0,583
3,157.81292252646,625.178969810662,0,584
3,108.860694342213,602.127560392582,0,585
3,251.578079839795,792.050894258279,0,586
3,188.621866009042,400.72009864365,0,587
3,655.633682712215,107.321281918565,0,588
3,630.25875195253,709.363116707824,0,589
3,245.129458559513,259.627374311645,0,590
3,693.219567469567,146.109637399637,0,591
3,640.394204439022,420.610865559992,1,592
3,605.466240642909,424.031902159771,1,593
3,433.474696669212,324.608332180309,0,594
3,40.9742085924251,486.545353741792,0,595
3,361.98591526271,313.387127025714,0,596
3,398.537028657617,604.575374173338,0,597
3,148.529470824474,102.744519253485,0,598
3,496.555513037442,638.694092585362,0,599
3,98.3871752165223,708.770336442372,0,600
3,82.7362715150501,621.816535254992,0,601
3,651.72467880967,381.830247864768,0,602
3,577.683632183908,210.765118773946,0,603
3,698.599423013562,438.193612790491,0,604
3,175.951218358251,778.374311261058,0,605
3,40.1726601890153,325.799955222852,0,606
3,726.689872967963,672.060205506835,0,607
3,426.035314804945,553.896490890429,0,608
3,454.075056337864,538.9448925202,0,609
3,558.244425549943,134.057108140948,0,610
3,556.007687075937,766.88234246084,0,611
3,450.783828562445,604.618898523383,0,612
3,215.901813214919,416.16224790762,0,613
3,666.848628611811,407.663547875248,0,614
3,343.099870862323,783.550788379868,0,615
3,446.625226670386,651.846589750743,0,616
3,134.111958166615,14.3542532317636,0,617
3,782.549169541788,462.111226976683,0,618
3,234.55785683959,162.984170632648,0,619
3,250.083486270386,536.858529919448,0,620
3,590.893157250601,402.533042139681,1,621
3,734.123257369069,479.604806077141,0,622
3,769.213425014127,91.8483276955621,0,623
3,597.463912334577,559.917474229421,0,624
3,597.531670298879,179.065923792722,0,625
3,441.177919497983,213.740426306055,0,626
3,526.193188268685,92.2371406738957,0,627
3,594.222352732503,358.547081227394,0,628
3,232.638190308953,508.481974347229,0,629
3,736.69129077472,547.422842034367,0,630
3,428.10652977334,242.451690478123,0,631
3,293.373717442778,342.097800930448,1,632
3,313.981121021869,495.782576396367,0,633
3,147.36696139923,791.096777784231,0,634
3,504.481270291786,211.647886275401,0,635
3,188.069899965919,263.335601908511,0,636
3,215.69624856077,381.499307717099,0,637
3,287.458977198163,46.7869032972441,0,638
3,488.676135416755,686.707051320075,1,639
3,590.847150910765,674.228582530377,0,640
3,545.283252769137,463.21544088859,1,641
3,401.48218352783,252.474392831837,0,642
3,617.962822218878,512.45461740345,1,643
3,266.156138268121,34.7812356186691,0,644
3,388.852818555711,671.964035364225,0,645
3,750.053999682171,401.636750990733,0,646
3,705.717723575371,413.954640077672,0,647
3,774.311288518754,553.24010788168,0,648
3,565.87993741167,611.379477084595,0,649
3,57.2559550353029,645.838693794129,0,650
3,779.664312028165,132.140123881454,0,651
3,180.991229190863,722.385843979868,0,652
3,664.083812301832,263.666925866963,0,653
3,676.040360303963,759.975802945728,0,654
3,484.298618895839,548.124054934023,1,655
3,143.491539646794,524.684656078385,0,656
3,296.725284835652,436.845575384822,0,657
3,269.26945557413,452.501775221636,0,658
3,691.163491933513,484.871693988219,0,659
3,73.6632760338669,194.104842912412,0,660
3,122.487802763366,506.453236412063,0,661
3,759.207021673639,110.197117228463,0,662
3,737.361182098725,93.6905548997309,0,663
3,28.4701330979292,366.933402430758,0,664
3,294.082073801809,157.002159565379,0,665
3,394.867565736468,434.205910941429,0,666
3,640.401000060245,85.2522664015905,0,667
3,77.4858110063622,347.992381655953,0,668
3,185.312333106831,450.90756619609,0,669
3,54.1875115738236,84.9827144193608,0,670
3,158.648311468341,277.552552996194,0,671
3,50.4502885873649,760.454076794093,0,672
3,541.628259920251,625.792028823212,0,673
3,82.4362239447716,37.9488576426444,0,674
3,463.701317952237,791.148535739248,0,675
3,325.355433939409,448.9464328235,0,676
3,108.563283777182,561.709971525018,0,677
3,295.66662179432,746.871160721978,0,678
3,497.08027100787,275.445976136075,0,679
3,774.478177792486,505.225083522441,0,680
3,363.908794590573,430.947965582638,0,681
3,526.211181875363,581.489547038328,0,682
3,755.756730769231,189.765271493213,0,683
3,461.549098054231,624.886420691595,0,684
3,332.939665153195,261.383935234588,0,685
3,607.223558956398,789.452554438861,0,686
3,650.762820632987,742.36732589746,0,687
3,375.725432927476,771.561756846341,0,688
3,718.735429298749,600.154627124158,0,689
3,790.521402550091,312.964548840497,0,690
3,339.658952991453,189.595512820513,0,691
3,308.683026025877,607.452573734462,0,692
3,670.208605339633,434.806550517453,1,693
3,668.487540315271,27.036289729567,0,694
3,185.110722599747,558.560340324654,0,695
3,683.744296825825,612.585088271439,0,696
3,212.462986521163,313.012820609954,0,697
3,132.886277667769,307.597036550873,0,698
3,390.288349124557,316.386294880319,0,699
3,476.853729752047,760.722111461774,0,700
3,92.232542248015,231.878491242456,0,701
3,311.243370585063,305.737816535122,0,702
3,368.354491227173,252.427300789938,0,703
3,41.0298096004291,608.837562349155,0,704
3,347.952957673979,755.202842917184,0,705
3,228.96357792886,348.309055815996,0,706
3,785.281106772221,610.502155583118,0,707
3,98.8761443443165,64.1796219292813,0,708
3,121.652319482882,662.66860198822,0,709
3,503.431834695731,167.994896054092,0,710
3,476.445168317746,718.002134993381,0,711
3,526.342421526392,252.835858366824,0,712
3,218.262412314334,551.673411717929,0,713
3,767.424513109059,441.496716305406,0,714
3,31.8643570868786,701.008605140071,0,715
3,470.831710654516,82.9071875260514,0,716
3,723.785971634305,436.604953155781,0,717
3,451.145273943602,576.195636096762,0,718
3,569.923946679605,637.556934410233,0,719
3,240.34461827531,101.368466392868,0,720
3,217.333540919558,227.42197247589,0,721
3,594.630656203039,140.268779125366,0,722
3,65.6457176717773,220.085365549711,0,723
3,349.578346559807,350.095448979859,0,724
3,655.680584296779,575.544158309603,0,725
3,776.608994470882,207.614667215642,0,726
3,781.689745724479,36.8999452389009,0,727
3,78.7079375461353,598.023274718565,0,728
3,43.9094854259885,197.433063570197,0,729
3,284.626447898032,365.934089892665,0,730
3,509.990272418229,732.466346915434,0,731
3,447.464947909902,471.758218900421,0,732
3,364.658895507749,489.599670428786,0,733
3,625.187800669955,191.98638580196,0,734
3,440.305512941519,96.5824892902529,0,735
3,480.109633500166,289.72001508834,0,736
3,462.072965949249,351.227124145769,1,737
3,768.031338869298,582.34800714017,0,738
3,302.14816914353,583.184885631352,0,739
3,249.720733545967,224.106154502607,0,740
3,414.862302682806,763.702193199783,0,741
3,205.877194372626,584.56262373336,0,742
3,107.613274085209,332.36778130566,0,743
3,12.2467973528677,86.9146214269417,0,744
3,645.02701715179,521.675779596503,0,745
3,115.397190181,157.290634901952,0,746
3,546.78464067509,558.768160318564,0,747
3,440.003062603041,440.140749984735,0,748
3,564.60129841706,292.525984602173,0,749
3,60.2562000106322,388.183903363152,0,750
3,119.279438220012,735.982432357365,0,751
3,247.132049889889,301.72879714537,0,752
3,678.227764928412,367.453168313464,0,753
3,205.2212891622,182.753020913093,0,754
3,746.134390567281,454.14045270612,0,755
3,743.455551628405,765.420367847282,0,756
3,524.857392722236,183.401146266189,0,757
3,668.289577320827,556.285727312811,0,758
3,524.232234722117,400.87865687182,1,759
3,82.2882034036253,553.97687220614,0,760
3,277.426178418387,390.357628518663,0,761
3,51.2330772957875,585.351257544953,0,762
3,426.91541124711,48.5702907119193,0,763
3,396.570630091035,208.232550535204,0,764
3,59.8096233891728,533.437292287256,0,765
3,433.943067175197,291.702891752789,0,766
3,701.779726910009,39.4822745280492,0,767
3,423.605406651908,349.71666007801,0,768
3,598.335580079491,18.3227588274637,0,769
3,218.039537712895,669.008283240303,1,770
3,574.95061925098,322.619109807425,0,771
3,532.256058177613,705.542595909884,0,772
3,170.665212319868,356.110357278788,0,773
3,259.2115887858,126.977021145909,0,774
3,744.024491173621,304.584536266254,0,775
3,136.694121353412,69.6503349925441,0,776
3,2.81648024750119,419.259539108361,0,777
3,3.12208583685313,447.561148677679,0,778
3,2.19310754604872,125.169102792632,0,779
3,2.67216088736848,369.345973928368,0,780
4,534.014166561884,775.176057185427,0,1
4,565.797150617796,385.802184411187,0,2
4,702.896717690067,112.885553144488,0,3
4,750.889210769053,644.780078980745,0,4
4,301.585106753813,459.575479302832,0,5
4,293.861236646906,682.941747572816,0,6
4,709.417760203766,346.186716137124,0,7
4,315.783315551,174.399095196191,0,8
4,114.123731545902,237.291481418632,0,9
4,173.440803336434,794.72947428894,0,10
4,691.729161190455,636.916577100188,0,11
4,248.852160208312,598.460932093055,0,12
4,756.666169173317,522.725804430121,0,13
4,264.343239962652,652.397464985994,1,14
4,577.939287416853,235.451697697939,1,15
4,697.26643397324,385.327574806804,0,16
4,609.386494370943,703.018487497656,0,17
4,764.90225236367,772.38342703978,0,18
4,676.212313123374,728.485726164682,0,19
4,21.5135099997218,722.605977123866,0,20
4,146.309468958592,553.318090259318,0,21
4,465.885793844612,160.894313859015,0,22
4,688.186622874461,518.186125634036,0,23
4,698.350094590357,667.376169141952,0,24
4,489.245070384615,381.782869625368,0,25
4,12.6897185592679,308.689158554234,0,26
4,80.741107006626,657.251006567868,0,27
4,556.486197619561,432.177614910631,0,28
4,374.121604966747,216.324275170107,0,29
4,78.8976464098557,146.813603628451,0,30
4,125.916144091916,385.433340029943,0,31
4,797.293517179079,377.395485341781,0,32
4,206.872700612937,503.998935570211,0,33
4,503.884432468729,409.03128786908,0,34
4,191.001287273487,108.060492062249,0,35
4,591.912025379608,767.726533351333,0,36
4,306.551159996067,123.159028073092,0,37
4,449.436585634347,688.878754430993,0,38
4,341.357824210765,650.310085295379,0,39
4,262.081284856285,77.5188223938224,0,40
4,516.120922435053,13.5051425627513,0,41
4,92.0399204499166,169.999787789429,0,42
4,418.52509700456,454.878971525198,0,43
4,390.947485485432,628.904333763395,0,44
4,585.398191945823,713.49068832713,0,45
4,736.608983140858,29.9662073115495,0,46
4,12.444140152324,782.919933803118,0,47
4,632.950848044306,324.909216778376,0,48
4,409.107638360687,333.194908557713,0,49
4,609.961671813208,211.095938489161,0,50
4,231.990739249131,651.801557026164,0,51
4,123.087326669186,211.607442203978,0,52
4,644.362338244107,788.098378932169,0,53
4,272.233731327761,412.11309221474,0,54
4,706.732202782393,81.2001425915518,0,55
4,143.735232191624,772.33754739921,0,56
4,732.402853718188,179.874296760862,0,57
4,760.801367364644,8.84787534340208,0,58
4,766.094255393231,724.850627963887,0,59
4,722.863440030959,503.675831052879,0,60
4,150.823339786261,29.0572357695965,1,61
4,787.445689091507,351.516206576352,0,62
4,112.85635883511,25.8240636583948,0,63
4,41.5969484702093,238.384912704467,0,64
4,152.556084569838,672.501125570332,0,65
4,554.448682763142,524.776777149376,1,66
4,96.1956964105157,119.869913492866,0,67
4,231.226928732053,32.1801303119414,0,68
4,731.226892577979,781.624636468726,0,69
4,289.902412359571,659.873184458491,0,70
4,277.484295315019,622.348819286022,0,71
4,359.448847521439,403.134634316391,0,72
4,375.486171222293,26.783761111218,0,73
4,426.535863741758,530.61041204474,0,74
4,438.942189086634,393.852439741329,0,75
4,476.591552631735,56.4547901579613,0,76
4,579.251467982789,746.141559550927,0,77
4,309.787750283904,712.976274580121,0,78
4,659.434640136591,693.285592329918,0,79
4,471.859161684436,409.889772811946,0,80
4,461.95418972332,297.17637790953,0,81
4,174.374867392355,698.914668769306,0,82
4,241.400477296182,576.001216890265,0,83
4,788.077950913841,72.9969489309151,0,84
4,23.1121924629729,157.973398604791,0,85
4,370.125921158894,622.514236321421,0,86
4,492.651826579498,342.18683490045,0,87
4,366.731362123306,155.028724473906,0,88
4,103.012445976008,633.277499954538,0,89
4,547.509258530218,274.573067414138,1,90
4,733.998590964047,579.72107210819,0,91
4,90.4003949194151,516.044437328779,0,92
4,624.499745824861,392.071009906679,1,93
4,570.620324795158,581.016032085825,0,94
4,48.3178987563121,166.545491168183,0,95
4,772.427288964091,294.37437525217,0,96
4,619.579871569723,81.0640155748319,0,97
4,225.895249673851,739.677884888084,0,98
4,484.159535519126,179.14233151184,0,99
4,132.702418319286,634.064704307099,0,100
4,346.530503607994,237.493454607276,0,101
4,777.525631368027,636.071340886422,0,102
4,338.455830026729,47.1191181715698,0,103
4,627.614821115375,157.9254592449,0,104
4,228.204796506267,769.317740089799,0,105
4,489.682629904724,610.679414978322,0,106
4,585.146936879645,22.9189174023642,0,107
4,52.8883552091537,723.148599068421,0,108
4,545.276136200077,63.0235516147764,0,109
4,738.810917783912,142.86054235673,0,110
4,369.978937257457,185.445092394122,0,111
4,476.900163381859,323.458875187883,0,112
4,520.081474262869,551.69795852074,0,113
4,313.501936140037,537.342782318765,0,114
4,660.883831595525,326.429773391019,0,115
4,15.4392728026724,394.204930837003,0,116
4,128.635126163403,180.758927305186,0,117
4,119.884922100062,269.152328793349,0,118
4,157.137000216923,423.968461044653,0,119
4,681.828030884478,95.0047228879972,0,120
4,43.8561360154584,781.344018722526,0,121
4,303.470129577055,517.410851714348,0,122
4,149.121152308118,752.176820260853,0,123
4,776.400210172341,663.037557797394,0,124
4,155.29996845941,398.314457047511,0,125
4,245.264109715619,729.403425110153,0,126
4,716.212473572939,230.241032417195,0,127
4,658.59773255814,768.823894467935,0,128
4,269.771180832447,279.802248083909,0,129
4,88.2495112250967,680.982755352364,0,130
4,339.936912339475,81.6369793411502,0,131
4,213.937144453424,150.796406373151,0,132
4,342.415527538425,162.150977717838,0,133
4,630.093112291629,37.2529414558358,0,134
4,127.128306434465,421.383944626556,0,135
4,61.1489781457448,360.569431391562,0,136
4,156.584048589323,170.017737146429,0,137
4,448.568289909016,719.419678066856,0,138
4,801.600335561874,176.648838341146,0,139
4,629.259560991156,235.545358271585,0,140
4,176.326741311618,748.110013450633,0,141
4,526.662901839893,500.053642137713,0,142
4,577.075509962928,538.017421664912,0,143
4,240.540061118677,195.648029187378,0,144
4,200.547840281266,473.884796609998,0,145
4,673.900977339062,51.9129565908312,0,146
4,144.126204482884,485.2354812737,0,147
4,557.858363006545,27.693370540785,0,148
4,177.52450268452,589.158862975491,0,149
4,800.90523871505,405.008423074005,0,150
4,35.7932463592482,647.679714061033,0,151
4,305.660222961776,224.134523467138,0,152
4,161.534432211062,244.95944375581,0,153
4,753.761802664498,352.592708442137,0,154
4,271.83984467913,202.283751962323,0,155
4,339.320887199554,725.583402289571,0,156
4,700.902451108466,12.0283775719866,0,157
4,634.889782977082,115.993745452237,0,158
4,57.8480351033829,57.4298367252753,0,159
4,189.272998112511,524.109181252336,0,160
4,115.970056791945,683.061878931808,0,161
4,168.53683737646,81.7329290206649,0,162
4,478.269180660104,221.384507610224,0,163
4,638.543521331396,550.796882108631,0,164
4,176.579592986239,307.240641509607,0,165
4,786.436413854712,764.597599670642,0,166
4,422.166542026075,268.942063467672,0,167
4,146.558784570445,703.506807771945,0,168
4,654.490169847332,635.070713478587,0,169
4,285.190885928335,111.859739647813,0,170
4,199.139494967282,83.53627843855,0,171
4,644.33765587256,294.786295229339,1,172
4,218.5586779827,52.57434198357,0,173
4,751.159363213431,219.69350959069,0,174
4,48.9222014304724,625.213381570193,0,175
4,786.923052396958,269.507762401964,0,176
4,287.440756278815,785.755215889673,0,177
4,453.541309704704,264.25982402824,0,178
4,153.233167052246,327.258727748859,0,179
4,303.809843219398,628.577158906979,0,180
4,103.488801276659,197.386366694061,0,181
4,668.936562981645,128.082440100883,0,182
4,392.768845559449,382.524645708976,0,183
4,524.114102269472,277.374037455953,0,184
4,263.56177347174,751.962723428213,0,185
4,506.445890614866,239.406011504152,0,186
4,386.431039153439,406.050666666667,0,187
4,789.271781047157,333.29892311222,0,188
4,769.522101960612,478.352976520614,0,189
4,715.653763153627,693.224669509663,0,190
4,273.683654847925,13.4594751582367,0,191
4,653.353378995158,471.807746324535,0,192
4,418.21427775497,695.490878345356,0,193
4,507.795118185719,776.929465211109,0,194
4,83.3441959031745,291.658662647258,0,195
4,398.816005764262,516.247191237855,0,196
4,286.47409971871,80.0914211822406,0,197
4,372.438692728037,54.8513554133257,1,198
4,324.368933388958,361.158258720837,0,199
4,138.144169208418,255.178388608223,0,200
4,500.235109108197,310.598020572219,0,201
4,181.965888291471,230.77848818584,0,202
4,422.137171982079,17.4474004433413,0,203
4,630.362235898823,729.235557227176,0,204
4,172.821786501079,653.155952149942,0,205
4,697.998036620501,715.466172023406,0,206
4,307.505859688215,59.0202831303438,0,207
4,495.650341584598,96.742541458842,0,208
4,555.462390749086,169.748196844954,0,209
4,380.649457856778,691.586174242424,0,210
4,773.590952637486,383.227212121212,0,211
4,495.499425864377,21.9302526196741,0,212
4,684.582089916428,122.580457783471,0,213
4,310.115321377715,383.597669165103,0,214
4,37.5525429147607,507.575933303822,0,215
4,340.319822142767,555.844195383199,0,216
4,594.945458481629,94.2817014348929,0,217
4,668.736417766091,149.613163873399,0,218
4,32.3259228793837,121.363175775085,0,219
4,322.496300628581,551.774063895308,0,220
4,300.239768333574,92.1471619258475,0,221
4,441.610094881755,192.009556381242,0,222
4,45.4993290566873,215.408159816918,0,223
4,710.817332468936,52.8881555915721,0,224
4,402.733089890803,30.8242429359451,0,225
4,313.25038108386,767.572003278759,0,226
4,350.440501536639,135.13165413905,0,227
4,72.0257812277768,241.165125334631,0,228
4,655.624284447739,603.324450034721,1,229
4,204.225322805048,614.359176043675,0,230
4,162.946906984514,469.277770201314,0,231
4,15.2317210273086,674.378612665947,0,232
4,185.651266858326,38.3409347413551,0,233
4,276.307434307603,241.793377812203,0,234
4,340.91210359408,473.588557082452,0,235
4,273.955802646262,148.751439148378,0,236
4,109.686892421782,476.825188728124,0,237
4,803.087688355992,432.46318479325,0,238
4,546.836324089179,236.046220772159,0,239
4,109.992496407209,440.365930225407,0,240
4,705.350893224589,246.388584626238,0,241
4,166.574599304398,500.984242393852,0,242
4,170.234789087251,134.008898101926,0,243
4,244.3044693432,675.58031496014,1,244
4,699.525589482612,263.713036471586,0,245
4,622.971405338587,266.535750285949,0,246
4,85.5762340242966,451.579413358624,0,247
4,712.631267711996,128.348212763193,0,248
4,797.069993568273,101.237568109558,0,249
4,618.41270976569,533.844799164052,0,250
4,528.519000509771,349.255878642273,0,251
4,606.033742841737,482.570395470772,1,252
4,734.682611794291,62.8500056003281,0,253
4,171.188182361734,111.533869955157,0,254
4,196.174170993027,638.109121303507,1,255
4,623.972520908005,13.6361128680863,0,256
4,628.802296714476,616.518795484902,0,257
4,632.057319395367,486.254535728308,0,258
4,676.771892926041,166.739891150205,0,259
4,150.271256215864,201.098354378242,0,260
4,338.626521727263,386.097607934428,0,261
4,208.823622887005,682.226388666702,0,262
4,475.676035691763,475.542213479884,0,263
4,443.313284925002,777.755018804917,0,264
4,80.8762904307022,724.12383107089,0,265
4,774.759072709596,231.289005295878,0,266
4,324.90059759859,686.926231132354,0,267
4,459.260261648746,111.733311827957,0,268
4,603.96166976552,234.82671642048,1,269
4,537.415476984786,147.727703393617,0,270
4,280.822443502825,726.026492467043,0,271
4,574.123221704039,350.191356452519,0,272
4,594.530846787813,629.339148596005,0,273
4,267.083236546651,687.438443670151,0,274
4,470.340434578342,19.3965456894527,0,275
4,81.6480308438907,8.28045503682446,0,276
4,366.782278773858,104.085606323501,0,277
4,545.38969102509,371.9897319937,1,278
4,299.762332934406,193.446671402476,0,279
4,134.709191754488,457.304451059142,0,280
4,411.547568710359,122.778099669459,0,281
4,474.548283356425,198.090201532146,0,282
4,325.589307789902,227.7487601104,0,283
4,380.086826268969,556.007978479854,0,284
4,390.693108499285,282.31528076778,0,285
4,327.959819235681,123.515582609747,0,286
4,431.73171847108,743.516649183827,0,287
4,463.182647893031,508.286376029849,0,288
4,215.79492465229,10.1028969532768,0,289
4,35.1952150537634,46.5458781362007,0,290
4,522.231856432766,307.894644933434,0,291
4,553.948947158903,337.633345886145,0,292
4,735.353026071417,118.758012235742,0,293
4,298.282424234819,16.985433580249,0,294
4,662.429033888587,229.684574355725,0,295
4,631.716315307257,762.008497614888,0,296
4,55.032672849034,19.9177950114403,0,297
4,415.712490216787,297.623371428931,0,298
4,683.973271435004,336.085928104463,0,299
4,22.2729183083793,766.93510459202,0,300
4,45.5885284810127,144.861908110642,1,301
4,651.619777962424,165.752544661404,0,302
4,672.603806390977,208.735857873851,0,303
4,424.495316406817,417.957209007689,0,304
4,678.698069165928,692.508970956185,0,305
4,17.7748824981403,188.82099563806,0,306
4,266.714975845411,577.878433082841,0,307
4,243.996679017203,396.297714604236,0,308
4,253.94034667579,174.745592427871,0,309
4,626.363412157866,586.766627473299,0,310
4,124.357601807735,120.304731783455,0,311
4,403.597351753898,154.368433241197,0,312
4,26.0393279692345,436.401567815119,0,313
4,792.411413398465,245.182559582958,0,314
4,18.8255945393679,597.452227532884,0,315
4,29.1403894885913,746.191465862644,0,316
4,486.958453578124,579.3292179246,0,317
4,201.717042521801,758.720998779746,0,318
4,677.800848155468,655.909296772069,0,319
4,334.57085715647,416.575563655422,0,320
4,368.686698907582,453.051375383718,0,321
4,797.606471949031,484.484985162154,1,322
4,518.092419788533,525.276965408805,1,323
4,598.867247344632,523.392431725621,0,324
4,508.274083676008,57.6112974238628,0,325
4,563.027356641914,705.70392429868,0,326
4,765.896305738794,168.321083865451,0,327
4,72.5495415460209,699.031645023544,0,328
4,285.534182325308,571.42992513212,0,329
4,186.173665826242,155.612859077167,0,330
4,641.093607912395,55.4766066967234,0,331
4,449.383759220232,22.9337979372226,0,332
4,724.961084067533,753.130557902312,0,333
4,722.107893413776,379.021901709402,0,334
4,249.4730713246,326.580058224163,0,335
4,530.848336304219,664.071862415,1,336
4,718.381737579658,543.425939467729,0,337
4,50.4946887668159,281.827666465564,0,338
4,307.363272003319,411.049951114874,0,339
4,271.763854079644,327.29410331384,0,340
4,87.4890090826859,390.883108434631,0,341
4,610.550417167888,315.029419633201,0,342
4,558.377115739785,732.628181137725,0,343
4,755.120984426207,676.934230034829,0,344
4,243.238023377494,368.153816317378,0,345
4,10.1754397985018,141.394236290554,0,346
4,416.044415213479,628.826084010575,0,347
4,607.57353449614,734.024037579555,0,348
4,10.5455845216875,569.756815628714,0,349
4,343.301727176082,109.111925670264,0,350
4,489.206838975421,131.969385004394,0,351
4,600.675650716558,258.124167246221,1,352
4,118.431729518856,528.79670567837,0,353
4,737.904262269771,283.092947305791,0,354
4,500.953004001033,484.318973892904,0,355
4,366.008601466903,711.906155554327,0,356
4,319.279610278325,70.5828598137082,0,357
4,609.185673076923,42.1932585470086,0,358
4,151.371019759142,144.943921471867,0,359
4,104.324365435528,408.775269793781,0,360
4,386.878478352829,136.289979217244,0,361
4,746.371954514196,423.606216229492,0,362
4,32.3447037597486,289.155160439219,0,363
4,611.309181651287,119.597220702484,0,364
4,692.87645500298,542.844177599097,0,365
4,428.962071676037,597.705122399314,0,366
4,393.485890101437,485.238762559492,0,367
4,88.530353689104,315.688229624715,0,368
4,564.638861101251,794.01054962155,0,369
4,755.038952082894,40.9889879788092,0,370
4,65.7996162231913,267.540288036546,0,371
4,699.146901528014,577.040322580645,0,372
4,449.373722198496,56.5659953124682,0,373
4,634.644679302753,136.699415977794,0,374
4,322.239570558417,145.479828407326,0,375
4,22.0772787934784,503.420979116698,0,376
4,462.319722124069,374.554585418305,0,377
4,236.414640997289,701.634053835545,0,378
4,393.62855157619,462.037566927711,0,379
4,727.677725668648,162.282580400964,0,380
4,325.971931815576,580.414884104822,0,381
4,691.445826687305,220.935639275865,0,382
4,19.697414934002,21.4614454907185,0,383
4,359.894566315915,673.677645542814,0,384
4,508.216999335463,455.423126457606,0,385
4,345.848204617428,606.900800217932,0,386
4,203.550900732679,735.033926412007,0,387
4,52.6446635708621,673.805657990267,0,388
4,765.611957511381,62.2485575421697,0,389
4,477.029823855251,256.610267763019,0,390
4,573.855122641656,266.595833138911,0,391
4,603.216629821946,607.71973091929,0,392
4,588.388750830364,591.121006703303,0,393
4,529.638824326176,640.606865783343,1,394
4,216.82712219034,445.780979121832,0,395
4,700.070284844531,161.202296151337,0,396
4,352.253630820399,211.978220356879,0,397
4,248.950922055569,51.1489454416305,0,398
4,533.466437191794,207.27851908318,1,399
4,390.983061105512,175.602617784234,0,400
4,520.14138578935,474.085247934963,0,401
4,110.779043137029,295.08996555562,0,402
4,719.177152118741,205.468458244626,0,403
4,704.604729845479,299.517036694419,0,404
4,91.5827881715171,264.596126803619,0,405
4,627.855995805352,346.657607739009,0,406
4,91.0068538029628,781.739823608036,0,407
4,331.787442988618,25.180816009339,0,408
4,61.3522732313152,302.918058831831,0,409
4,315.958187962327,665.534152653855,0,410
4,349.660778985507,577.281129062512,0,411
4,247.551353489922,627.438797268033,0,412
4,261.685869820057,370.924972158725,0,413
4,652.844944251072,22.9463211007315,0,414
4,454.311148204116,329.328030875429,0,415
4,354.640673961804,10.5425057173643,0,416
4,743.792437870946,248.850588767357,0,417
4,127.197724421348,790.904010108139,0,418
4,289.437418039505,536.643521608299,0,419
4,372.559467999118,585.838255321234,0,420
4,588.896914295465,497.707930029475,0,421
4,30.7764857881137,260.439268694896,0,422
4,432.30532547068,137.577618706753,0,423
4,293.010557118041,281.898919816913,0,424
4,415.16565840383,720.722103088727,0,425
4,184.241102473553,64.1688584308134,1,426
4,585.35913544718,62.3318515853847,0,427
4,607.830723281048,67.2173933209648,0,428
4,556.505243072839,45.489183396936,0,429
4,703.465834841564,743.962496035377,0,430
4,617.704241129241,675.657750582751,0,431
4,369.549800492807,793.58109530244,0,432
4,129.54484930029,344.476443511094,0,433
4,637.296628298929,681.826057684743,0,434
4,510.199101273068,129.150058394048,0,435
4,323.291409278101,201.734859496124,1,436
4,175.855946329149,181.848898571774,0,437
4,220.376848767488,634.84418535791,0,438
4,190.574562758456,130.182118487445,0,439
4,149.756277700566,225.635105439981,0,440
4,475.684820768662,119.393514412417,0,441
4,668.031852376899,531.669935084761,0,442
4,401.761868282276,545.352555179086,0,443
4,802.999438042905,55.6278962659011,0,444
4,535.506088137009,122.000890246449,0,445
4,235.741210210978,132.455627963767,0,446
4,688.492393497768,181.406437782293,0,447
4,654.094263357257,136.293520733652,0,448
4,705.335505430242,192.913979695616,0,449
4,614.944056667617,651.950603757334,0,450
4,747.767585117101,268.477294745994,0,451
4,455.917890224898,234.421593805796,0,452
4,520.502425013965,37.792299292035,0,453
4,624.34814321328,642.588631331003,0,454
4,438.637847435216,121.966301339986,0,455
4,742.840682948892,738.067532186611,0,456
4,528.513642195908,437.95759769931,1,457
4,717.025205227022,457.31982732362,0,458
4,33.9997412019763,532.933607585296,0,459
4,733.33657970135,215.278933814161,0,460
4,430.714137876849,157.093787086298,0,461
4,548.254652894276,313.326196130913,0,462
4,722.689631007132,304.170256944424,0,463
4,664.349040901627,180.901414390207,0,464
4,376.901650233589,524.024739652198,0,465
4,406.133956975023,98.9762837018489,0,466
4,8.45021475594091,246.987855889093,0,467
4,742.180263241857,709.95565934334,0,468
4,423.288139832385,60.9547846314489,0,469
4,409.205681448627,575.436117920451,0,470
4,658.896562298315,196.941987669772,0,471
4,482.871421706948,453.752671451356,0,472
4,153.289456184273,727.280316561798,0,473
4,767.414168838547,260.793695362089,0,474
4,420.925474470022,479.60077535345,0,475
4,422.624251418227,183.363382905497,0,476
4,787.17954383387,702.900679153071,0,477
4,802.518798139008,579.159862902227,0,478
4,632.304827916136,366.573877111298,0,479
4,669.157091508325,302.884353787667,0,480
4,532.999583333333,32.1979166666667,0,481
4,734.714396135266,360.57704777241,0,482
4,405.433014596726,793.41853004991,1,483
4,181.090635492779,206.735034764426,0,484
4,12.2843237284359,212.479148733225,0,485
4,148.888677230045,365.879148712213,0,486
4,7.63190139005461,702.267205654816,0,487
4,265.577681125289,552.974105620606,0,488
4,368.644840014991,79.7486545916635,0,489
4,457.337204527925,176.801925956173,0,490
4,308.791484962406,256.76384085213,0,491
4,723.704873518255,720.06873192274,0,492
4,209.612135872199,785.686765687186,0,493
4,244.399610586882,5.91126594812614,0,494
4,723.468075626204,259.782586705202,0,495
4,399.547076680887,735.953671924752,0,496
4,437.784864498645,504.72076373491,0,497
4,486.73790543075,247.522927145614,0,498
4,276.489006873235,178.178582635719,0,499
4,410.076267289844,73.2436457750685,0,500
4,562.970171968337,486.142803954663,1,501
4,146.077302631579,121.263687865497,0,502
4,363.783143507973,535.635490111003,0,503
4,411.873141560117,218.624989472437,0,504
4,578.64726407613,40.9971828858427,0,505
4,763.004415214698,699.147701811856,0,506
4,6.8968896713615,469.73720657277,0,507
4,387.342784884902,115.035289247866,0,508
4,213.119204300922,111.398225643662,0,509
4,388.347455456851,719.613704680179,0,510
4,12.1540297937357,341.998319142308,0,511
4,192.298558372529,3.93455699590838,0,512
4,802.098846342221,521.521458990348,0,513
4,315.139233131516,7.14140475973798,0,514
4,460.486674245295,135.466714320163,0,515
4,525.865313920922,595.81623294894,0,516
4,353.126420723462,505.544836883029,0,517
4,154.771895239742,52.2673594201773,0,518
4,106.964770496401,372.113813396724,0,519
4,481.347795839187,151.997027393137,0,520
4,6.78433576056419,175.988706687308,0,521
4,802.391509525671,666.356199080423,0,522
4,334.564206901119,524.211765679846,0,523
4,170.568156837243,10.9038251520624,0,524
4,548.638213945067,798.950840918031,0,525
4,6.53214073944162,42.63393610269,0,526
4,695.473698444895,318.710632183908,0,527
4,801.028609128587,741.298344592573,1,528
4,701.386511281236,778.54567568451,0,529
4,760.170328421442,318.221552904693,0,530
4,608.151580572422,377.644630429894,0,531
4,639.78171100947,176.47186509726,0,532
4,443.069276562995,365.130112273077,0,533
4,732.409134776587,6.26724323930316,0,534
4,221.83217280785,714.146190690266,0,535
4,783.666755524123,7.01527985565197,0,536
4,199.236744392646,660.389907841454,1,537
4,431.558748190222,175.131594708641,0,538
4,40.582088405076,564.630627460023,0,539
4,583.992097642083,449.175699564228,0,540
4,10.4342391304348,279.587096048249,0,541
4,444.111426391503,803.396710856147,0,542
4,453.500813470543,148.568540955707,0,544
4,415.421960495895,373.841336642934,0,545
4,98.3193974867004,87.9105762977505,0,546
4,116.938022233442,96.4758436472306,0,547
4,311.579492618543,803.121020128876,0,548
4,572.192840412416,5.14526143635482,0,549
4,700.271991068947,279.034003685206,0,550
4,635.160765322325,449.792039800995,1,551
4,779.110391030973,793.402091908574,0,552
4,248.006753135147,429.756128642805,0,553
4,586.175470586481,158.470265795597,0,554
4,343.494247979697,702.424272022975,0,555
4,681.746639617375,457.591105340143,0,556
4,662.226613996716,498.017015528437,0,557
4,231.036522871462,78.20470307759,0,558
4,517.950872597527,617.519814269853,0,559
4,382.18653622019,338.289366082635,0,560
4,537.28842940685,744.242670167482,0,561
4,145.233789495836,590.986346190462,0,562
4,42.386,408.200582582583,0,563
4,751.581470866543,606.316938712378,0,564
4,263.74457089637,711.088385460949,0,565
4,733.596787264198,327.948161673753,0,566
4,657.334921870411,716.03996259962,0,567
4,200.274589810017,342.196236621932,0,568
4,560.879438951825,205.966783809717,0,569
4,487.767192235796,437.346230153888,0,570
4,370.476701049584,366.41302070388,0,571
4,581.186715021564,113.793081148801,0,572
4,646.826528736038,662.688453790168,0,573
4,72.7148050357489,419.226646619008,0,574
4,371.349580820151,654.45895704513,0,575
4,51.0796726959518,448.992032730405,0,576
4,559.233977005839,657.973229314919,0,577
4,399.787625477724,355.842083667826,0,578
4,235.254302268245,462.403014053254,0,579
4,342.232961610778,630.861458513571,0,580
4,489.465680044822,515.585366641448,0,581
4,720.072337061055,627.350357440619,0,582
4,776.151589569267,417.180128320943,0,583
4,161.121020277318,622.141261025096,0,584
4,110.818725875785,599.5008200424,0,585
4,255.015288142129,789.483702815205,0,586
4,190.669693096992,397.819371051844,0,587
4,658.853510002215,104.932716755657,0,588
4,633.660610777606,706.819829418638,0,589
4,248.44570793847,258.448733738688,0,590
4,696.121159275868,143.288433814981,0,591
4,642.319261128364,418.73779929645,0,592
4,608.577412121127,422.009224249731,0,593
4,435.019577374202,323.090406963899,0,594
4,44.4655373529434,483.990991740426,0,595
4,365.683259610889,310.647522206639,1,596
4,401.606787330317,602.540871910895,0,597
4,152.20743697479,100.389117647059,0,598
4,499.138464295561,636.5794099807,0,599
4,102.067876970908,706.461877795755,0,600
4,84.953542422203,618.863386270051,0,601
4,654.225890218676,376.868230845691,0,602
4,580.586066966517,209.014255130499,0,603
4,701.575682477567,435.53558153715,0,604
4,176.529884252936,774.905506663708,0,605
4,42.6974940724318,322.690405875657,0,606
4,729.651686928854,668.85537143761,0,607
4,429.476438746439,551.537748538012,0,608
4,456.76064304935,536.772335502496,0,609
4,560.763262205035,130.526066350711,0,610
4,559.299144992305,764.433318247949,0,611
4,454.319521010551,601.433952758205,0,612
4,217.880961966428,413.585532978209,0,613
4,669.389357469143,405.12869334171,1,614
4,346.00366092741,781.104517700406,0,615
4,451.259948241901,651.45786010645,0,616
4,136.562472953791,12.2516723859925,0,617
4,785.535057574054,460.037039875994,0,618
4,237.485474270552,159.822721140411,0,619
4,253.077017643228,534.020917340456,0,620
4,593.13886104656,400.869528049202,0,621
4,736.774119225754,477.534126441583,0,622
4,771.583233733242,88.8624498339407,0,623
4,600.865073888891,557.110424038277,0,624
4,600.31190569488,176.849566788575,0,625
4,444.167298315566,211.224398149542,0,626
4,528.649857549858,90.0968502690725,0,627
4,596.771307266276,357.376245437506,0,628
4,234.85603989492,505.650379209523,0,629
4,739.502318118547,544.941880905814,0,630
4,430.929667328169,239.905444238169,0,631
4,296.316151866152,340.387042381844,0,632
4,316.535927905729,492.720264176752,0,633
4,151.200025082488,788.912909465148,0,634
4,507.050727172899,208.857922954007,0,635
4,190.626826886877,261.812176232505,0,636
4,217.87575236661,378.823833742962,1,637
4,291.124053862079,44.0565703420736,0,638
4,492.596128160763,684.19217721335,0,639
4,593.923570167097,672.560172078069,0,640
4,550.750323594904,460.608810542829,1,641
4,404.974446624259,249.922639689806,0,642
4,620.593394303546,509.49447639206,0,643
4,268.635366366152,32.4611174544272,0,644
4,392.417099102903,669.58378151136,0,645
4,752.860730735393,399.306784660767,0,646
4,707.987707888941,411.46496366821,0,647
4,778.076892944063,550.718723396003,0,648
4,567.728794528899,608.730252981293,0,649
4,60.5849650841008,644.295022052147,0,650
4,782.320093419312,130.123993882275,0,651
4,185.102495456198,719.60985823337,0,652
4,667.581924917222,261.651359831512,0,653
4,678.868077324974,757.960815047022,0,654
4,484.518350137736,541.752160325446,1,655
4,146.035371578201,522.113085921125,0,656
4,298.826844951612,434.22896720661,0,657
4,272.196979238333,449.997379860145,0,658
4,693.606222483351,482.634140184032,0,659
4,76.9547872957893,192.481369517943,0,660
4,124.84283830143,503.895895794895,0,661
4,761.694790589795,107.617976805832,0,662
4,740.476481873831,90.6610495110238,0,663
4,32.3365664880536,364.929972043178,0,664
4,296.679524996846,155.080870567021,0,665
4,397.589630075485,431.428857063517,0,666
4,643.614716324449,82.8458992140905,0,667
4,78.7498298481089,344.01663700245,0,668
4,187.343597828894,447.235489408851,0,669
4,55.9128545781881,83.9045282913464,0,670
4,161.65780203481,275.778215474569,0,671
4,53.3216507962609,757.725490703607,0,672
4,544.710437532203,624.244810020902,0,673
4,85.4849308341174,36.4228115353505,0,674
4,467.203318877373,788.891048007204,0,675
4,328.19705481853,445.790862005429,0,676
4,111.722103570651,558.529083656832,0,677
4,298.200449948223,744.861703637258,0,678
4,500.170716260815,272.971409261508,0,679
4,777.239284494535,502.973036202186,0,680
4,367.756701524776,427.908940390818,0,681
4,529.045010912417,579.590608465609,0,682
4,758.392108470445,187.513831236334,0,683
4,464.062842599361,622.815512012977,0,684
4,335.498828381556,259.673946472809,1,685
4,610.114682856342,786.911817672051,0,686
4,653.684322474523,740.724807203074,0,687
4,379.096590115349,769.582104191608,0,688
4,721.773452886859,597.918237073145,0,689
4,794.402835931524,310.896336511091,0,690
4,342.339338251084,187.119717175622,0,691
4,311.564606790608,605.474678508045,0,692
4,673.260427404749,433.281962346631,1,693
4,670.544703992198,24.0193082352987,0,694
4,188.582169311365,555.610043774319,0,695
4,686.905102174483,611.422075219049,0,696
4,215.034600552058,310.986440739097,0,697
4,135.331385914228,305.905928757834,0,698
4,392.807494089835,313.842663514578,0,699
4,480.502077849915,758.218678228149,0,700
4,94.9342364946446,229.088498189457,0,701
4,314.131080908891,302.801479805494,0,702
4,372.03102430918,250.285325285807,0,703
4,44.7456167210651,606.349900176094,0,704
4,350.383497095538,753.536637931034,0,705
4,229.459702135998,346.073249069175,0,706
4,789.136561462459,607.563330133205,0,707
4,102.385961837643,61.5320253476603,0,708
4,124.291801255533,659.661834847655,0,709
4,505.762083380571,165.456056317656,0,710
4,479.920278968933,715.717687154533,0,711
4,529.689807965034,250.396693254775,0,712
4,221.815139118457,549.293016528926,0,713
4,770.607671888314,439.655951639685,0,714
4,35.5310222303207,698.751235017817,0,715
4,473.272720098714,80.6881097910928,0,716
4,725.707455214376,434.956924294936,0,717
4,453.874134628838,572.815684945489,0,718
4,572.465860940498,635.541670777514,0,719
4,242.965895137579,98.9802443870514,0,720
4,220.342172489912,225.374195944691,0,721
4,597.516462708218,137.731859867403,0,722
4,69.0595535748736,218.111450656583,0,723
4,352.682784862197,347.33392636775,0,724
4,658.250117073162,573.074291015257,1,725
4,779.401946368436,205.296711735377,0,726
4,784.525208918263,34.5941826581967,0,727
4,80.8774332192454,594.799189779299,0,728
4,47.0478948215253,194.879434213532,0,729
4,287.154450911809,363.657169207629,0,730
4,513.056413083425,729.880007350239,0,731
4,450.85298723824,469.640188192838,0,732
4,367.445361786545,487.930406855962,0,733
4,627.74678860369,189.559397735871,0,734
4,442.613816310372,93.9119160728424,0,735
4,482.901861215036,287.6789377501,0,736
4,464.740026669715,348.969715777041,0,737
4,770.936225313718,579.801678593123,0,738
4,304.689676729093,581.137915362442,0,739
4,252.754834322327,221.499188889229,0,740
4,417.928205795593,761.78270287466,0,741
4,208.863467246288,581.905227264364,0,742
4,110.011152843736,330.997361191725,0,743
4,14.8403680685369,84.3744306797072,0,744
4,647.286037950314,518.78236341232,0,745
4,118.436706835178,155.583908335549,0,746
4,548.113995783968,554.41388896178,0,747
4,443.664284927156,438.062190833022,0,748
4,567.908848500363,290.607369009865,0,749
4,63.0245769838717,385.909300993276,0,750
4,122.996871815109,734.049830605202,0,751
4,250.419216307432,299.308001653266,0,752
4,679.959167590917,363.824175147069,0,753
4,207.740998641304,180.59250830314,0,754
4,748.486844472118,452.149429223744,0,755
4,746.54528212423,763.79917237812,0,756
4,527.872127588226,180.84645918234,0,757
4,671.062123493976,553.308258032128,0,758
4,527.804065166204,399.503752044654,0,759
4,84.6082293867104,553.200315369619,0,760
4,279.525555713429,388.511627356256,0,761
4,54.2115330308339,583.525827326422,0,762
4,429.722413130447,46.1114067821961,0,763
4,399.083157151094,203.514240459753,0,764
4,64.0878887021138,530.52445311883,0,765
4,437.884007639289,289.317705332565,0,766
4,705.029720758494,36.8077511473738,0,767
4,426.466244165208,347.869084458615,0,768
4,600.969553209748,15.2955437140962,0,769
4,221.111505521749,666.990562316881,1,770
4,577.844568719065,319.65528904961,0,771
4,535.554306010528,702.470087721443,0,772
4,173.102080024548,354.041052258291,0,773
4,262.6108367885,123.696983100141,0,774
4,746.948786626569,302.645859385705,0,775
4,136.110533745176,72.9135238104667,0,776
4,4.69458429698156,416.330064342051,0,777
4,4.93879231143876,443.67742854929,0,778
4,3.64555969915877,122.042335115865,0,779
4,4.49341638109351,368.077782665967,0,780
4,564.366238317757,88.7123456275033,0,781
5,537.083764619613,772.49569295153,0,1
5,568.734314957216,383.915324404026,0,2
5,705.429175317186,109.501918492887,0,3
5,754.484899835234,641.83884117196,0,4
5,301.865498083631,458.64697315169,0,5
5,297.849876410415,680.783732351136,0,6
5,712.57990840102,344.562381396208,0,7
5,319.152915711739,171.210200353991,0,8
5,117.085838353414,235.180818273092,0,9
5,177.398193741193,792.869437218377,0,10
5,695.089572350092,634.1564317146,0,11
5,253.145169223974,596.316102252137,0,12
5,759.311847337745,520.421136644203,0,13
5,267.611444240071,650.058233871517,0,14
5,580.587683171591,233.534220715245,0,15
5,699.526450511945,382.339596142329,0,16
5,611.219656074653,701.64629105655,0,17
5,768.067474654789,768.687842104592,0,18
5,678.631842374077,726.609794836872,0,19
5,25.0403277784915,720.272795274596,0,20
5,148.996861383326,549.978837786522,0,21
5,469.272238819945,158.834161091534,0,22
5,691.598819519598,515.049127804522,0,23
5,702.043728784067,664.77518385913,0,24
5,492.416593227254,378.028749490004,0,25
5,17.0322449523772,306.764586158344,0,26
5,83.4783303794924,655.0291892265,0,27
5,560.482432699306,430.081512109499,0,28
5,376.910834625977,214.118120953953,0,29
5,82.3578612250813,144.30975162049,0,30
5,128.575414405066,382.831841802567,0,31
5,803.06919079023,375.018766704849,0,32
5,211.389313097592,499.70627930352,0,33
5,507.274127961435,406.879890341851,0,34
5,194.426297686054,104.825820825516,0,35
5,595.069430735784,765.461321418088,0,36
5,309.113953328774,120.913718600096,0,37
5,451.843039754305,686.334575817472,0,38
5,344.819497195177,647.263679051722,0,39
5,264.378984385082,76.3567792531207,0,40
5,518.3778976726,11.1330395138342,0,41
5,94.3786253476361,168.734604688121,0,42
5,421.106422305764,453.014513693873,0,43
5,394.245884040315,629.050027108525,0,44
5,588.480342727232,711.55384671844,0,45
5,739.20809621378,27.5111584568419,0,46
5,14.6554470291944,780.818610199821,0,47
5,636.505629513878,322.409749977462,0,48
5,412.700109658313,330.904515547733,0,49
5,612.266072726304,209.238989020411,0,50
5,239.452110010318,648.234515980317,0,51
5,126.395626273585,209.066092817959,0,52
5,647.309287604299,785.675819324871,0,53
5,275.118254689938,410.299465802929,0,54
5,709.934645494596,78.8581361822922,0,55
5,147.92026929002,769.844859110692,0,56
5,735.794382205321,176.811085701561,0,57
5,763.211421173763,7.9075869454034,0,58
5,769.467792025548,722.599409469979,0,59
5,725.824786351647,500.684421635732,0,60
5,147.512246561989,33.1218096760822,0,61
5,790.461246042778,348.927790445453,0,62
5,115.639842657533,22.7817386019614,0,63
5,45.0719590643275,235.824844054581,0,64
5,155.675833114955,668.913693439902,0,65
5,558.628633192133,521.589699586551,0,66
5,100.141903090862,118.344833693504,0,67
5,234.179651794199,30.2055648571328,0,68
5,733.776022441873,778.669739043094,0,69
5,293.996043059296,656.946964919989,0,70
5,280.929585255263,620.337935462369,0,71
5,362.491208353096,400.523636477506,0,72
5,378.015021927131,24.8487805976627,0,73
5,429.562199672871,528.030786738194,0,74
5,442.815279034277,391.602997322514,0,75
5,478.802591175899,53.1569256767351,0,76
5,582.496786263182,743.620068790444,0,77
5,313.654211773803,710.925880009414,0,78
5,663.098981318695,691.532904073928,0,79
5,475.978495309019,406.327205139586,0,80
5,465.305584140868,294.809684346683,0,81
5,177.708418295475,695.545734724423,0,82
5,245.328029629242,572.222621144478,0,83
5,790.812069863936,70.4561340390331,0,84
5,25.4587361012843,155.0732409017,0,85
5,373.453377427005,621.418844795218,0,86
5,495.853541407308,339.735899353457,0,87
5,369.349547998808,152.34412176821,0,88
5,105.711341480042,631.218535183102,0,89
5,550.929263482737,271.249579755577,0,90
5,738.228362426953,576.658432143698,0,91
5,92.7755191607793,512.187932633983,0,92
5,627.675978246559,390.184598132118,0,93
5,574.260858525182,577.517537258588,0,94
5,51.994764957265,163.786382314267,0,95
5,775.446771271677,291.925518726792,0,96
5,622.539282990084,77.9935163996949,0,97
5,229.986792529107,737.779645321259,0,98
5,487.364805789396,177.248547728056,0,99
5,135.48367912507,630.492670844736,0,100
5,349.762834267531,235.127850032113,0,101
5,780.141815082431,633.280444964871,0,102
5,342.597230873901,44.5652570321577,0,103
5,630.780545675473,155.070667657624,0,104
5,231.186763166805,766.919913691972,0,105
5,492.180527918958,608.20292421845,0,106
5,587.971363386575,21.1653761610047,0,107
5,55.9792669933197,720.838066648441,0,108
5,547.562447356548,60.4118859049255,0,109
5,741.166640460443,139.616210678381,0,110
5,372.902100500211,183.021618245364,0,111
5,480.945150755648,320.533888111023,0,112
5,523.196558195722,547.749385379253,0,113
5,316.477001353982,533.646114355025,0,114
5,663.792821281414,325.603514730812,0,115
5,19.1260754185773,391.886446187191,0,116
5,131.762306641384,178.673356783877,0,117
5,123.214189034108,267.06034275651,0,118
5,159.74710815137,420.951185810471,0,119
5,684.854456175354,91.9047341147782,0,120
5,47.1065111413102,779.088903988438,0,121
5,304.542736216202,513.792987077265,0,122
5,152.145774480093,749.206003658511,0,123
5,780.02989884733,660.970273661099,0,124
5,157.357339212042,395.553821977423,0,125
5,248.625734787334,727.103798030405,0,126
5,719.817976261521,227.840018897951,0,127
5,662.060086580087,765.981277056277,0,128
5,273.281067585249,277.449178215707,0,129
5,91.6067706133311,679.156867766326,0,130
5,342.717744107744,79.2040740740741,0,131
5,216.452624098977,148.688641153309,0,132
5,345.168286273728,159.878282030439,0,133
5,633.257590327152,33.991267086203,0,134
5,130.152389355658,419.063447534032,0,135
5,64.7012333297675,357.839812883326,0,136
5,158.813248677976,167.471344530385,0,137
5,452.758689279732,718.127875277059,0,138
5,803.308162173903,175.168807016029,0,139
5,632.408529105704,233.750976392058,0,140
5,178.166723299328,743.084782999266,0,141
5,530.58049137513,497.325526012538,1,142
5,580.676634786329,535.034552320375,0,143
5,243.254467036352,193.333333333333,0,144
5,205.396524064171,471.609073803994,0,145
5,677.277666203302,48.9715113882766,0,146
5,146.44100575649,481.804611708483,0,147
5,559.560123132175,24.5605788022291,0,148
5,180.251488832705,585.937718215137,0,149
5,802.915327489274,401.085204916152,0,150
5,39.4117071442982,644.566031541913,0,151
5,309.182809189249,221.024792293967,0,152
5,164.087554860001,242.722406978986,0,153
5,756.978259428708,350.445318846713,0,154
5,275.070210561934,200.446312742153,0,155
5,342.08919985903,723.576776528475,0,156
5,703.992493061847,9.98997879268621,0,157
5,637.892149596905,113.304742135939,0,158
5,59.9690472734812,54.8571356002488,0,159
5,192.520827677737,520.628858792735,0,160
5,119.762148213068,680.126357240238,0,161
5,170.9013106469,79.8519777628032,0,162
5,481.295983645984,218.948490860991,0,163
5,641.011898531418,547.977745265963,0,164
5,179.421756828913,305.484209429455,0,165
5,789.703130012091,762.669242110198,0,166
5,425.645388339834,266.731822568938,0,167
5,150.283370979027,701.433476200738,0,168
5,657.259943894994,632.747774195948,0,169
5,288.490486714023,110.072505481014,0,170
5,202.641072040698,80.3524381196522,0,171
5,646.522314861835,292.551603282014,0,172
5,221.654046661303,50.5605041566103,0,173
5,754.592875864898,216.383679141708,0,174
5,52.8737670068027,622.52570861678,0,175
5,789.686505066162,267.716032320101,0,176
5,290.695142691802,783.816229296803,0,177
5,456.573522423114,261.452372606431,0,178
5,155.956162530219,324.519074518609,0,179
5,306.753883208308,626.471028470069,0,180
5,106.956561206305,194.675758230803,0,181
5,672.328338759059,126.025600220905,0,182
5,395.150279237599,380.071416272568,0,183
5,527.85441214659,274.337338842707,0,184
5,266.464220476181,749.396673474257,0,185
5,509.406025814015,236.39755291934,0,186
5,389.574736990378,403.400388241819,0,187
5,791.932776114196,330.86424542838,0,188
5,773.306089432473,475.515359477124,0,189
5,719.402074127074,691.17357970273,0,190
5,276.076718539937,10.905476574739,0,191
5,656.031258198193,468.808844253326,0,192
5,421.870893422509,693.928569355101,0,193
5,511.4884898346,774.949367820077,0,194
5,85.8112993432448,289.016470643512,0,195
5,402.416498778999,513.483195970696,0,196
5,288.448379945248,76.9271981427782,0,197
5,374.86709952723,52.724565165908,0,198
5,328.183824116754,359.256793203742,0,199
5,141.308049739233,252.88878765134,0,200
5,502.631260058695,306.906952840778,0,201
5,184.917037019376,228.41977969577,0,202
5,425.672613200378,15.0063643356255,0,203
5,633.052595111688,727.072624276856,0,204
5,176.011142807179,649.535166240409,0,205
5,700.939146356475,712.88936142568,0,206
5,309.841950487919,56.632926595727,0,207
5,498.01735042735,94.3699962839093,0,208
5,558.591152815013,166.754021447721,0,209
5,383.750406595478,688.872300058377,0,210
5,777.625799447208,380.661417357656,0,211
5,498.565283412215,18.6842066711742,0,212
5,687.629684418146,119.763153569328,0,213
5,313.013253866761,381.163420174055,0,214
5,41.3995652393305,504.832976097911,0,215
5,344.89829525915,552.680856464423,0,216
5,597.776107939814,91.726154579581,0,217
5,671.621056900158,147.323272478244,0,218
5,36.3928245715674,117.163820416503,0,219
5,325.502060864777,548.858720450962,0,220
5,302.911586698051,87.7834769750739,0,221
5,445.216620395607,189.911936031845,0,222
5,48.970156521331,212.972112060199,0,223
5,713.928893787142,51.2946925985954,0,224
5,405.218734477075,29.291865480679,0,225
5,316.241593272455,765.611711398507,0,226
5,353.654024319237,132.584357693193,0,227
5,75.33871175685,239.138468571406,0,228
5,657.704599512953,600.904949923827,0,229
5,208.766537404095,611.686912798755,0,230
5,166.434938829643,465.970086973782,0,231
5,18.4191829055825,670.394262331084,0,232
5,189.356343623696,37.0905252042069,0,233
5,279.117786005669,238.370686824769,0,234
5,343.16000522466,470.334191048415,0,235
5,276.982242208178,146.567025723666,0,236
5,112.40924885755,474.334412625445,0,237
5,803.2166532691,429.687109276965,0,238
5,550.149317246915,233.574729608706,0,239
5,111.987459479097,437.758708501006,0,240
5,708.765611898142,243.99866033119,0,241
5,169.344053904236,497.342565833024,0,242
5,173.107203328174,131.947173829649,0,243
5,248.025230273832,671.980310755265,0,244
5,703.230102207628,260.281763970034,0,245
5,626.472003177428,264.112726459929,0,246
5,87.9155961529167,448.552172442125,0,247
5,715.75975226135,125.985942300395,0,248
5,801.653522291696,98.3817398175047,0,249
5,621.480714685953,531.664733899059,0,250
5,531.925440326831,349.373154999225,0,251
5,608.534334944569,479.401160329943,1,252
5,737.646995984205,59.9972817879795,0,253
5,174.855683698297,108.415683698297,0,254
5,200.846509385011,635.996703872069,0,255
5,625.797392907473,9.8948162197641,0,256
5,632.025802352405,614.160368217054,0,257
5,634.157818962496,483.498053803014,0,258
5,679.931097959053,164.311372903668,0,259
5,153.421469037675,198.795879467333,0,260
5,341.33017740737,384.824633954808,0,261
5,212.482892962253,678.97982428839,0,262
5,478.793950678335,472.957981178445,0,263
5,446.858836667731,774.456418925859,0,264
5,84.7758861802979,721.782709179768,0,265
5,777.916065783206,228.519823740851,0,266
5,328.072070644633,684.47975871908,0,267
5,461.99961371351,108.888783435166,0,268
5,606.897902258517,232.22161371273,0,269
5,540.496361075208,145.258015626385,0,270
5,284.184803609342,723.72478945506,0,271
5,576.671493496317,348.006955772231,0,272
5,597.39075765724,626.941957594499,0,273
5,270.743961538857,684.998865283217,0,274
5,473.799125318496,15.9812294609657,0,275
5,85.273214795447,6.06041327799989,0,276
5,369.792459916916,101.052488756137,0,277
5,547.370350570447,370.785185977182,0,278
5,302.834292043767,190.978067873389,1,279
5,137.94353291724,454.353743079798,0,280
5,414.807449494949,118.41178389544,0,281
5,477.95426162174,195.664915022047,0,282
5,329.098338546791,225.784097565911,1,283
5,383.225436354082,554.16754150512,0,284
5,395.001778849861,279.075506744409,0,285
5,330.862614751504,120.311890731406,0,286
5,434.727819380532,740.903574184697,0,287
5,466.861280864198,504.255569058642,0,288
5,219.440384330999,8.46505714527152,0,289
5,37.1571863799283,44.6293691756272,0,290
5,525.538294230045,304.471584233668,0,291
5,556.142150979603,335.547227495657,0,292
5,738.048318433376,115.708294309635,0,293
5,301.141199701142,14.1477619009499,0,294
5,665.51612582061,228.015598927294,0,295
5,634.152106184173,759.699234237624,0,296
5,58.6684781399488,17.5181351281196,0,297
5,419.289512725346,294.874059916713,0,298
5,687.519024842808,333.646953153525,0,299
5,25.4367353360357,764.692439133968,0,300
5,48.2168438416422,142.413671662865,0,301
5,654.740450109703,163.45102662344,0,302
5,675.484691155438,206.651338767312,0,303
5,427.978868658819,415.416864263606,0,304
5,681.904595342359,690.183304164284,0,305
5,21.895178197065,186.608815993204,0,306
5,270.069724623759,574.30680153817,0,307
5,246.077643431087,393.538346384155,0,308
5,257.125239823157,172.983971471471,0,309
5,629.20454944943,584.42321017589,0,310
5,127.853099218411,118.39358083659,0,311
5,406.36967928122,151.317249473633,0,312
5,29.8278413756355,435.386626688097,0,313
5,795.826505207241,243.131605507793,0,314
5,22.1992219487651,594.617069526289,0,315
5,32.9665123998094,743.358876655737,0,316
5,489.569335119133,577.428068519067,0,317
5,205.237432059502,756.180316817272,0,318
5,681.156825010063,653.294644140648,0,319
5,337.140812258108,413.916212461422,0,320
5,371.540959623573,450.312933876767,0,321
5,801.889519663906,481.303496663605,0,322
5,522.661440914158,522.502670940171,0,323
5,601.623204322157,520.440227606082,0,324
5,512.285339497046,55.244221108417,0,325
5,566.24935741342,703.838643127706,0,326
5,769.760969223056,165.470129568781,0,327
5,75.3745217781389,696.571052624154,0,328
5,288.925931723315,566.501170244484,0,329
5,189.033092276984,152.496584523261,0,330
5,643.253646633034,53.6457008115815,0,331
5,452.942365235004,19.4755281373324,0,332
5,728.251908587085,750.482057828424,0,333
5,725.134781576448,376.665111585945,0,334
5,252.54398991904,324.431911412658,0,335
5,533.180326942307,661.898204425895,0,336
5,721.160727462367,540.870715836811,0,337
5,53.2319057791643,278.814182858047,0,338
5,309.193795303335,408.819110604024,0,339
5,274.845797526371,324.898856704748,0,340
5,90.6030109334262,388.54304115772,0,341
5,614.602152176802,311.060714174035,0,342
5,561.805157887298,729.467797871192,0,343
5,758.865804924416,674.019540872776,0,344
5,245.960211739621,365.814821069816,0,345
5,12.647971698659,138.576969581265,0,346
5,420.245946705573,626.058064271639,0,347
5,610.595734931024,732.225611445103,0,348
5,13.1581681458876,567.087243702812,0,349
5,345.813719803401,105.930195761487,0,350
5,491.90428012282,129.202812362925,0,351
5,603.622163944133,254.45539792466,0,352
5,120.634541999505,525.464270233451,0,353
5,741.568856472082,280.938719285493,0,354
5,504.665532469736,482.340270242513,0,355
5,368.29784223899,709.808997300927,0,356
5,323.322818521348,67.4433293014175,0,357
5,612.237030288207,39.4847311564959,0,358
5,155.04546758881,142.215194690868,0,359
5,106.240597885955,406.59642698006,0,360
5,391.034612719156,133.199688591281,0,361
5,749.401509347226,420.655370824395,0,362
5,35.8240789267397,287.272563775225,0,363
5,613.271740794977,116.830709650558,0,364
5,696.401960221581,540.325552996999,0,365
5,432.43253168178,594.564749044463,0,366
5,396.09118056471,482.852981110041,0,367
5,91.6536754027667,313.384358821923,0,368
5,568.14424752371,790.712786139275,1,369
5,758.569512671653,38.3899597016433,0,370
5,69.614293141499,264.908721670486,0,371
5,702.138583735501,573.438452501905,0,372
5,452.413036620992,53.5519210461878,0,373
5,637.331708161489,134.015366865317,0,374
5,325.768605566619,142.395089458003,0,375
5,25.3261948995102,500.394315900092,0,376
5,465.16292560817,371.424178266205,1,377
5,239.079646177616,698.683672232412,0,378
5,397.5888000888,459.403452103452,0,379
5,730.836371955537,159.296299091864,0,380
5,328.301536838549,577.675872718407,0,381
5,694.073882289405,218.602877162199,0,382
5,22.5418806445037,18.9111685945399,0,383
5,362.020061705964,670.793455679323,0,384
5,512.560076351216,453.207592858182,0,385
5,349.451479560307,604.720526036667,0,386
5,207.140905313889,732.979015019319,0,387
5,55.5862243157268,670.28965925691,0,388
5,768.488379998604,60.2565969466583,0,389
5,480.46228969007,255.113810246679,0,390
5,576.566690401112,263.871059234395,0,391
5,606.963442325159,605.926430517711,0,392
5,591.278399899377,589.423526452262,0,393
5,531.788584209333,638.530906869738,0,394
5,219.251038036566,444.975553591475,0,395
5,703.237729484939,158.878629680634,0,396
5,355.404036961877,209.463384002757,0,397
5,252.821878924212,48.2200775130769,0,398
5,536.143228841497,204.999482930296,0,399
5,394.169671429168,173.003570309563,0,400
5,524.784968017058,471.597664737537,0,401
5,113.812552934059,293.160843920145,0,402
5,722.170913434003,203.169135665209,0,403
5,708.491540210287,296.977587382779,0,404
5,95.3766608844615,262.466913669997,0,405
5,629.257204049844,344.09507407485,0,406
5,94.6514749150984,776.910483961397,0,407
5,335.755475588451,22.7331323175391,0,408
5,64.5418031458451,300.364134977907,0,409
5,319.419235315512,663.082296781233,0,410
5,352.80285188845,575.087162384717,0,411
5,250.822725486498,624.550025150115,0,412
5,265.010877488724,368.557628289823,0,413
5,655.71234412218,20.6974652548423,0,414
5,457.363994312524,327.758177823828,0,415
5,357.747313800838,8.7276163813482,0,416
5,747.828707754639,246.277778661618,0,417
5,130.77470687606,788.248841526114,1,418
5,292.464608104111,532.056399205645,0,419
5,374.811228517883,584.886019511677,0,420
5,591.537085848709,495.375683948552,0,421
5,33.4565347721823,258.052503223552,0,422
5,435.003323489876,135.648484848485,0,423
5,295.511565882939,279.538062567167,0,424
5,418.372876200784,717.252939833205,1,425
5,187.103661672238,61.4440311638864,1,426
5,588.053958548336,60.360922285801,0,427
5,610.652787759013,65.2396574440053,0,428
5,559.482912907896,42.2632336563092,0,429
5,706.700741131124,740.932355857885,0,430
5,620.604872282344,672.830454811348,0,431
5,372.887550572236,790.908494183101,1,432
5,133.044095742313,341.916387381152,0,433
5,640.596462955843,680.292986979697,0,434
5,512.733585858586,127.556818181818,0,435
5,326.287432915921,199.225163983304,0,436
5,178.98685607144,179.214179934535,0,437
5,223.804365343739,634.03300392331,1,438
5,193.538904174947,127.660615935484,0,439
5,152.009560303529,223.586485350565,0,440
5,478.712862318841,116.824637681159,0,441
5,670.590407900858,529.465653429649,0,442
5,404.697375642688,542.497756279006,0,443
5,803.13841293317,52.7062681865185,0,444
5,539.040982892013,119.420211761287,0,445
5,237.037021946412,129.427660869818,0,446
5,692.010845145651,178.867496610378,0,447
5,657.551136363636,133.38446969697,0,448
5,709.701238390093,189.119551411482,0,449
5,617.132175484495,649.109270145467,0,450
5,750.988539116698,266.735867548284,0,451
5,459.446304383247,232.691919894943,0,452
5,522.680289599289,34.9798131476915,0,453
5,626.854469316781,640.236516740875,0,454
5,441.996862938326,119.25564336296,0,455
5,746.477821067821,735.14467030554,0,456
5,533.514154514903,436.602599031867,0,457
5,719.531981816603,455.172494552087,0,458
5,36.8070547432286,531.7954746195,0,459
5,735.966887017417,213.535680722831,0,460
5,433.645379989065,154.687419506713,0,461
5,551.952001814012,310.447509146256,0,462
5,725.618751179023,301.887508360344,0,463
5,667.646922644019,178.82352314199,0,464
5,380.104256263226,520.553055384896,0,465
5,409.102210266274,95.9985645102313,0,466
5,10.274376256913,244.401521221834,0,467
5,745.815958007563,707.868703384336,0,468
5,426.556410036089,58.2860027496133,0,469
5,411.635092073189,572.905932359514,0,470
5,662.546241435519,194.040908291568,0,471
5,485.44110981611,451.258277216611,0,472
5,157.865764946388,724.769558837939,0,473
5,770.461221492785,258.500830277911,0,474
5,423.947375456385,477.311837619597,0,475
5,426.311838715967,180.827335981035,0,476
5,790.328858002847,700.243998988666,0,477
5,803.304496917224,575.752024137479,0,478
5,634.457237880081,363.900347873558,0,479
5,672.370921721337,300.674089585634,0,480
5,536.34807611997,28.8004622247532,0,481
5,738.030379359407,359.818903539732,0,482
5,402.980636976276,794.824353401838,1,483
5,183.042365923309,204.361729220886,0,484
5,16.7304990310078,210.091432918537,0,485
5,151.845280004064,363.323664475902,0,486
5,10.1405655954009,699.928698509021,0,487
5,269.086911343263,547.862895821928,0,488
5,371.787433171142,77.0978599747702,0,489
5,460.714009927002,174.266762371221,0,490
5,311.51290762902,254.213388805784,0,491
5,726.681527152214,717.669551265888,0,492
5,212.484809962114,783.323519163249,0,493
5,247.722744845285,4.52466679111005,0,494
5,726.745611702128,258.004609929078,0,495
5,398.898174544054,733.166299378914,0,496
5,441.567511557468,502.487699266699,0,497
5,490.532283793253,245.043633933142,0,498
5,280.1404534912,175.292596818184,0,499
5,412.319117753492,70.6160924237973,0,500
5,566.393519050424,483.190049327436,1,501
5,149.464043847567,118.716055440771,0,502
5,367.601818631299,534.6642410758,0,503
5,414.61777394748,217.537540333544,0,504
5,582.05033993784,39.0293303918304,0,505
5,766.198553329909,696.273056839582,0,506
5,8.94152497791541,467.403802767273,0,507
5,388.450533039243,113.003932401575,0,508
5,216.839068512231,107.727543600012,0,509
5,394.083798844437,717.428228285276,0,510
5,16.1644896505016,339.935410875792,0,511
5,195.285107267155,3.21069554828321,0,512
5,803.279141702553,519.327691053486,0,513
5,319.047531305371,5.98960706362323,0,514
5,463.791239659217,133.049784952875,0,515
5,529.087094100855,593.611096440352,0,516
5,356.102769607843,502.97625,0,517
5,160.252271766695,55.8452557058326,0,518
5,107.43035946598,368.098724763673,0,519
5,485.315987460815,149.882475618251,0,520
5,8.63446153312642,173.529983990198,1,521
5,803.184250981086,665.18275795934,0,522
5,336.575286821647,520.591426642482,0,523
5,174.614814125451,9.8240624488852,0,524
5,552.506329113924,796.696671354899,0,525
5,7.77330223274381,40.0054919231305,0,526
5,700.801869909621,319.312387957398,0,527
5,802.790007937152,737.471263109353,0,528
5,704.488325691211,776.184341677223,0,529
5,762.955691928657,316.347692068495,0,530
5,610.95217879551,375.213951443628,0,531
5,642.50589870533,173.768152885012,0,532
5,445.611046325513,362.472579686285,0,533
5,734.133901143791,5.79337009803922,0,534
5,223.767687019555,712.212081234272,0,535
5,787.167336657964,5.49537107387402,0,536
5,202.776461036459,657.50867942451,0,537
5,435.412876290925,173.036352205864,0,538
5,43.4657318800322,562.372083682183,0,539
5,586.546931464174,448.948733125649,0,540
5,13.0733345140057,277.992056769809,0,541
5,447.991110553625,802.670589771275,0,542
5,454.186693057769,143.929696845064,0,544
5,418.047188125459,372.046201641712,0,545
5,101.88293562571,85.9406876863524,0,546
5,121.466156914261,94.0268441042922,0,547
5,313.823014933094,802.860718168706,0,548
5,573.019820005275,4.80487276641642,0,549
5,703.401577616085,277.170251234371,0,550
5,637.206554879618,447.898838896952,1,551
5,782.477902436259,791.112981266215,0,552
5,250.597722641575,426.919033281555,0,553
5,589.233011506522,155.886240286571,0,554
5,346.474883445172,700.496441494744,0,555
5,684.378558795356,454.795272116725,0,556
5,664.978956891101,495.08006438185,0,557
5,232.83229456798,75.3984806629834,0,558
5,521.545646054826,615.432337203905,0,559
5,384.672069142755,335.993967008901,0,560
5,540.860407766316,742.891491802167,0,561
5,147.992667475167,587.733858858859,0,562
5,45.3495514018692,406.117236018395,0,563
5,755.422270452215,604.374431695537,0,564
5,267.637018642888,708.527821448951,0,565
5,737.034638023518,325.955881329314,0,566
5,659.939250444855,713.677405272274,0,567
5,202.671072440666,339.93920637997,0,568
5,562.822317957897,204.086141995689,0,569
5,491.572875513208,435.240163392267,0,570
5,373.698559688327,364.482843976026,0,571
5,583.946945517219,111.813365281001,0,572
5,650.457279203037,659.593369657224,0,573
5,75.6001672334189,415.757921827936,0,574
5,375.135001126888,652.02250624635,0,575
5,55.3464359355832,445.983726150393,0,576
5,561.805186494756,656.190999083301,0,577
5,402.905079694016,353.675565405378,0,578
5,240.537216780203,462.799300548622,0,579
5,344.775918577576,627.941847395433,0,580
5,494.741045821383,512.266279819471,0,581
5,723.136247345572,625.426415030524,0,582
5,779.304479119747,414.647522996169,0,583
5,165.473382329097,618.625748391219,0,584
5,113.359473580851,596.107625694421,0,585
5,258.528644591688,786.702858294588,0,586
5,192.865103813104,393.89921220315,0,587
5,662.540718682584,102.64787407887,0,588
5,636.821377863198,704.151318537661,0,589
5,251.092389863091,256.5334591838,0,590
5,699.350860130569,140.422807034354,0,591
5,644.398219073152,418.092395184665,0,592
5,611.847741629103,418.996592514812,0,593
5,436.875612254622,320.594439679817,0,594
5,49.0110271422856,481.3643184949,0,595
5,369.230676571803,306.97362438698,0,596
5,404.63256947479,600.855102792775,0,597
5,155.966988217968,97.495,0,598
5,501.846104068834,634.614033741547,0,599
5,107.07193622743,703.502858423431,0,600
5,87.0122188966527,615.273966307337,0,601
5,657.836061323675,372.911810105138,0,602
5,582.482783775897,207.652503992645,0,603
5,704.502157253423,433.077198618033,0,604
5,178.615476190476,771.899330357143,0,605
5,45.638657250474,319.888888141216,0,606
5,733.503110350381,664.930931104492,0,607
5,431.970600144613,548.999636944857,0,608
5,456.835816024523,533.920926263587,0,609
5,563.525289143006,127.136540356827,0,610
5,562.632744389178,762.304037787953,0,611
5,458.259465766855,598.218694551207,0,612
5,220.06818352984,411.370866900318,0,613
5,671.728246358032,402.626867389884,0,614
5,349.345865228485,778.329635307933,0,615
5,456.122053219909,650.261305254265,0,616
5,139.72151778201,9.26824630556417,0,617
5,789.13092661307,457.294585799688,0,618
5,240.294860949274,157.390626505088,0,619
5,256.683697723449,529.75423179063,0,620
5,595.95495565842,399.491802612558,0,621
5,740.430581570831,475.380721661129,0,622
5,774.073836276084,86.0524170097937,0,623
5,603.422700062327,554.021565614839,0,624
5,603.214023384404,175.387958527434,0,625
5,447.329078681855,208.438476896719,0,626
5,530.655658571799,88.1762692420442,0,627
5,599.344121069381,355.22250494175,0,628
5,742.505042754661,541.93228516847,0,630
5,434.521129201062,236.752152657929,0,631
5,299.554553139258,338.003565969569,0,632
5,316.304769803422,488.585216670122,0,633
5,154.92162709268,787.329339460918,0,634
5,509.90605782243,206.245608822824,0,635
5,193.377918851436,260.109692883895,0,636
5,218.864063094187,374.733461455723,0,637
5,295.033502680977,40.1552580061156,0,638
5,497.142188806551,681.656785481178,0,639
5,597.130000026214,671.069320327607,0,640
5,555.680455197354,457.826120409256,1,641
5,408.433254272335,248.202619148979,0,642
5,623.415580698387,506.936663876582,0,643
5,271.808948397868,30.1391953114485,0,644
5,396.410686046765,667.258448119792,0,645
5,756.259515253998,396.181296615032,0,646
5,710.736906493953,409.558373617434,0,647
5,781.288409693776,548.13974321959,0,648
5,571.530137423292,607.071276646893,0,649
5,64.6736214440807,642.175017710084,0,650
5,784.956180856181,126.66765031265,0,651
5,188.541860535563,716.545731249243,0,652
5,671.634053146964,259.790066334992,0,653
5,681.66144200627,755.812434691745,0,654
5,484.172471742733,531.598509394261,0,655
5,148.969830230107,518.996324281109,0,656
5,301.186306104494,433.014709339721,0,657
5,275.044717464277,449.278282982403,0,658
5,696.75685307197,479.761966438227,0,659
5,82.0127445944993,192.268523973534,0,660
5,128.423692147943,500.479380933544,0,661
5,763.88497276495,104.992342806394,0,662
5,743.251795367918,87.3723432181813,0,663
5,36.2094372491101,362.411250619971,0,664
5,300.015119375289,152.367425653443,0,665
5,400.079412705348,428.075966807444,0,666
5,647.62060546875,79.6414388020833,0,667
5,80.4281733948058,340.181117592627,0,668
5,189.240119633019,443.339819578021,0,669
5,58.003389512339,82.2566054669841,0,670
5,164.90855927698,274.254372716392,0,671
5,57.1160907192837,754.28812510993,0,672
5,548.109127102649,622.040049758283,0,673
5,88.4648523919404,35.2802412160716,0,674
5,471.383032515078,785.840788136411,0,675
5,328.896559480414,442.99509368551,0,676
5,114.436868153643,555.908289363503,0,677
5,300.636968780873,742.319534840032,0,678
5,503.508497341155,271.1231186718,0,679
5,781.524217585693,499.969498261302,0,680
5,371.192792557816,424.923397380166,0,681
5,532.252249818864,576.597691045476,0,682
5,761.735465319357,184.57212393613,0,683
5,467.653642873794,620.948975726316,0,684
5,338.895892316999,258.020529340593,0,685
5,612.820809732915,784.443790980342,0,686
5,656.225586292535,738.330393186468,0,687
5,381.980512452407,767.295732560822,0,688
5,724.419407443134,596.227091552502,0,689
5,799.405738936989,308.744754088504,0,690
5,345.53820972275,184.235268780879,0,691
5,314.474508941966,603.075660616971,0,692
5,675.789575119517,431.046901486582,0,693
5,673.885827083321,20.8644568304473,0,694
5,191.506322957198,551.252096243455,0,695
5,690.040667168214,609.574697735224,0,696
5,217.767686193651,308.761196921545,0,697
5,138.516747914192,303.121941838606,0,698
5,396.218875409205,310.954210154695,0,699
5,485.052679570374,756.073637838443,0,700
5,97.8709392051582,226.738365065332,0,701
5,317.002183486007,299.811840096399,0,702
5,375.712744540109,247.831427598178,0,703
5,47.3797705819641,603.542469103604,0,704
5,354.189107059374,751.39422627396,0,705
5,231.678044519583,342.24105006105,0,706
5,793.510310505247,604.981751595802,0,707
5,106.255290671539,59.4300380960667,0,708
5,127.331990780344,656.894312565345,0,709
5,508.66237362784,162.928063795002,0,710
5,483.544498716391,713.798862942789,0,711
5,533.469611755019,247.902144953237,0,712
5,225.910616294794,546.133904665315,0,713
5,773.760465334459,437.772956455309,0,714
5,39.1141861270675,696.322732346121,0,715
5,476.21237136683,77.9929413951771,0,716
5,728.054258277338,433.177554433119,0,717
5,456.086698571418,569.520484289954,0,718
5,575.36132672226,634.106414243858,0,719
5,245.684820062612,96.59808317043,0,720
5,223.03248434878,222.963496622348,0,721
5,599.854299198036,135.063842253791,0,722
5,73.063523151946,216.511481405524,0,723
5,355.918800118512,344.536272931268,0,724
5,660.891014525584,569.758644650416,0,725
5,782.59182743394,202.476358704433,0,726
5,787.373757302351,32.3601515658471,0,727
5,83.5080796286276,590.288738074217,0,728
5,51.0590212437147,192.067939923716,0,729
5,289.961614439117,361.566829314964,0,730
5,516.460963831689,727.16248396686,0,731
5,454.071696354205,467.024402861615,0,732
5,370.440636714196,485.906783248139,0,733
5,630.627272985991,187.126477912247,0,734
5,445.21668331174,90.8234416612683,0,735
5,486.301127342639,285.142066249847,0,736
5,468.247889833035,346.649067531306,0,737
5,774.19935764076,577.986563502391,0,738
5,307.390676852531,578.090321615964,0,739
5,255.041684187437,220.005500452063,0,740
5,423.053751962494,761.175637912395,0,741
5,212.423515529617,578.36067861805,0,742
5,112.686150285966,330.08414902546,0,743
5,16.3585973749209,81.4067138261546,0,744
5,649.714592998045,516.309974391072,0,745
5,121.130875473428,153.920105774615,0,746
5,549.862408220285,549.419386954535,0,747
5,447.268071409836,435.484665137829,0,748
5,571.99711269123,288.535009217362,0,749
5,65.9932407499544,382.927233112758,0,750
5,127.156954492758,731.324521716586,0,751
5,253.622523769678,296.552848054537,0,752
5,682.426734976735,360.517382767383,0,753
5,210.637235739928,178.336479128282,0,754
5,751.378543154665,450.043473069492,0,755
5,750.167511451938,761.572555038489,0,756
5,531.671817652347,178.174992992103,0,757
5,673.447737897318,550.200799303322,0,758
5,531.926691515988,398.118301798077,0,759
5,87.686423529973,549.621938313502,0,760
5,281.48748588962,386.028791555974,0,761
5,57.7951299808475,581.136188594531,0,762
5,432.544828483856,42.8765755552756,0,763
5,401.340128951754,198.691712997429,0,764
5,67.7137700488686,527.582485542758,0,765
5,442.347299799334,286.25659405449,0,766
5,708.577365708834,33.6440515196023,0,767
5,429.906650197348,345.071400176051,0,768
5,603.308647679464,11.783251363199,0,769
5,225.286281229133,664.963763916361,0,770
5,580.64392665692,316.76244111436,0,771
5,538.315409946494,700.247930474147,0,772
5,175.746969603313,351.888235127464,0,773
5,265.997042799289,121.162974154496,0,774
5,749.363430804261,300.6814711861,0,775
5,135.971296300392,76.9252587542929,0,776
5,6.73941679006986,412.61683861429,0,777
5,6.91495083358291,439.982746830388,0,778
5,5.51646682453917,118.97401774398,0,779
5,6.46097920984863,366.260887088332,0,780
5,564.054611725073,91.7293688131648,0,781
6,536.949071525437,772.72855564656,0,1
6,568.087658402446,384.522992749731,0,2
6,704.828344519016,109.472755406413,0,3
6,753.984748596882,641.170558959193,0,4
6,299.182048264125,460.512990199223,1,5
6,297.955237161213,680.863583949309,0,6
6,712.39754851307,345.729511683939,0,7
6,318.316044616045,171.052573208129,0,8
6,116.328286741214,234.612525292865,0,9
6,177.452204374573,793.264517353991,0,10
6,694.728127954421,634.384304871374,0,11
6,253.96575419647,595.748194641986,1,12
6,758.844401921608,520.400158664865,0,13
6,266.267450840731,648.663992947425,0,14
6,579.264371145593,233.796208771133,0,15
6,698.436024980031,383.205952121608,0,16
6,609.71626275138,701.975733738005,0,17
6,767.242695230608,767.831976265349,0,18
6,678.004342063725,727.620720529484,0,19
6,24.3292145374968,720.5449460638,0,20
6,147.750914091786,548.704638408022,0,21
6,469.44489288323,158.723851858016,0,22
6,691.678406484678,514.831964695265,0,23
6,703.446780459578,664.482582016063,0,24
6,491.561228070176,376.957224880383,0,25
6,16.7499727392997,306.589332986498,0,26
6,82.9104819793971,655.992270959347,0,27
6,560.031261191527,429.086803929679,0,28
6,376.562479930086,213.889840727869,0,29
6,82.2701480121258,143.982457351233,0,30
6,127.858854166667,383.150432692308,1,31
6,802.831627047101,375.312138155286,0,32
6,212.825924000924,497.915015840016,1,33
6,507.277217317791,407.640857760653,0,34
6,193.605517080338,104.525487278902,0,35
6,594.674011383833,765.161945746767,0,36
6,309.23717948718,121.243006993007,0,37
6,450.867203171121,686.917789652074,0,38
6,344.218236074764,647.157038700212,0,39
6,263.169027675125,76.9884823848239,0,40
6,518.109042395932,11.0233323806896,0,41
6,92.8194397734233,169.415590014986,0,42
6,419.883876811594,452.944360048891,0,43
6,393.55938398803,631.757075106015,0,44
6,587.663765383037,711.754217510558,0,45
6,739.202601401485,27.7448271005432,0,46
6,13.4462765573527,782.428329704061,0,47
6,636.275000410831,321.429053208952,0,48
6,412.633492100454,330.880573960781,0,49
6,610.444825754997,210.035595593164,0,50
6,239.044547932758,647.922131354435,0,51
6,126.454779720364,208.791747607742,0,52
6,646.45008565184,785.57896213598,0,53
6,273.875813258954,411.781996230676,1,54
6,709.559727477169,79.7846810169997,0,55
6,147.863301079158,770.015124796527,0,56
6,735.655135718854,176.212642804472,0,57
6,762.713197767145,7.98106226741095,0,58
6,769.391062520769,723.291603778314,0,59
6,725.011789554184,500.641215379003,0,60
6,142.935808707592,33.0873231979427,0,61
6,790.033329085026,349.497364931792,0,62
6,114.137948405246,21.4863477685207,0,63
6,45.0204003008396,236.253478183648,0,64
6,155.646041702134,667.957818529395,0,65
6,559.286353464561,520.467751769987,0,66
6,100.845754022539,119.051503810827,0,67
6,233.133697621971,30.4540244561567,0,68
6,733.35263154974,778.964669419194,0,69
6,293.730503778337,657.089478309544,0,70
6,280.547111980239,620.329772197063,1,71
6,361.45787774895,401.267570456854,1,72
6,377.568571659798,25.3104382806702,0,73
6,429.099001955206,527.547801765175,1,74
6,442.825222593285,392.434542667168,0,75
6,477.945692066659,52.2135082925842,0,76
6,581.866881368905,743.582305984203,0,77
6,313.071882858396,711.215482822472,0,78
6,661.567459420617,691.853920500532,0,79
6,476.411735214376,404.914569648565,0,80
6,465.138088384242,295.405501359348,0,81
6,177.64422735761,695.151958450047,0,82
6,245.749756399872,571.958350514199,1,83
6,789.284604969484,70.796334082125,0,84
6,25.2797786510666,155.099941946144,0,85
6,372.125868046142,622.48659807852,1,86
6,495.3474560105,339.92528550572,0,87
6,368.55860383853,152.214594987413,1,88
6,105.040588766343,630.486799074739,0,89
6,550.844559108869,271.460439169025,0,90
6,738.719491793559,577.230019486693,0,91
6,91.4587592353863,510.311935653789,0,92
6,627.609133200521,391.306476774187,0,93
6,573.74366002402,576.201101446056,0,94
6,51.6518909650526,163.117333745335,0,95
6,774.154861452317,291.737599670794,0,96
6,622.013277127113,78.3337186053773,0,97
6,230.192967209073,737.233466469428,0,98
6,487.352454178316,176.854913534224,0,99
6,134.983250249552,627.570069663906,0,100
6,348.747657019526,235.735274591035,0,101
6,779.501889331308,633.854084594651,0,102
6,341.754384135017,44.4742985832593,0,103
6,629.854828694572,155.276353276353,0,104
6,230.140945941483,766.831625314635,0,105
6,490.847150695788,607.507418936708,0,106
6,587.2278395332,23.0136321124227,0,107
6,55.6594656171672,720.681183369827,0,108
6,547.248210004436,60.1445474758704,0,109
6,740.463941249978,139.79515093914,0,110
6,371.658053107791,183.083885158602,0,111
6,480.78753944977,320.955446200684,0,112
6,521.712832850603,547.120322962409,0,113
6,316.137785411194,531.496224826564,1,114
6,662.31254853615,326.37567303461,0,115
6,19.1070341921282,392.390403786828,0,116
6,130.952598051505,178.61934372259,0,117
6,122.940025188165,267.669709120978,0,118
6,159.412489615784,421.262810661128,0,119
6,683.803679987774,91.6214925753292,0,120
6,46.0325037605801,779.678751038369,0,121
6,302.28116394612,513.149126190239,1,122
6,152.392426170664,749.457391635395,0,123
6,779.598813521222,661.460570908518,0,124
6,155.924244418279,395.382249393587,0,125
6,248.573701267656,727.096846569953,0,126
6,719.572048231218,227.989829504012,0,127
6,661.850885478158,766.507172373081,0,128
6,272.593375846323,278.318781294284,0,129
6,91.1274311396469,679.941093204922,0,130
6,340.820481235115,79.0903342366757,0,131
6,215.52492011513,149.153892923851,0,132
6,343.803503660194,159.950760710651,0,133
6,632.556025953014,34.2144249154287,0,134
6,129.465290590668,419.990593163988,1,135
6,64.6402733978541,357.316972506162,0,136
6,156.545252423703,167.422583268303,0,137
6,451.870852579395,720.084314670998,0,138
6,803.216283346594,175.270642276051,0,139
6,631.8093540769,234.451368156954,0,140
6,178.169458018924,743.468362079291,0,141
6,532.451355695763,496.947161264891,0,142
6,579.773760926552,534.385803052789,0,143
6,242.364492707283,193.923078055262,0,144
6,207.307869421227,471.33574152926,1,145
6,676.84716267813,48.9828804527381,0,146
6,144.957577344122,481.316765561373,0,147
6,559.08330170778,23.0228314302518,0,148
6,180.324963956457,584.835139699042,1,149
6,802.434730791286,401.384456389317,0,150
6,38.9737881710977,643.86783921558,0,151
6,308.855311689893,221.356637220105,0,152
6,162.856008683478,243.130847321415,0,153
6,756.94056273262,350.41948266211,0,154
6,274.09537539171,200.846839669379,0,155
6,341.963024540477,723.936850525514,0,156
6,703.470154934246,10.3970569234486,0,157
6,636.898664087598,113.625577839615,0,158
6,58.6715353037767,55.4691543513957,0,159
6,191.189004630193,518.297995170141,1,160
6,119.855261357417,680.319547071702,0,161
6,169.566307251908,80.8900371077184,0,162
6,480.789247049247,219.484131054131,0,163
6,639.235569184212,548.371270899062,0,164
6,178.462779137288,306.647038963829,0,165
6,789.380180544404,763.409439291185,0,166
6,425.649257213161,266.830016657279,0,167
6,150.043975182615,701.56151681775,0,168
6,655.453692847272,632.552967573754,0,169
6,288.250624261804,110.502517212572,0,170
6,201.800864829314,80.5167009109952,0,171
6,646.618014390356,292.42407515518,0,172
6,220.58558468303,51.0542605888573,0,173
6,754.01325103237,215.993865410502,0,174
6,52.4569824156078,623.089571300218,0,175
6,788.738537414966,268.02462585034,0,176
6,290.086158834599,783.856318454436,0,177
6,456.12370359752,261.375110113193,0,178
6,155.235155173117,324.721939290132,0,179
6,306.37366961854,627.265680262679,1,180
6,106.768438302245,194.177767858206,0,181
6,672.292681143526,126.663289646852,0,182
6,394.103153255832,380.564519087781,0,183
6,527.718425367017,273.624325075029,0,184
6,266.68643072006,748.979954511897,0,185
6,508.871913086234,235.846889286424,0,186
6,388.343862772003,404.091459670391,1,187
6,790.99316829206,330.355504431781,0,188
6,773.043344467124,475.555492670254,0,189
6,719.395999396135,691.566007447665,0,190
6,274.838262555648,11.2935108861992,0,191
6,655.103453109915,468.525002755258,0,192
6,421.826594988187,694.927644209108,1,193
6,511.954621496277,775.745410681382,0,194
6,84.6388318116321,290.061473013227,0,195
6,402.500358729197,513.41199838001,0,196
6,287.535490165058,77.1369113536888,0,197
6,374.020201670988,52.6939934971396,0,198
6,327.931938747222,359.878713766839,1,199
6,140.559088684017,252.615054436014,0,200
6,502.181216931217,307.25212585034,0,201
6,184.000365360696,228.480946828358,0,202
6,424.839510857201,15.910032152397,0,203
6,632.115130891615,726.648038547922,0,204
6,176.233186371195,648.815523842673,0,205
6,700.162776104418,712.834610664882,0,206
6,308.812152558076,56.6854718430805,0,207
6,496.487875816993,94.8580392156863,0,208
6,557.798966898777,166.453705669612,0,209
6,383.49798685547,688.663603141565,0,210
6,776.975677169707,381.192095080155,0,211
6,497.621806869601,18.458240778829,0,212
6,687.622689326178,119.405058374918,0,213
6,312.269656697784,381.790366370706,1,214
6,345.136834028806,551.610734957599,1,216
6,596.709883931112,92.0851037261407,0,217
6,671.629915305505,148.053076257924,0,218
6,36.7576943055254,115.377978908458,0,219
6,325.008925087495,548.944355898932,1,220
6,302.815381580127,87.6754300062775,0,221
6,444.730478581891,189.750355224743,0,222
6,49.3924653777595,212.795506972843,0,223
6,713.019775520888,51.8490331558709,0,224
6,404.586482588139,29.3724124607003,0,225
6,316.184067617244,765.567637666629,0,226
6,352.40544490041,132.905945350816,0,227
6,75.4100224035169,239.728240642892,0,228
6,656.771466497802,600.671784752665,0,229
6,209.739835735838,611.505485987118,1,230
6,165.764554186454,465.170472339879,1,231
6,17.8492007417234,669.012968432779,0,232
6,189.665827115012,37.6781689942297,0,233
6,277.935700731534,238.785364676678,0,234
6,341.678521785619,470.539746184494,1,235
6,276.198728093312,146.947729226501,0,236
6,112.113793996391,474.216861680162,0,237
6,803.66260405684,429.540756797681,0,238
6,549.822545676868,233.18404680358,0,239
6,110.548327163175,438.170217093063,0,240
6,708.895578508653,244.962843667261,0,241
6,168.55317769131,496.53242542153,1,242
6,172.224506309407,131.502362613351,0,243
6,247.865408025614,671.363843429747,0,244
6,703.169555460058,259.997445447166,0,245
6,626.904058586093,263.363773828753,0,246
6,87.3430265732553,448.115458804078,0,247
6,714.630307581336,126.409216674203,0,248
6,798.035317035583,98.2938795281999,0,249
6,620.35051029681,531.92909900339,0,250
6,607.755701322445,478.380494473238,0,252
6,736.578892792661,59.8185355975211,0,253
6,173.997006532943,107.803765063126,0,254
6,201.063281303989,635.689394724686,0,255
6,624.21982270557,9.74498060438543,0,256
6,631.453856886935,612.754559270517,0,257
6,633.343829656288,484.245013896911,0,258
6,679.079046279885,164.595931407145,0,259
6,152.437129994454,199.63249382609,0,260
6,340.65300247112,386.796492247826,1,261
6,211.926286602604,677.852422450462,0,262
6,478.874716092836,472.579745950093,0,263
6,447.005529812904,774.09860406831,0,264
6,84.6763254079768,721.551342627031,0,265
6,776.850300807424,228.85361393745,0,266
6,327.940319285104,684.598999234114,0,267
6,460.811723025251,109.232270614654,0,268
6,605.452941176471,231.369803921569,0,269
6,539.706798274865,145.541661108888,0,270
6,284.642755496636,723.782953995198,0,271
6,575.19940782297,348.516541997818,0,272
6,596.423069726988,626.202086398964,0,273
6,270.66832045041,685.337608804973,0,274
6,473.343244057761,15.379390116399,0,275
6,85.7901554231315,6.10170550160193,0,276
6,368.636753812812,100.269522973913,0,277
6,545.773363366143,370.873014183303,0,278
6,302.390973780849,191.159881446601,0,279
6,136.992964333436,454.402682701203,0,280
6,413.907192094692,118.415636821887,0,281
6,477.221776825321,195.835669888323,0,282
6,328.79923444353,226.415587244446,0,283
6,383.078882404035,554.00216958993,1,284
6,395.288860674935,278.531744167492,0,285
6,330.717488522562,120.457541409961,0,286
6,434.324029123917,741.160432789578,0,287
6,468.184629807521,501.964146298075,0,288
6,218.632025252977,9.12211373273354,0,289
6,35.9756034482759,45.4766609195402,0,290
6,525.131569969735,304.019992667397,0,291
6,554.938666553346,335.152119804198,0,292
6,737.356410591982,115.534716950952,0,293
6,299.746634372792,13.2452322383692,0,294
6,664.93832130637,228.886983876073,0,295
6,633.163347365422,759.15561273778,0,296
6,58.299948681005,17.7099638249499,0,297
6,418.744926220733,294.600684261975,0,298
6,686.423987597482,332.425463998246,0,299
6,24.757643978011,765.73956101949,0,300
6,47.6511454848347,141.090027948729,0,301
6,654.572699555156,163.204303493777,0,302
6,673.985134134341,207.642887819526,0,303
6,427.778464708913,416.388459556929,0,304
6,681.5197218546,690.33855240902,0,305
6,22.543537414966,186.851499859203,0,306
6,269.819064173099,572.484672484096,1,307
6,244.564118374428,393.437128359215,1,308
6,256.2398415536,173.200838833883,0,309
6,629.090700009451,582.954287504765,0,310
6,127.42139246791,118.545984713781,0,311
6,405.411836455894,150.82519722991,0,312
6,29.6519766997708,437.068005301294,0,313
6,795.409109811566,243.613229369721,0,314
6,21.6763108966301,594.154695184041,0,315
6,32.8559336085032,743.472650680458,0,316
6,487.632489652977,575.743367485746,1,317
6,205.069034945761,756.150709387986,0,318
6,681.097069365381,653.671779464474,0,319
6,336.045397714581,414.206524874376,1,320
6,368.871455217396,450.509162351178,0,321
6,801.002855049894,481.383370618941,0,322
6,523.80679553607,522.627275142819,0,323
6,600.58830176162,520.366202039871,0,324
6,511.0919291775,55.7098738839511,0,325
6,565.868873062421,705.056661080855,0,326
6,769.101460158531,164.656834932555,0,327
6,74.6266593276902,696.07066492118,0,328
6,288.164146271611,563.37124078028,1,329
6,187.684668435013,152.751350478607,0,330
6,641.516286383621,54.8356158338949,0,331
6,452.512188415939,18.4946134758622,0,332
6,727.937193312355,750.667184102131,0,333
6,724.372423198392,377.225832615561,0,334
6,251.604647466698,325.089090613404,0,335
6,531.586859842957,663.065805017025,0,336
6,720.51254798541,541.270147767691,0,337
6,52.6211940634394,278.138291642842,0,338
6,307.685331749528,410.220326409496,1,339
6,274.303860189949,324.832457883456,1,340
6,89.5399214778504,388.526536401598,0,341
6,614.999249428136,309.562220686661,0,342
6,561.487182614045,728.525489789586,0,343
6,758.318317342318,673.136567546783,0,344
6,244.500324692041,366.385992403369,1,345
6,12.2314419020479,139.179845221133,0,346
6,420.753552043423,626.271455938697,0,347
6,610.290132924335,732.8416987755,0,348
6,12.9925691636136,566.58383671598,0,349
6,344.883809423236,104.544915547577,0,350
6,491.048129358051,129.438095222086,0,351
6,603.435961350193,253.559105804777,0,352
6,119.468182413552,524.691553149377,0,353
6,740.640496440889,280.969954503657,0,354
6,505.273387748313,482.184751528689,0,355
6,368.499932196595,710.305560960175,0,356
6,322.343218954248,67.7864624183007,0,357
6,611.324395843006,39.7125664185789,0,358
6,154.417687630673,142.453600630167,0,359
6,105.490385093941,406.607897847456,0,360
6,390.42209604488,132.531896131187,0,361
6,748.299653969381,420.179909624429,0,362
6,35.339913492731,286.899081527761,0,363
6,611.717288949897,116.740435827042,0,364
6,695.631723764891,540.495637227875,0,365
6,432.580067826437,594.387109892465,0,366
6,395.171588681184,482.451567223381,1,367
6,91.5068633526291,313.930964436316,0,368
6,568.190502696454,790.604424134808,1,369
6,757.973551739817,38.7460767325972,0,370
6,69.8253680065378,265.56584594673,0,371
6,701.403969947901,573.173455899194,0,372
6,452.012809407023,53.9749305623264,0,373
6,636.644962231711,134.741229090038,0,374
6,325.746971569261,141.802946049934,0,375
6,26.6645453880477,500.938921805281,0,376
6,464.800423051554,370.857667464944,0,377
6,238.664562244535,698.67152121608,0,378
6,396.371192565823,459.762386606682,1,379
6,730.305663684116,158.765590820442,0,380
6,327.151254699461,577.587426960185,1,381
6,693.190181428864,218.610774196527,0,382
6,21.1744870233746,18.901723849772,0,383
6,361.558931129936,671.053604542045,0,384
6,513.732644184601,453.393197529349,0,385
6,348.693815905981,605.338299927554,1,386
6,206.95817747507,732.096069952174,0,387
6,55.234893499455,669.593681875984,0,388
6,767.868801854944,60.3247757617675,0,389
6,480.745136393879,255.349262807718,0,390
6,576.697870380743,264.228284770712,0,391
6,608.144673452015,606.036094248934,0,392
6,590.926505918252,591.087861217787,0,393
6,530.476874477323,639.221621931241,0,394
6,218.541193624004,447.581050164088,1,395
6,702.946805675692,159.15805832962,0,396
6,354.499432115504,209.431592217307,0,397
6,252.435526883396,48.5443263792901,0,398
6,535.161412726211,205.056625802685,0,399
6,394.41255770513,172.786289210222,1,400
6,525.86341991342,471.996839139696,0,401
6,113.215326761922,294.909417013324,0,402
6,721.319819729461,203.964079623946,0,403
6,708.602992234093,296.902245677264,0,404
6,95.6493995466103,264.135525730805,0,405
6,626.398261191269,344.707255806121,0,406
6,94.5204226563305,774.614486606121,0,407
6,335.612319321752,23.7390191236941,0,408
6,63.5024163546891,299.919186032822,0,409
6,319.650701844013,662.915692356347,0,410
6,352.657985800765,574.549007388722,1,411
6,250.874593704975,622.987198986639,0,412
6,264.425272797675,369.267720380245,1,413
6,656.174423026882,20.7868485491436,0,414
6,456.926162047687,327.789201080805,0,415
6,357.830024037354,9.17258832895592,0,416
6,747.565953329915,245.983440003087,0,417
6,130.793983610737,788.778502083353,0,418
6,292.280850650512,529.786971857986,1,419
6,373.044468772392,588.358933573525,1,420
6,590.685864144898,495.398295124828,0,421
6,32.3927487639518,257.974675814904,0,422
6,434.761872729581,135.115577889447,0,423
6,295.230306349034,281.152025029265,0,424
6,418.415769066432,717.211683789627,0,425
6,186.873073315401,61.6409617904683,0,426
6,587.656644071205,60.92728337702,0,427
6,609.772615143105,65.5732325568357,0,428
6,558.927882420091,40.6300309849967,0,429
6,706.432671932977,740.756268918468,0,430
6,619.457585215358,672.807566563094,0,431
6,373.023079287484,790.81878627685,1,432
6,132.994077655859,342.130045667762,0,433
6,639.833119230424,680.503848873221,0,434
6,512.256304031304,128.405687505687,0,435
6,325.590094716849,198.554398460539,0,436
6,177.4979566407,179.215397518342,0,437
6,224.197347799879,634.372148353012,0,438
6,192.381361230583,127.676392437129,0,439
6,150.017155200343,224.539711716184,0,440
6,477.754016308401,117.426259605097,0,441
6,669.585260655681,529.645683406341,0,442
6,404.434292588789,542.719545123244,1,443
6,803.509620734018,53.1203080721153,0,444
6,538.329720586393,119.095623633908,0,445
6,235.736905328998,129.422673429084,0,446
6,691.550038388405,179.552577763427,0,447
6,657.551057240174,132.607949521743,0,448
6,709.887896393125,188.426103755842,0,449
6,615.930454168691,648.803113537409,0,450
6,750.391375670848,268.064016998292,0,451
6,459.468976119043,232.72342251409,0,452
6,521.59881270465,35.1644243614931,0,453
6,626.215828318507,640.369222047794,0,454
6,440.777872911556,118.681560344285,0,455
6,746.424461384027,735.267199949809,0,456
6,534.584103466244,437.601704197188,0,457
6,717.687058174996,456.127089164396,0,458
6,35.3552393378189,533.849315824389,0,459
6,735.17837845996,213.49656091843,0,460
6,434.474800898509,153.82038578041,0,461
6,551.437204334592,309.989636583666,0,462
6,725.285249633312,302.964547324782,0,463
6,666.952366225046,178.884050096822,0,464
6,379.899064103854,520.367583833708,1,465
6,407.912141195492,95.3770808070981,0,466
6,9.91793749852376,244.485917512763,0,467
6,745.742540398123,708.395277121905,0,468
6,425.558834867649,57.7947634745724,0,469
6,410.592574482445,573.243636764332,0,470
6,662.252400026872,194.182723669404,0,471
6,485.269556940118,451.817408246536,0,472
6,158.610869443498,724.738367841986,0,473
6,769.081983702572,258.930716832187,0,474
6,423.36828125708,477.559033733149,1,475
6,425.700362039065,180.751905135638,0,476
6,789.956652796379,699.99133490439,0,477
6,802.922059427574,576.077220362019,0,478
6,633.762800841608,364.986864427923,0,479
6,672.210628514571,300.778821868106,0,480
6,536.438513883683,27.4782734061878,0,481
6,738.318581327083,361.688315394651,0,482
6,402.027365029199,794.131588636357,1,483
6,182.325410170876,204.541758004856,0,484
6,16.9463025825346,210.019976809035,0,485
6,150.117217877342,363.22993745336,0,486
6,10.3842147949753,699.519419190967,0,487
6,268.986748054377,545.423744020249,1,488
6,370.839442336074,76.1886481832877,0,489
6,460.312146777708,173.663400066914,0,490
6,310.194256863775,254.664799396506,0,491
6,726.296329116841,717.669408999793,0,492
6,211.587271312453,783.809177763305,0,493
6,246.253727268779,5.32586328487729,0,494
6,726.233054362678,258.377354577396,0,495
6,395.545061787254,733.630721677664,0,496
6,441.255229327503,502.45037832206,0,497
6,490.490667150935,245.795187701482,0,498
6,279.385990191843,175.581093982222,0,499
6,409.856946016718,69.9420219667573,0,500
6,566.441701478502,482.457347267109,0,501
6,149.683249220973,118.315833446236,0,502
6,367.143282041565,534.748184178334,1,503
6,413.297399702168,217.942747847771,0,504
6,581.538553976054,39.8417549042549,0,505
6,766.207086946637,695.753161031537,0,506
6,10.396841329043,469.559923333821,0,507
6,386.157698355216,113.678151367145,0,508
6,215.846784177085,108.059902530118,0,509
6,396.575666617257,716.531637041521,0,510
6,15.7297730800632,340.454418327861,0,511
6,194.273525594015,3.97435089640165,0,512
6,802.787275710066,519.854273306167,0,513
6,318.414622175539,5.77351164797239,0,514
6,463.649071161049,133.760493133583,0,515
6,527.388304385961,593.226348111394,0,516
6,354.447438296073,504.2716262354,1,517
6,159.946298263933,57.0712059037255,0,518
6,106.221624548517,367.502611942943,0,519
6,486.038197364732,149.931838145968,0,520
6,8.86938546462356,173.097078112951,0,521
6,802.277540862726,663.151628705638,0,522
6,334.26594500909,519.085153982555,1,523
6,174.518013338464,11.9598200162456,0,524
6,552.515714409572,795.509212698046,0,525
6,7.53536747052711,39.8210253401178,0,526
6,697.818821791737,318.343437649943,0,527
6,802.33645357048,736.966903116751,0,528
6,703.610623959729,776.290535054601,0,529
6,762.400188870541,316.792773323642,0,530
6,609.28190333121,375.556035338152,0,531
6,641.814387031408,173.956930091185,0,532
6,444.247799913272,363.355448987748,1,533
6,732.707040794066,6.74123582024433,0,534
6,223.495312877983,712.453139681323,0,535
6,786.622588806708,5.76071359317433,0,536
6,202.805714826301,657.836510750433,0,537
6,434.378177184629,172.598029418997,0,538
6,44.5480238276483,561.467987987653,0,539
6,586.61293814433,448.122542955326,0,540
6,12.546722089224,277.614730516417,0,541
6,447.620444259787,802.589609489789,0,542
6,337.342422920303,2.46953776420399,0,543
6,452.523462970094,140.803375689899,0,544
6,417.825539427816,372.6589644188,1,545
6,102.081479126934,87.5464988192261,0,546
6,121.42213089378,94.1095528518209,0,547
6,312.321701039731,802.867830023476,0,548
6,571.728707505965,4.76887747205589,0,549
6,701.082041615503,279.091762830409,0,550
6,636.216985302704,447.712684247004,1,551
6,782.367693800818,791.036917768873,0,552
6,249.350528054876,428.121864608821,1,553
6,588.120551430551,156.358962478962,0,554
6,346.570011477291,701.532953738069,0,555
6,683.289217652475,454.351608761454,0,556
6,664.917492901642,495.217259838049,0,557
6,231.310289841249,75.5004062937935,0,558
6,520.630371390693,615.473239335263,0,559
6,383.762150837789,336.941161716709,0,560
6,541.513071204572,743.453369020097,0,561
6,147.022118047235,587.234640013846,0,562
6,45.1807779307236,406.709313537775,0,563
6,755.165664577652,604.730501877312,0,564
6,267.461912921843,708.791199696541,0,565
6,736.499656120299,326.991766955873,0,566
6,658.836346317632,713.882331801401,0,567
6,201.732068548238,340.364508101108,0,568
6,560.306834327934,204.514957761761,0,569
6,491.649441445494,435.64112656724,0,570
6,372.44199298878,366.240870204976,1,571
6,583.459529264169,112.181053291878,0,572
6,650.820300229951,659.03964271377,0,573
6,75.3724782990406,414.665951284939,0,574
6,374.922181372549,652.262541508539,0,575
6,56.7217883441461,444.882732473789,0,576
6,559.974392272557,656.9123648702,0,577
6,402.246119173904,354.411870276466,0,578
6,243.228056628057,462.898485880839,1,579
6,343.447653742493,628.92253634885,0,580
6,497.850129331757,511.842026825633,0,581
6,722.695132823651,625.901210023328,0,582
6,779.070510315588,414.566356040652,0,583
6,166.204562899729,617.654014767993,0,584
6,112.768871717798,594.217508739191,1,585
6,258.265433301731,785.970489878507,0,586
6,191.494215679882,393.084838506347,0,587
6,661.649294201077,102.377750239861,0,588
6,636.498093174462,704.330863078957,0,589
6,248.561760358634,257.196737249212,1,590
6,699.00928020781,140.825435729847,0,591
6,642.736443011376,420.680346230949,0,592
6,610.54755501785,419.669969951589,0,593
6,436.309685214211,319.776802507837,0,594
6,49.9464446694663,478.826388660921,0,595
6,368.342341256395,306.289191539219,0,596
6,403.341239481255,602.418249205186,0,597
6,154.77865862435,97.4701134380454,0,598
6,500.377889852411,635.030299607633,0,599
6,108.644473739656,703.396431323653,0,600
6,85.8126143509161,614.58232853142,0,601
6,658.356367529617,373.083484839643,0,602
6,580.43535381151,207.665855006511,0,603
6,703.070575929673,433.081930258502,0,604
6,180.089402173913,773.119002329192,0,605
6,45.2678394601247,319.029259717409,0,606
6,733.935334823001,663.952204305946,0,607
6,430.620741988585,549.134642543961,1,608
6,455.476194643552,532.643169926469,0,609
6,563.043827439663,127.660943489684,0,610
6,562.084647303481,762.653919143289,0,611
6,459.391931996684,597.019200975119,0,612
6,219.196643910451,411.755015988558,1,613
6,669.882373761208,402.904028486851,0,614
6,349.186311914324,777.899031542838,0,615
6,455.959436394784,650.788146604467,0,616
6,139.03335460927,8.93056717982534,0,617
6,789.180206503967,456.807204568983,0,618
6,239.140865951388,157.887290880191,0,619
6,256.092720164609,529.05126255144,1,620
6,595.32679730442,400.05785294782,0,621
6,740.441429554484,475.944159795655,0,622
6,772.320182501342,86.0335672111034,0,623
6,602.262720857796,553.793006973731,0,624
6,602.01118668706,176.511590869338,0,625
6,446.381774088826,208.955039199155,0,626
6,528.66589070804,88.2780909288186,0,627
6,597.811300719541,354.757649811712,0,628
6,741.622888052843,541.329533392969,0,630
6,434.149241250665,235.633405316111,0,631
6,299.248321908026,338.292696506355,1,632
6,312.530108811704,487.003620105767,1,633
6,154.225821577202,788.595253546505,0,634
6,508.99119474949,206.428042077684,0,635
6,193.40593708409,261.812669086509,0,636
6,216.493601178585,373.205514569359,1,637
6,294.533730183727,39.9039097112861,0,638
6,496.808928302665,680.795294275814,0,639
6,595.867504659408,672.149496393285,0,640
6,555.857271178078,457.097720502626,0,641
6,408.457853037767,248.483966885605,0,642
6,621.498797920728,507.151877378632,0,643
6,271.347844263948,29.8689575077103,0,644
6,396.99641269094,667.389727191881,0,645
6,756.14468722347,395.658132773224,0,646
6,710.264740384204,409.176119883877,0,647
6,779.703980618792,548.257588409364,0,648
6,572.207890934476,607.580373061415,0,649
6,64.7110079119367,641.952544016012,0,650
6,783.907753493119,125.708724879457,0,651
6,188.907284688273,716.042211962098,0,652
6,671.088540139124,260.466263395375,0,653
6,681.085197899154,756.048283291261,0,654
6,484.489426789984,527.589949069788,0,655
6,147.846477777941,518.519596430906,0,656
6,300.052796885832,434.384501146483,1,657
6,274.459994955643,451.523678871818,1,658
6,696.220322129679,479.759999606198,0,659
6,83.811110968225,194.616093550406,0,660
6,127.845663033067,500.253421838016,0,661
6,762.635751349342,105.170528529322,0,662
6,742.439035406685,86.8310831622177,0,663
6,36.0426141863617,362.33861648073,0,664
6,299.492350319346,152.328527536056,0,665
6,399.321165145027,428.186942053833,1,666
6,647.79734375,78.9785004340278,0,667
6,79.5300503924299,339.917609186126,0,668
6,187.738215029419,442.296471047435,1,669
6,58.4153627684607,82.8557884658892,0,670
6,164.239761960692,275.856309982195,0,671
6,57.4484043427279,754.064997479368,0,672
6,547.345006611185,621.918630577377,0,673
6,87.7881133503386,36.0831825774433,0,674
6,471.017092598739,784.83027067891,0,675
6,326.821674659425,444.330929597915,1,676
6,113.758142827542,555.984614207199,0,677
6,299.117163807664,743.207054223092,0,678
6,503.757390593872,272.278266023888,0,679
6,781.661557634,499.983632252428,0,680
6,369.092229484386,425.214385136771,0,681
6,531.459018923873,575.67111329444,0,682
6,760.828508364064,183.994531558976,0,683
6,467.693956466054,621.593173392423,0,684
6,338.460894039735,258.756479028698,0,685
6,612.118429910919,783.989921763165,0,686
6,655.622135785007,738.4707048562,0,687
6,380.820787306019,767.579560213176,0,688
6,723.903974873714,596.505990631739,0,689
6,797.248462548369,308.006996268657,0,690
6,345.004171398289,184.216072374896,0,691
6,314.215191890858,603.553125929704,1,692
6,674.051846638235,430.733699967793,0,693
6,674.362073437073,20.6853398853399,0,694
6,191.636054421769,550.174781321546,1,695
6,688.640742136075,609.180836405813,0,696
6,216.283332975765,309.512890453549,0,697
6,137.281871530671,303.160826951311,0,698
6,396.615262791162,310.687151015991,0,699
6,485.533300888438,755.463679406465,0,700
6,97.8399747648145,227.857667138309,0,701
6,316.524628818664,300.063481279836,0,702
6,375.552520731473,248.353139679801,0,703
6,45.3814203834909,603.495318442441,0,704
6,354.43794880001,751.102391822058,0,705
6,230.352746062172,342.302275189599,1,706
6,794.044602139539,604.855660279711,0,707
6,105.657773078032,60.3464354691513,0,708
6,127.328282040618,656.590303770708,0,709
6,508.301681114984,163.101463299251,0,710
6,483.437017098729,714.374119554268,0,711
6,533.245260209347,247.168588137009,0,712
6,226.273845383433,545.605683691532,0,713
6,773.300619195046,437.579035824856,0,714
6,38.1453407245486,696.322489391796,0,715
6,475.457445832134,77.6198498536328,0,716
6,726.978162125272,433.636110830258,0,717
6,454.080780006924,567.620101030235,1,718
6,573.706415390047,636.257803094888,0,719
6,244.287477007244,96.8047796488034,0,720
6,222.013577225041,223.793638358981,0,721
6,598.355050629111,135.530377466634,0,722
6,73.2043373000044,217.428531777689,0,723
6,355.63132061762,344.983122010294,1,724
6,659.433264127945,568.605855222328,0,725
6,781.729707464,201.747643803839,0,726
6,786.572790234364,32.296936170735,0,727
6,82.7260298959681,588.678633335332,0,728
6,50.6914390336004,191.330569976693,0,729
6,289.30340124147,362.684542843608,0,730
6,516.200041296064,727.712109408057,0,731
6,452.803796799149,467.121403283115,0,732
6,370.497556935818,486.437817460317,1,733
6,629.218216569993,187.087427301643,0,734
6,444.585892894765,90.3316382246568,0,735
6,485.931602138572,284.761272910991,0,736
6,467.937717148577,346.394650995461,0,737
6,773.847944626487,578.379876446592,0,738
6,306.113921135065,578.010433941404,1,739
6,253.809563075605,220.814444563433,0,740
6,423.775168229467,763.206109213258,0,741
6,212.683406946727,578.39439954399,1,742
6,111.978142008022,331.081374640403,0,743
6,14.5238084115898,80.7181363875292,0,744
6,648.550350705921,516.65916442207,0,745
6,119.8203076942,154.090034430396,0,746
6,549.397673220499,548.336924428229,0,747
6,447.173521817607,434.914387978232,0,748
6,572.700571447277,287.86840485777,0,749
6,65.1015010952197,382.442042947107,0,750
6,127.550413067796,731.374020740496,0,751
6,252.232359571917,297.119586030082,0,752
6,682.001606529953,359.449900493208,0,753
6,210.514098037642,178.577611647542,0,754
6,750.751825311151,449.859865101786,0,755
6,749.571383026862,761.354020116006,0,756
6,531.848372277531,177.595921291727,0,757
6,672.547160201211,550.209718347338,0,758
6,531.576105550914,399.51680887185,0,759
6,87.9989483235105,545.837993706773,0,760
6,280.260034800349,386.157671560416,1,761
6,57.9502059721652,580.796996413469,0,762
6,431.774692933777,42.7347992970773,0,763
6,402.278395573548,199.041514249947,0,764
6,66.8115996704784,527.165631640695,0,765
6,442.843417164354,285.685846712401,0,766
6,708.022944617095,33.7477355415751,0,767
6,429.991094188463,345.165224314347,0,768
6,602.826890603486,12.468819006053,0,769
6,226.021634346128,664.688866486727,0,770
6,579.728522371821,316.377508046602,0,771
6,537.999065901017,700.933018954579,0,772
6,174.486717245419,351.93144196597,0,773
6,265.446443620428,121.7229566134,0,774
6,748.675158667781,300.730036390371,0,775
6,135.52015227021,77.8648947951274,1,776
6,7.29653219883401,412.086726520445,0,777
6,7.36459778939184,440.197433096131,0,778
6,5.98921544577601,118.638945005207,0,779
6,6.18324739499409,366.711026963154,0,780
6,563.006103778731,91.6852797425155,0,781
7,535.902244404745,774.363432234639,0,1
7,567.225266071582,385.134544066318,0,2
7,703.750325038496,109.693343429501,0,3
7,752.741122221387,641.600688614334,0,4
7,297.516719525282,460.464625899128,0,5
7,297.69435333462,682.098161457329,0,6
7,712.06637242438,347.671080090545,0,7
7,316.652512656283,172.033156495814,1,8
7,114.851359454695,236.416612310637,0,9
7,177.517200328407,794.821373836891,0,10
7,693.905831106389,635.777356536484,0,11
7,254.665659834592,595.310697590795,0,12
7,757.884000388113,520.411419296888,0,13
7,265.071452572633,648.46536889194,0,14
7,577.282651428056,235.071801807894,0,15
7,696.59657332261,384.038221101119,0,16
7,607.703405109576,702.763136850132,0,17
7,766.255436280746,768.363916909003,0,18
7,676.927908480198,729.03486943812,0,19
7,23.0647343089558,721.696740761003,0,20
7,145.63103831994,548.293555764209,0,21
7,468.501498735513,160.20156059531,0,22
7,691.748710140246,516.020222055414,0,23
7,703.683979984985,666.183319598956,0,24
7,490.265311101211,376.957259140762,0,25
7,15.483912281144,307.188351301162,0,26
7,82.480274950251,657.349479466423,0,27
7,559.726122075003,429.813105513665,0,28
7,374.712533967169,214.766063606184,0,29
7,80.5100959766029,144.784610346046,0,30
7,125.42468987595,384.879899959984,0,31
7,800.061455553725,376.759374622522,0,32
7,212.854213696291,497.843545743885,1,33
7,507.195443054096,409.907145222403,0,34
7,191.851369964938,104.546421021174,0,35
7,593.628185176731,765.420765933338,0,36
7,309.406779166108,121.800292369322,0,37
7,450.089860562643,688.403541212339,0,38
7,342.542690057437,647.473897627333,0,39
7,261.983931437202,79.0145379023884,0,40
7,517.648193873788,12.14643581437,0,41
7,90.3297448890614,170.540980234183,0,42
7,418.313465419189,454.159842230783,0,43
7,392.036353742165,633.852025744259,0,44
7,586.026693892672,711.747498676271,0,45
7,738.622806102784,28.7513518404353,0,46
7,12.4561112479102,784.405136302306,0,47
7,634.467493015332,322.136812265758,0,48
7,411.570222931639,331.736205135609,0,49
7,608.715171351429,211.507167499518,0,50
7,235.582777999027,649.776649409266,0,51
7,125.133314960268,209.992235083368,0,52
7,644.862993009712,785.955852046272,0,53
7,272.363150209172,414.324398137185,1,54
7,707.605267065276,80.475620478039,0,55
7,146.82981989503,771.501087230862,0,56
7,734.343580169382,176.369303143748,0,57
7,761.968697205978,8.37571434372969,0,58
7,768.039805718044,724.509198028857,0,59
7,723.94393623972,500.764417557818,0,60
7,141.380783817952,34.1302617408812,0,61
7,789.37823332375,351.032278718374,0,62
7,111.760603135814,22.1680369536586,0,63
7,43.9819919970941,237.276318487533,0,64
7,154.88151174668,667.807797071842,0,65
7,559.388284266721,520.023772208077,0,66
7,100.438518518519,120.265952380952,0,67
7,232.265559457614,31.7010789597763,0,68
7,732.683847360453,779.846215437757,0,69
7,292.393250517598,658.691323671498,0,70
7,279.624297052154,621.574376417234,0,71
7,359.536156798246,403.182935855263,0,72
7,376.665190126389,26.6713305742791,0,73
7,428.540332180715,528.315550894696,0,74
7,442.189806866176,393.710208709133,0,75
7,476.687889231513,52.6454308755064,0,76
7,580.300074618911,744.028062771852,0,77
7,311.691804749633,712.168910813805,0,78
7,659.122935181894,693.004767547498,0,79
7,476.044309892381,404.527441676155,0,80
7,464.334034034034,297.294052385719,0,81
7,177.548082913165,696.348347338936,0,82
7,244.948899688881,573.119336444524,0,83
7,787.900210637177,71.9797261716693,0,84
7,24.7335322808369,156.338396868181,0,85
7,370.470957355104,624.36684124489,0,86
7,494.180095468139,340.519059121233,0,87
7,367.658724947496,153.455214497958,0,88
7,103.673067242922,630.569228505483,0,89
7,549.930915033114,272.672265444351,0,90
7,737.532200964429,578.758095876861,0,91
7,90.1781416707638,510.114020582697,0,92
7,626.179535168722,392.713404749363,0,93
7,572.999313517605,575.659041082609,0,94
7,50.2065440838015,163.958207085942,0,95
7,771.877554574034,292.225464100971,0,96
7,621.127121520706,79.4074448707691,0,97
7,229.285217931616,736.439636989659,0,98
7,485.773937561491,178.001258208752,0,99
7,133.543431028922,625.421944658548,0,100
7,347.758481505259,236.771821630775,0,101
7,778.479657690204,635.357837182642,0,102
7,340.223647024581,45.3150855350872,0,103
7,628.093408349588,156.475246821507,0,104
7,228.363636978683,767.291768849173,0,105
7,488.799665904695,607.267426684641,0,106
7,584.356752732441,25.9669127839223,0,107
7,55.0067876095273,720.826587795766,0,108
7,546.959465658719,60.7614024035666,0,109
7,739.590565457401,140.595642329762,0,110
7,369.926610644258,184.237457817773,0,111
7,479.298324181158,321.91151302105,0,112
7,520.74186556313,548.365560641997,0,113
7,314.103131945848,531.012396443726,1,114
7,661.659260860367,327.076670637074,0,115
7,19.0802010345579,393.181375361614,0,116
7,129.057856512335,179.720871978948,0,117
7,122.275208915555,269.399721999842,0,118
7,158.479854566608,422.484599573395,0,119
7,682.606113770883,92.4227319556391,0,120
7,45.0407823486913,780.759860726625,0,121
7,300.386328943702,512.602100319429,1,122
7,152.512065999649,750.475693639927,0,123
7,778.365177630793,662.28075005702,0,124
7,153.665119491951,396.710517752299,0,125
7,247.774275025325,727.753940765495,0,126
7,717.680200305074,229.033811014772,0,127
7,660.268157587982,768.076051394219,0,128
7,270.658920683637,280.337487813685,0,129
7,90.3150116169545,681.595280376766,0,130
7,339.355667586699,78.9340174117677,0,131
7,214.288955443854,149.868296806246,0,132
7,342.360737848116,160.676732426771,0,133
7,631.389606632838,35.3272586318615,0,134
7,128.490156320748,421.553018713651,0,135
7,63.4729037739733,358.869773614159,0,136
7,154.158577094242,168.918931792636,0,137
7,449.913175996157,721.984131418986,0,138
7,802.823293246994,175.807018193031,0,139
7,631.486776379844,236.890505704541,0,140
7,180.182186486665,747.081279862352,0,141
7,532.854698291396,497.018226016926,0,142
7,578.301832651506,535.349848314203,0,143
7,240.91056797079,195.665776291024,0,144
7,206.255231730888,470.964390913344,0,145
7,674.818751897712,50.4109479249626,0,146
7,143.714337170364,481.85507298797,0,147
7,559.071959049106,21.8976690381167,0,148
7,179.529513487104,584.475570212657,0,149
7,801.281338622405,403.428493136385,0,150
7,37.9661756390367,643.907850642541,0,151
7,307.455189684569,223.083493179881,0,152
7,161.234816989569,244.257619405017,0,153
7,755.561012322713,350.491739770081,0,154
7,272.825802353077,201.636529238771,0,155
7,340.582392974944,725.739636040834,0,156
7,701.958856161305,10.9977825476783,1,157
7,635.420534591195,115.046470125786,0,158
7,57.1819003831418,57.8299003831418,0,159
7,189.946662395218,517.259599808034,0,160
7,118.746619760578,681.079207981846,0,161
7,167.969429911084,82.5934125758832,0,162
7,479.794493526276,220.78349980053,0,163
7,637.265718562874,549.589321357285,0,164
7,176.693485381011,307.9856373078,0,165
7,788.548972608541,764.996637473955,0,166
7,424.953627839146,268.448944546792,0,167
7,149.101953404026,702.046972566416,0,168
7,653.771574496531,633.797800988052,0,169
7,288.205826886615,111.339218462904,0,170
7,200.19573185006,80.8489610258711,0,171
7,645.829055428426,293.209900203407,0,172
7,219.229752935368,51.8727273702964,0,173
7,752.531588437978,217.278246985528,0,174
7,51.4943238386635,624.22757460965,0,175
7,787.713619791667,269.263125,0,176
7,289.43506874014,784.836608068515,0,177
7,455.318118392027,261.984529149202,0,178
7,153.467541632701,325.798362123624,0,179
7,305.307263853,628.545970906307,0,180
7,106.193698553808,195.413835068257,0,181
7,671.04917511804,127.232055383269,0,182
7,392.170892312296,382.092959929038,0,183
7,526.419247161456,274.259820863717,0,184
7,266.04862310497,749.090542520278,0,185
7,507.962260138626,236.477491900133,0,186
7,387.545995256658,405.688621198862,0,187
7,789.750912488182,331.002336055931,0,188
7,771.705300357125,476.965293532877,0,189
7,718.834159159159,693.396083583584,0,190
7,273.221766144159,12.5574909565916,0,191
7,653.705420019342,468.980521373751,0,192
7,421.749844469727,696.803736241962,0,193
7,511.225454542025,776.55622572047,0,194
7,83.673443143625,291.90626423803,0,195
7,401.527792852291,514.171369346062,0,196
7,286.132529234675,78.5856279940873,0,197
7,372.377514732857,53.5386621394841,0,198
7,327.078845520868,361.489428185958,0,199
7,139.329703541531,253.790060802197,0,200
7,501.648942804836,308.848825366649,0,201
7,182.02389511079,230.00126144027,0,202
7,422.997234986899,16.5357771087326,0,203
7,631.315058221595,727.671420004562,0,204
7,175.410096878988,648.881360946746,0,205
7,698.612619553358,713.990067205237,0,206
7,307.476998265183,57.7680447009125,0,207
7,495.093711469006,96.122292600958,0,208
7,556.52668181578,167.257080448837,0,209
7,383.003083286,690.25462517425,0,210
7,775.425805560013,382.767203409476,0,211
7,496.199586962745,20.5728090622827,0,212
7,686.63408945463,119.433964334421,0,213
7,310.487200606222,383.406318636888,0,214
7,344.682681105268,551.67690187414,0,216
7,595.157183334442,93.3347575243418,0,217
7,670.587057578437,149.551380013664,0,218
7,35.7964648822492,115.627567693744,0,219
7,323.000124064673,549.667899445885,0,220
7,302.027561775327,88.4144623427715,0,221
7,442.7670781893,190.785596707819,0,222
7,49.1296118790569,212.921579014009,0,223
7,711.130055927295,53.3787276540497,0,224
7,403.371303278504,29.9833969629279,0,225
7,316.062117405048,767.018769142889,0,226
7,351.022185649816,134.409491574546,0,227
7,74.4279141633178,241.493691781942,0,228
7,655.872397330296,601.178781614366,0,229
7,209.997696494625,611.811052090024,0,230
7,164.555851140018,465.55433806008,0,231
7,16.8997245388497,669.379852056836,0,232
7,189.250688909484,39.7924451652765,0,233
7,275.98351123497,240.550464667002,0,234
7,339.735018537243,471.185100590624,0,235
7,275.209537140724,147.911011571482,1,236
7,111.282252150216,474.92048216037,0,237
7,803.928066938013,430.909620521724,0,238
7,548.456317415337,233.772193206569,0,239
7,109.740212922173,438.920903433326,0,240
7,707.309851256554,246.244952937865,0,241
7,166.803204608965,496.207555827217,0,242
7,171.175586778639,132.992929945449,0,243
7,247.933170644907,671.262324495623,0,244
7,701.744899365867,260.746925834023,0,245
7,627.238760018573,263.285321020783,0,246
7,86.669110416784,449.487737619396,0,247
7,712.627208226083,127.348866561385,0,248
7,794.057873406242,98.8762514316269,0,249
7,619.265068821855,531.626787465799,0,250
7,606.745612198368,478.377566608039,0,252
7,734.572120100072,61.0545126421352,0,253
7,172.268757260875,108.395870982316,0,254
7,200.577906036967,636.582641085108,0,255
7,623.206429188633,11.2282407272563,0,256
7,630.074475523955,612.948269500571,0,257
7,632.262646496262,485.403348982786,0,258
7,677.69332885068,166.160037942462,0,259
7,151.183941014592,200.89208868455,0,260
7,338.394733538205,389.883126987252,0,261
7,210.843659893514,678.095751969853,0,262
7,478.657212870529,473.021744427273,0,263
7,446.274410411274,774.939329882082,0,264
7,84.2366606265546,721.820722815929,0,265
7,775.589575867823,229.75412369724,0,266
7,327.254640005603,685.887346111345,0,267
7,459.602208270074,110.800255408654,0,268
7,604.257938478144,232.392093901781,0,269
7,538.762172747887,146.639991754277,0,270
7,284.053035866622,724.301052137037,0,271
7,573.566986595773,349.588154947562,0,272
7,595.064034678979,626.331165897121,0,273
7,269.659557808185,685.925256297598,0,274
7,472.388861101327,16.1530010567101,0,275
7,84.2286064557305,7.09253604133089,0,276
7,367.822941986712,100.885176632637,0,277
7,544.101823639324,371.133144170644,0,278
7,301.344305835823,191.741488392191,0,279
7,135.34753836917,455.129770347855,0,280
7,411.847138433076,118.296210133124,0,281
7,475.326777587923,197.204091084301,0,282
7,327.635518616957,226.947525698106,0,283
7,382.403546644719,555.228757122747,0,284
7,394.671112862127,279.46275342889,0,285
7,330.342030032672,121.65724916925,0,286
7,433.483720384976,743.061985917009,1,287
7,469.539196321601,502.3322458958,0,288
7,217.442521168842,10.3205055727055,0,289
7,34.9974128979124,45.9306271708383,0,290
7,523.592908843425,304.708528655713,0,291
7,554.445368596014,335.123817359111,0,292
7,735.923772242677,116.668621523745,0,293
7,297.561680669089,13.4292600161469,0,294
7,663.706594402595,230.443838918859,0,295
7,632.476807361733,759.335847860192,0,296
7,57.3068409049477,19.103670234341,0,297
7,417.226187954817,295.52268246986,0,298
7,686.225620084694,333.747076527526,0,299
7,23.0738891315653,766.856867810712,0,300
7,45.7577559442678,140.876012797213,0,301
7,653.021254742143,164.372778026274,0,302
7,671.637996219282,209.612161310649,0,303
7,426.898722850403,418.508979694736,0,304
7,680.718185178298,691.48866482549,0,305
7,21.7434708813665,188.228743193884,0,306
7,268.898319141176,572.867308881595,0,307
7,242.791865489924,395.324765185207,0,308
7,254.81280800123,174.034396181554,0,309
7,628.496781564074,582.463321405744,0,310
7,126.559276246572,119.749957879462,0,311
7,405.350676691729,151.149855699856,1,312
7,29.0906624741823,438.338285285109,0,313
7,793.480096861734,244.87346572912,0,314
7,20.6070766249593,595.006726351326,0,315
7,31.0992763735571,744.460720841575,0,316
7,484.557599309154,572.973877636468,0,317
7,203.847031891838,756.85607711213,0,318
7,680.4246761735,655.458764111705,0,319
7,335.629648129648,416.809829059829,0,320
7,365.638899035965,452.175328036933,0,321
7,800.601382377923,482.799125212169,0,322
7,523.928658241266,523.544834949268,0,323
7,599.740973882229,521.468341552745,0,324
7,509.189798377758,57.3592188347039,0,325
7,564.501236281532,706.072730553551,0,326
7,766.864718168653,165.084364053817,0,327
7,73.3885311228377,696.200401652956,0,328
7,286.843727487737,563.63955164992,1,329
7,185.91133510168,153.736478683735,0,330
7,638.765045248869,56.2162895927602,0,331
7,450.72038966871,18.6125219406873,0,332
7,726.814300044141,751.859104311427,0,333
7,722.931979625947,378.28406842262,0,334
7,250.432681034471,325.402735993948,0,335
7,529.544143840994,664.284435919869,0,336
7,718.903709132773,542.648535248233,0,337
7,51.3283459112359,277.874041289566,0,338
7,306.389639505789,412.073397913562,0,339
7,272.00004375474,326.219781680052,0,340
7,88.5313677712801,389.352371669915,0,341
7,614.272543434882,308.661585986962,0,342
7,560.91494442951,729.357517969104,0,343
7,758.142844263562,673.565709383776,0,344
7,242.26878888555,366.995779630928,0,345
7,11.9166510780152,140.018449768568,0,346
7,419.773293219162,627.035848183291,0,347
7,608.637166405024,733.091299488839,0,348
7,12.133307372393,567.780606149401,0,349
7,343.526998595937,104.638400026326,0,350
7,489.853463520798,130.892685936979,0,351
7,601.995083552551,253.561041090873,0,352
7,118.193582282089,525.63315408423,0,353
7,739.381088913147,281.989553877921,0,354
7,505.25531233999,482.602363884622,0,355
7,367.165373351167,711.719240037819,0,356
7,320.826225490196,68.8791911764706,0,357
7,609.700838713636,40.7276744818034,0,358
7,152.934149201511,143.866509298835,0,359
7,104.946557160876,408.314846347896,0,360
7,388.725722393574,133.950604746023,0,361
7,746.947041596052,421.194422144917,0,362
7,35.270421893815,287.615189928845,0,363
7,610.391532598339,118.183583775691,0,364
7,693.849113308978,541.216192776683,0,365
7,430.94833385981,595.834813451647,1,366
7,394.087345247345,483.234726754727,0,367
7,90.6404289610712,315.164872613439,0,368
7,567.576093717603,791.092691654956,1,369
7,756.830742295865,39.8925923417661,0,370
7,69.200471951557,266.673802020788,0,371
7,700.250884231642,574.93743798873,0,372
7,450.54960096992,54.4948787847361,0,373
7,636.277089276078,135.764281859533,0,374
7,323.924777306709,143.454217133611,0,375
7,26.5825310851039,501.984553631879,0,376
7,463.263948234971,370.188405299986,0,377
7,238.609026349245,697.562270060304,0,378
7,394.27410154768,461.144526429173,0,379
7,729.284511376032,159.419302393161,0,380
7,325.567581014607,578.46022023206,0,381
7,691.324346045373,219.841824739488,0,382
7,19.4236446703579,19.2876705697256,0,383
7,360.871125064981,672.473304015473,0,384
7,513.833411083121,454.695083103416,0,385
7,346.943603099529,606.598831494018,0,386
7,206.421600901372,731.34449705248,0,387
7,54.919064114468,669.666872604338,0,388
7,766.722684414864,60.1497504159734,0,389
7,479.985288222726,257.721943277007,0,390
7,575.799520049827,265.055740099586,0,391
7,609.152140126296,605.96298909684,0,392
7,589.698208940194,591.717870318665,0,393
7,528.254633316023,640.795337833939,0,394
7,216.927993617639,448.596219901363,0,395
7,701.463302107133,159.648832421385,0,396
7,352.620106881136,210.66659946807,1,397
7,251.236903154352,49.9347796321919,0,398
7,533.360636776394,205.769409400004,0,399
7,394.134500309669,174.382895483301,1,400
7,525.813271103896,472.626430976431,0,401
7,111.912773382349,297.614190575135,0,402
7,719.46433230206,205.451741894947,0,403
7,707.045937004669,297.343509205079,0,404
7,95.2208711045072,267.105466783163,0,405
7,624.957785000793,345.809931729505,0,406
7,93.2162618292691,775.497319785228,0,407
7,334.217629461733,25.2136731193335,0,408
7,62.8557985830713,300.641485255122,0,409
7,319.356578692226,663.178260202126,0,410
7,351.93342774091,574.968988816005,1,411
7,250.531916947951,622.635581413698,0,412
7,263.151113173738,370.878012831256,0,413
7,655.975259169697,19.7092558117198,0,414
7,455.353258768296,327.874421200405,0,415
7,357.22687504632,10.3961875293362,0,416
7,745.70855262377,247.274959346698,0,417
7,130.161682705862,789.704418588703,0,418
7,291.63423992079,530.816453169962,1,419
7,371.766827874386,591.686888923808,0,420
7,589.62909740238,496.11704183895,0,421
7,31.1968522896419,258.856612818492,0,422
7,434.310204791361,135.699115972985,0,423
7,293.955710140751,283.306197345448,0,424
7,417.510656387805,718.595541596608,0,425
7,185.46589789207,62.8785745862311,0,426
7,586.177508447553,62.4816973466078,0,427
7,607.774441709161,66.8129139558056,0,428
7,557.579958732694,40.3817834322227,0,429
7,704.590283782598,742.174240572954,0,430
7,618.030731193966,673.455901135794,0,431
7,372.376630846955,792.084197906822,1,432
7,131.74022258026,344.188390619406,0,433
7,638.374285371238,682.002288197427,0,434
7,511.282855094126,130.306043562473,0,435
7,324.503921107849,199.423345455573,0,436
7,175.125122960551,180.477951053221,0,437
7,223.700334448161,636.24164301172,0,438
7,190.776140943732,128.529322209902,0,439
7,148.685570629943,225.915971275339,0,440
7,476.601244351006,119.277224333576,0,441
7,668.061959234859,530.320293468217,0,442
7,404.122629391219,543.950593674528,0,443
7,803.801291064977,54.1199929429856,0,444
7,536.967885495764,119.713483550453,0,445
7,234.87404577078,129.537827013638,0,446
7,690.548634879633,180.368718114304,0,447
7,656.696519463761,133.264665328458,0,448
7,708.448181376684,189.809403675587,0,449
7,614.106976392252,649.609291767554,0,450
7,748.635480037525,269.329298555098,0,451
7,458.83055790919,233.379608578974,0,452
7,520.7207123202,35.7996322701689,0,453
7,625.411133784021,641.497769036551,0,454
7,439.569911567792,120.070853770601,0,455
7,744.883793903359,736.677578460187,0,456
7,533.973581066207,439.434349983087,0,457
7,714.497831848517,457.205853542313,0,458
7,34.5370603179592,535.226228827352,0,459
7,734.049520435268,213.739796515138,0,460
7,433.333987960298,154.537636380618,0,461
7,550.761320531057,310.469132290185,1,462
7,724.26381544022,303.456625825199,0,463
7,665.114174792344,180.055170338269,0,464
7,378.755789250053,521.95510919473,0,465
7,405.030100911506,96.0020423153659,0,466
7,9.45945649338961,244.723381198503,0,467
7,745.216467235857,709.412966394927,0,468
7,424.480474095016,58.6056730876739,0,469
7,409.166724045009,573.610188139487,0,470
7,661.223965284511,195.416499363106,0,471
7,484.994964823886,452.995516589703,0,472
7,158.046619413721,725.434791410634,0,473
7,767.795721855558,259.362209921226,0,474
7,422.530868844861,478.55658071857,0,475
7,424.208109671898,182.040650465799,0,476
7,789.740420332872,700.663363560823,0,477
7,803.343274576062,577.23100597035,0,478
7,632.261472132713,366.261397541473,0,479
7,670.981756898187,301.741677658297,0,480
7,535.760459693538,27.973140128803,0,481
7,737.525776050051,363.595729013255,0,482
7,400.532039810403,795.287649919361,1,483
7,180.819507086705,206.112621219946,0,484
7,16.4715976621706,211.130088104766,0,485
7,147.872648376547,364.426943182841,0,486
7,9.90400514867739,700.271187926725,0,487
7,267.487507206272,546.295061301357,1,488
7,368.703365129836,77.1403167873756,0,489
7,458.563469411652,174.302174158502,0,490
7,308.485332025891,256.271154815144,0,491
7,725.379773839195,719.200270931413,0,492
7,210.701744270166,785.335893576747,0,493
7,244.533297095455,6.09595002323951,0,494
7,724.578281013964,259.63715227884,0,495
7,394.334084175111,734.377428819622,0,496
7,440.768025211623,503.535279399609,0,497
7,489.557565186659,247.057588093617,0,498
7,277.655582657242,176.376595126251,0,499
7,407.2253205461,70.2336174591038,0,500
7,566.087803634917,482.184939148703,0,501
7,149.473013617134,119.198803543099,0,502
7,366.664254495332,536.703088202699,0,503
7,412.365424228475,218.522699954896,0,504
7,580.5434566271,41.1844358963318,0,505
7,766.427467039357,696.975354854263,0,506
7,9.65488434569489,471.140077407398,0,507
7,383.896371703456,115.049614421867,0,508
7,213.928521727067,110.278896835219,0,509
7,393.539812748683,715.974154927053,0,510
7,14.9394659519246,341.638884127405,0,511
7,192.600982458231,4.87238095947298,0,512
7,802.319016162153,521.264349836779,0,513
7,316.941721539874,6.80642678123881,0,514
7,462.154044217687,135.165770975057,0,515
7,524.5796946972,593.573652401127,0,516
7,352.365121005521,505.385191297788,0,517
7,159.485579453113,58.7854482329704,0,518
7,104.129489049917,367.593990486318,0,519
7,484.63431109201,151.347845707532,0,520
7,8.43025103430088,174.265848016835,0,521
7,802.043751876689,663.760984538863,0,522
7,332.497709110212,520.063699241558,1,523
7,173.451546894946,14.8709606768291,0,524
7,551.295873059361,795.852851141552,0,525
7,7.12246204417052,41.1557222393426,0,526
7,695.499855228692,317.695009035188,0,527
7,801.520985966717,737.230748833556,0,528
7,702.605528818224,777.466643428986,0,529
7,761.499554593811,317.948441481919,0,530
7,607.889266761431,376.817841151386,0,531
7,640.830927898152,175.138068307014,0,532
7,442.425792626798,365.091502935096,0,533
7,730.271336857216,7.79713360201891,0,534
7,224.298673776846,713.187263839548,0,535
7,784.881669727956,6.30488389944349,0,536
7,201.807915154984,658.788069894511,0,537
7,432.79095581692,173.615426083955,0,538
7,43.6339389414302,562.746611402535,0,539
7,588.672340660053,449.662333311721,0,540
7,12.0160008087189,278.596038548934,1,541
7,446.065174666445,802.765924299673,0,542
7,336.168327313067,3.13962282019021,0,543
7,450.297185723605,139.890960767869,0,544
7,416.977824637887,373.874919837622,0,545
7,102.505326381253,88.9570243992796,0,546
7,120.315022917654,95.6017530688583,1,547
7,310.940899962432,803.112295868911,0,548
7,569.278752063618,5.16785054166648,0,549
7,697.244878952111,280.901054348925,0,550
7,634.186391372215,448.202888559929,1,551
7,781.994060748305,791.561148692238,0,552
7,247.435281655506,430.98253319714,1,553
7,586.527837342293,158.030460361351,0,554
7,345.84966862849,702.886964325925,0,555
7,681.61752213829,454.490652761274,0,556
7,664.151230925131,495.726231918614,1,557
7,230.436908149714,76.1392272181117,0,558
7,518.597124413146,616.06100309587,0,559
7,381.861613982192,337.950689476928,0,560
7,541.011114267378,744.166074340603,0,561
7,145.631587387782,587.843839809972,0,562
7,44.5680395369845,408.087584294448,0,563
7,754.293600493213,605.798010338869,0,564
7,266.810360867694,709.271587964362,0,565
7,735.137563253661,328.031394675926,0,566
7,657.552496730539,715.060929656364,0,567
7,200.190695043035,341.880445054689,0,568
7,558.12036876648,206.19672911341,0,569
7,491.368421052632,437.044834307992,0,570
7,370.937402391273,367.712104979449,0,571
7,581.980608103211,112.974541567007,0,572
7,650.032846785465,660.293169112509,0,573
7,75.6902313041147,414.344091776038,0,574
7,373.24028425946,653.068651192027,0,575
7,56.5952995948802,444.537506344416,0,576
7,558.601901686401,658.571761750987,0,577
7,401.115686944634,355.656410411054,0,578
7,242.963659913131,460.283782495433,1,579
7,342.546135785049,630.458851262066,0,580
7,500.536608351782,511.778522388118,1,581
7,721.227825966307,626.793930483198,0,582
7,778.127437011222,415.494687983929,0,583
7,165.520413176689,617.378262760774,0,584
7,112.169061736468,594.215614455986,0,585
7,257.055436230436,785.943192224442,0,586
7,190.349963214183,394.146944085558,0,587
7,659.704076367389,103.152573529412,0,588
7,636.192284933798,705.249724160023,0,589
7,245.480687985039,259.121261565948,0,590
7,697.251423646382,142.023881860436,0,591
7,640.700778050778,422.711936936937,1,592
7,608.629270699672,421.73106666132,0,593
7,434.844918907072,320.817236508864,0,594
7,49.2641283882054,478.163876964768,0,595
7,366.97864675356,307.947101224638,0,596
7,400.965988206877,604.540623858239,1,597
7,152.496811567172,99.526411147969,0,598
7,498.315081388181,636.056934458904,0,599
7,108.860391763239,704.308411772551,0,600
7,83.4374129131832,614.746740702961,0,601
7,657.490803590502,373.603665775871,0,602
7,577.952965806518,208.651996978857,0,603
7,701.541372153865,433.57013507902,0,604
7,180.127024722933,774.462144552298,0,605
7,44.2291447349289,320.062980519124,0,606
7,733.332448768981,664.343938891346,0,607
7,428.872658850774,549.67451150673,0,608
7,456.836570166112,532.837347484812,0,609
7,562.077591768937,129.449104961151,0,610
7,561.311670144812,763.724332113222,0,611
7,460.596411808061,596.119486015749,0,612
7,217.451248390788,412.78350837333,0,613
7,666.763778822921,403.529956448678,0,614
7,348.233768406961,779.525100401606,0,615
7,454.578393216985,651.721994210187,0,616
7,137.160731244065,9.11413817663818,0,617
7,788.250787541662,457.936861193538,0,618
7,237.243437658433,158.479195642096,0,619
7,254.604452419793,529.88309211528,0,620
7,593.835566540661,401.601065232141,0,621
7,738.921708022251,476.752205021227,0,622
7,770.127424247881,86.1932504343024,0,623
7,601.150648434321,554.454313805274,0,624
7,600.039808272306,178.236446066129,0,625
7,445.067040985407,210.206143818251,0,626
7,526.716664609646,88.8957549951317,0,627
7,596.260064721424,354.80979681553,0,628
7,238.671257172666,501.154720918101,0,629
7,740.272120053543,542.368362151492,0,630
7,432.481262670237,236.392153293947,0,631
7,297.799562887761,340.047930326424,0,632
7,312.555272945359,487.041576058817,1,633
7,153.069658188461,790.425238788238,0,634
7,508.051081197308,207.118996354845,0,635
7,191.761834608557,264.732002419843,0,636
7,214.793355105716,374.861555707695,0,637
7,293.558662934163,40.9344252980819,0,638
7,495.809111814544,680.91705061918,0,639
7,594.539212487083,673.72466877949,0,640
7,555.404831356761,457.038952003614,0,641
7,408.21840731435,249.292628419877,0,642
7,619.340184173244,508.124615462457,0,643
7,270.175431067027,30.4791530064417,0,644
7,396.174277986324,668.603945954827,0,645
7,754.691345259427,396.376605077892,0,646
7,708.382094083137,409.29051689038,0,647
7,778.102712058983,549.397564245173,0,648
7,570.612405268595,608.542454887297,0,649
7,64.0413703599462,643.014041342215,0,650
7,782.721560445405,127.129101009821,0,651
7,189.324000677871,717.092957186741,0,652
7,669.323226027544,260.986544689327,1,653
7,680.267119694068,757.274914337426,0,654
7,484.756838867385,529.08064063253,0,655
7,146.053996801613,518.647311700896,0,656
7,298.042047398655,435.31555883766,0,657
7,272.844742775587,452.539138984142,1,658
7,695.081076969881,480.149409007425,0,659
7,83.9477870510875,196.813676726803,0,660
7,126.086689144483,501.20186019795,0,661
7,761.618087696272,106.651485607588,0,662
7,741.075381154487,87.2383531540848,0,663
7,35.718203967562,362.753244345846,0,664
7,297.813748130574,153.248289694801,1,665
7,398.496614381145,429.96467863988,0,666
7,646.662183850517,79.4407411578245,0,667
7,78.7263939239689,340.966275482333,0,668
7,186.64139187237,441.738887094314,0,669
7,58.0532459097742,84.9648684685135,0,670
7,162.408953879884,277.569410187143,0,671
7,56.7460340467694,755.247638892291,0,672
7,545.477341137124,622.590910442215,0,673
7,86.3156125850088,38.3011741304187,0,674
7,469.636572890026,784.800866723501,0,675
7,324.622513433324,446.709954891161,1,676
7,112.30886437404,556.623481867064,0,677
7,297.622180329167,745.682984945465,0,678
7,502.989113847144,273.883288361537,0,679
7,780.75313928735,500.694843903914,0,680
7,366.722363624937,427.183095567287,0,681
7,530.540847064087,576.038944862924,0,682
7,759.094272133096,184.894854426619,0,683
7,466.607810314568,623.08869659229,0,684
7,337.817363012827,260.256591604206,0,685
7,611.209433884173,783.932392315333,0,686
7,654.584359851725,739.764707727402,0,687
7,380.880111827555,768.21496807152,0,688
7,723.116226130689,597.475397193064,0,689
7,794.860533867723,308.831669524809,0,690
7,342.837324548643,184.978174923864,0,691
7,313.380801435407,604.796125302259,0,692
7,672.373307094642,431.407163189638,0,693
7,673.239728510135,21.6041500221926,0,694
7,191.127282491944,550.16576669065,0,695
7,687.705087260474,610.183671003146,1,696
7,214.121854164057,310.469516014532,0,697
7,135.836061650292,304.436601146412,0,698
7,394.411094984296,311.463969126403,0,699
7,485.125798202265,755.282578006901,0,700
7,97.4237982631506,229.083578519675,0,701
7,315.685409384894,300.43301953041,0,702
7,374.622100997704,249.451998579239,0,703
7,44.5126104813636,604.589816426341,0,704
7,354.047709878724,752.203998881432,0,705
7,228.060107705054,344.985533108151,0,706
7,793.851774151774,605.373885373885,0,707
7,104.952845686437,61.8520019725865,0,708
7,125.952192048112,657.187819779973,0,709
7,506.992968870396,164.30479786305,0,710
7,482.685676624151,716.147653277046,0,711
7,531.798021407876,247.77040582556,0,712
7,225.646980230192,545.890705966857,1,713
7,772.303117453233,438.435418445586,0,714
7,37.0413872619755,696.303396358543,0,715
7,473.332855172341,78.795268500716,0,716
7,725.927641541628,433.992209300672,0,717
7,451.421783905444,566.316004607707,0,718
7,571.150459094243,637.914959424588,0,719
7,241.991594587805,97.2728469056933,0,720
7,220.265712289852,225.022709623105,0,721
7,596.817848988692,137.088421212854,0,722
7,72.7543429476602,219.081246562383,1,723
7,354.347524057217,345.650442710591,0,724
7,657.951984038629,569.098581987575,0,725
7,780.253774375992,202.131924298382,0,726
7,785.820471350891,32.0941287462812,0,727
7,81.6681660070763,588.734704007177,0,728
7,49.2140207908896,191.624156807514,0,729
7,288.050122793339,364.529628313693,0,730
7,515.144946168387,729.265620169146,0,731
7,451.320345793255,468.199290533075,0,732
7,369.892052799891,487.60582942097,0,733
7,627.553387157297,188.530158227601,0,734
7,443.225563640685,92.037407455426,0,735
7,484.663310403161,285.611228184948,0,736
7,466.980306021385,347.06245335154,0,737
7,772.932649010203,578.600701122259,0,738
7,304.049897119342,578.966563786008,1,739
7,252.188019945681,222.109214857703,0,740
7,422.282716321063,764.581542783205,1,741
7,212.250358700601,579.08051881989,0,742
7,110.623176585709,332.193982918003,0,743
7,13.2871595496428,81.5115017677568,0,744
7,647.080529049485,517.848495897973,0,745
7,117.711131408543,154.4824186759,0,746
7,548.862801333377,547.843377959307,0,747
7,446.23096139007,436.419312082956,0,748
7,571.203083750187,288.738473323913,0,749
7,63.9180550632164,382.558717911792,0,750
7,127.590557886806,732.698396378453,0,751
7,249.971764717877,298.727197030564,0,752
7,681.175029403376,358.992457473265,0,753
7,209.209509185089,179.176092350949,0,754
7,749.002028985507,450.685636070853,0,755
7,748.14040989041,762.414468039468,0,756
7,530.608728781689,177.830781637566,0,757
7,670.854708417702,551.198063646944,0,758
7,530.557364306109,401.533969681066,0,759
7,87.9400192538291,545.344121899783,0,760
7,278.862436104782,388.320955270396,0,761
7,57.3035794987876,581.619622826632,0,762
7,430.392893574212,43.6998429431711,0,763
7,400.280326792146,200.657000121532,0,764
7,65.9676972525838,527.534402450385,0,765
7,441.892585264558,286.606332412864,1,766
7,706.489930169091,35.4266437460305,0,767
7,428.582762936381,347.253913403036,0,768
7,601.421231546232,14.3221084471084,0,769
7,225.380134101706,665.378893373085,0,770
7,578.982936764284,319.941262919897,1,771
7,536.175833577784,702.164275178793,0,772
7,172.066492221999,352.218008892795,0,773
7,264.494046797676,123.167746238409,0,774
7,747.756152991758,301.160240777856,0,775
7,134.032004950495,78.9268426842684,0,776
7,7.21332457512919,412.826728632741,0,777
7,7.11452790818988,441.521344114067,0,778
7,5.36416488352376,120.006682580376,0,779
7,5.86573208722741,367.483489096573,0,780
7,561.43069014153,92.5728265486439,0,781
8,534.996169205434,776.370135172225,0,1
8,566.122937325986,386.357687776375,0,2
8,702.848818419024,110.914164887624,0,3
8,751.784897180803,642.410425740482,0,4
8,295.127729257642,461.378921403966,0,5
8,297.206997314216,683.975366916212,0,6
8,711.365256464115,349.17846250291,0,7
8,315.546920271445,173.633349141289,0,8
8,113.061761167444,240.776354989215,0,9
8,176.695688175159,797.979314862764,0,10
8,692.593435940684,637.101461803359,0,11
8,254.508289241623,595.708436213992,0,12
8,756.321475419827,521.439088538062,0,13
8,264.37465147911,649.7752982081,0,14
8,574.997660182836,236.874721114736,0,15
8,694.547964532244,384.420206545402,0,16
8,605.69087685097,704.116080539906,0,17
8,764.614050651696,769.591568667905,0,18
8,675.34868669077,730.717083062946,0,19
8,21.8307049099925,722.339019851117,1,20
8,143.402906635185,549.128589872109,0,21
8,466.749798916264,161.89869965851,0,22
8,691.752134658035,516.418660462747,0,23
8,703.222671699208,667.73496340652,0,24
8,488.98474494146,377.854352532277,0,25
8,14.8475772456595,308.513140036381,0,26
8,81.7814450238021,659.196139561318,0,27
8,559.268697776887,430.678516974948,0,28
8,372.609192797551,217.119126345,0,29
8,78.9092213680397,146.513085511716,0,30
8,123.648161276345,387.078499565507,0,31
8,796.265690282189,377.510106338903,0,32
8,212.871962093727,498.385800017389,0,33
8,506.935567037049,412.080070445185,0,34
8,190.613564865021,105.36524588618,0,35
8,591.727259155312,767.126501482612,0,36
8,308.142176255997,122.001760172353,0,37
8,449.189320148314,690.487013481348,0,38
8,341.334913148223,648.55570011577,0,39
8,260.340426745078,80.9053978819474,0,40
8,516.548863516646,14.1572245048462,0,41
8,87.4698192319483,172.322523098439,0,42
8,417.210305139491,456.500736406337,0,43
8,390.851153870339,635.315654279067,0,44
8,584.049658382297,712.730093874519,0,45
8,737.26054679128,30.3310011366768,0,46
8,11.9896983075791,786.387417218543,0,47
8,632.93902278481,323.900184810127,0,48
8,410.487322806702,333.400630548225,1,49
8,607.943518494619,213.386061259366,0,50
8,234.281295143062,650.96728759241,0,51
8,123.159449338388,212.102305419269,0,52
8,643.164781298072,787.36169430243,0,53
8,270.292418353016,415.854402310447,0,54
8,706.579192136256,81.7424426456473,0,55
8,146.6239653416,772.990428992412,0,56
8,733.510430798328,177.323200459636,0,57
8,760.3197478552,9.15155157982842,0,58
8,767.086587880248,725.936635369463,0,59
8,722.9977538575,501.372794680852,0,60
8,140.148207443897,35.0832421091042,0,61
8,788.142218715126,353.016807248453,0,62
8,110.29582865694,24.2390513935653,0,63
8,43.4220928014682,239.260350939596,0,64
8,153.609830562414,668.17392204468,0,65
8,559.881182930811,520.273903856313,0,66
8,99.3660534564067,122.065637939959,0,67
8,231.27590146228,33.8156883516118,0,68
8,731.221179398659,780.986634195514,0,69
8,292.178329882678,660.946903036577,0,70
8,279.510963718821,623.177471655329,0,71
8,358.328661858974,405.766382211538,0,72
8,375.2238267904,28.2709222091157,0,73
8,427.76788606403,530.012707156309,0,74
8,441.22200740965,395.461141789833,0,75
8,474.683761939197,53.6643230814426,0,76
8,578.910687708758,745.452560283799,0,77
8,310.298795422902,713.591177501888,0,78
8,657.804625735913,694.413198365974,0,79
8,475.448744144,404.829467090416,0,80
8,463.80920829086,299.420203307283,0,81
8,176.985937717819,698.082360876897,0,82
8,243.950818724665,574.441076255802,0,83
8,786.793490617395,73.714981569247,0,84
8,24.1865107695296,157.697286369928,0,85
8,369.476845422498,626.663067641329,0,86
8,493.36032068654,341.145382153097,0,87
8,367.155496064529,154.439007173781,1,88
8,102.011903681005,631.475959974275,0,89
8,549.26750330251,274.080140907089,0,90
8,735.177609812528,579.501418242307,0,91
8,89.3567176735979,510.363658486011,0,92
8,623.885024713832,394.16926305503,0,93
8,572.129336643051,575.69461007756,0,94
8,48.2639479905437,165.520704556792,0,95
8,769.76076219789,292.421471829398,0,96
8,619.826167076167,81.6550041315666,0,97
8,227.904453340832,737.226108053458,0,98
8,484.23260777287,179.876544261871,0,99
8,131.762865811391,624.687474500204,0,100
8,346.533408333924,237.525530319136,0,101
8,777.790069469817,637.324714306012,0,102
8,339.251355447404,46.2830323599727,0,103
8,626.655538527103,158.013708359969,0,104
8,226.107293416162,767.957609421478,0,105
8,485.946694150118,607.76609860627,0,106
8,581.743332175319,26.1137460054648,0,107
8,53.9424989812921,721.089267054784,0,108
8,546.166475315729,62.2962814134456,0,109
8,738.778903684866,141.789060073215,0,110
8,368.868618387262,185.86084911574,1,111
8,477.861633845457,322.859431146196,0,112
8,519.858394995897,549.151140483119,0,113
8,311.412204862105,531.199545330256,0,114
8,661.643557692382,328.026256311968,0,115
8,18.916298233892,394.239487523042,0,116
8,127.385846858699,181.516177305365,0,117
8,120.99333464458,271.659994126332,0,118
8,157.177955000728,424.335357913573,0,119
8,680.987727630342,93.7399976973116,0,120
8,43.3258064201524,782.866573394829,0,121
8,297.963282331274,512.326804597451,1,122
8,152.069229961363,751.68806948956,0,123
8,777.90969843741,663.386346076227,0,124
8,151.584558823529,398.942197712418,0,125
8,246.521841425966,728.474941135083,0,126
8,715.2967687013,230.681098750621,0,127
8,658.275965655084,769.735934257222,0,128
8,268.780104712042,282.849258289703,0,129
8,89.3250511684326,683.237403924167,0,130
8,338.872763031626,79.3051240680397,0,131
8,212.162159200338,151.093920769009,0,132
8,341.486893811953,161.820372983142,0,133
8,629.765928288528,36.974650964448,0,134
8,126.962888989395,423.564228711844,0,135
8,62.1503017007219,361.124953931677,0,136
8,152.963411333806,170.30057158682,0,137
8,447.82788467717,723.880833951558,0,138
8,802.338706640295,176.88741038898,0,139
8,631.218284540318,240.02157164869,0,140
8,180.805900676082,750.551051970931,0,141
8,532.561684941558,497.587645091814,0,142
8,577.342855321319,537.439380029468,0,143
8,239.088875028135,197.290557393059,0,144
8,204.795209954466,472.210580681508,0,145
8,672.47063214114,52.5236417052256,0,146
8,142.205906889529,483.009514994767,0,147
8,557.951743362832,21.9222507374631,0,148
8,178.251405527432,584.433242855289,0,149
8,800.163173466108,405.322606091617,0,150
8,37.2858710613816,644.578270992433,0,151
8,305.730605285593,224.249431656721,0,152
8,158.881356859129,246.175477763886,0,153
8,753.792290249433,351.751213151927,0,154
8,271.768756286766,203.00258404737,0,155
8,338.710508445803,727.525108225108,0,156
8,699.94319097298,11.9128374294764,0,157
8,633.422451209992,116.764245706479,0,158
8,54.9990736714976,61.3737493961353,0,159
8,189.286354975014,517.327000176258,0,160
8,117.154304557682,682.181989464033,0,161
8,166.084709960763,84.0139111824505,0,162
8,478.629175293063,222.653151476497,0,163
8,636.024896585659,551.355497917813,0,164
8,174.824051522179,309.934678118653,0,165
8,787.222481266104,766.347806302153,0,166
8,424.291885885807,270.669854142289,0,167
8,148.20516394924,703.097118845096,0,168
8,652.13582335108,636.044430888297,0,169
8,287.172626041903,112.369207546824,0,170
8,198.53936717221,81.7683907688265,0,171
8,644.295709082631,294.522685712118,0,172
8,217.768538806616,52.9735132631942,0,173
8,751.001231977555,218.905651889635,0,174
8,50.0005927711111,625.327279840779,0,175
8,786.193311149691,270.84849537037,0,176
8,288.581536525093,786.359559343172,0,177
8,453.93614799634,263.314373204776,0,178
8,150.5224744284,327.561446801043,0,179
8,304.430733176808,630.061559153889,0,180
8,105.170112109206,197.337091310528,0,181
8,669.622205714443,127.705486314592,0,182
8,390.421404997495,383.6578731953,0,183
8,525.521542593839,275.422348067286,0,184
8,264.682408465134,750.128217942964,0,185
8,507.290645203853,237.90056882321,0,186
8,386.920225193388,407.508693754512,0,187
8,788.540098199673,332.867703218767,0,188
8,770.284125591214,478.051152403239,0,189
8,718.33240795143,695.941942077947,0,190
8,272.011550914774,13.4788886772653,0,191
8,651.820260243717,470.641116144901,0,192
8,421.389057166372,698.17900020688,0,193
8,509.811766267969,778.147201642874,0,194
8,82.1429821083199,293.249321348715,0,195
8,400.702140544124,515.446635906993,0,196
8,284.069084052467,79.3227381083542,0,197
8,370.392481155324,54.7844481590201,0,198
8,325.832662805288,363.804523277929,0,199
8,137.953459837611,255.990776182881,0,200
8,500.262449168343,309.840540295863,0,201
8,179.139756171941,232.280619204059,0,202
8,420.878918599652,16.633722236356,0,203
8,630.111902403055,729.515183079094,0,204
8,174.012634136749,649.494603629417,0,205
8,697.019479973763,715.080289085667,0,206
8,305.61117611009,59.8074792158028,0,207
8,493.916418529973,98.0424683215195,0,208
8,554.703384839541,168.203156755211,0,209
8,382.624759094194,691.879988757729,0,210
8,774.566953425581,383.908064413311,0,211
8,494.944192571116,22.4045140192373,0,212
8,685.233622350674,120.28884266023,0,213
8,308.570037745817,384.843937463896,0,214
8,40.4633513342852,506.283428992842,0,215
8,344.701538836045,551.927817199139,0,216
8,593.217366246194,94.4760892416993,0,217
8,668.452452744815,151.498631440159,0,218
8,34.2612656416278,117.131059410664,0,219
8,320.8613008932,550.364898350595,1,220
8,301.036593094962,89.5279776031137,0,221
8,441.36980064446,192.083099425421,0,222
8,48.3086766321059,214.186027263493,0,223
8,709.490624852406,54.9364300445536,0,224
8,401.36481682265,31.0540543357036,0,225
8,316.108230858537,769.314361181205,0,226
8,350.046100211936,135.882241491634,0,227
8,72.3085314739157,243.315237696516,0,228
8,654.788886794823,602.488916664889,0,229
8,211.219077463042,613.071866974719,0,230
8,163.74021462743,466.538417103861,0,231
8,15.9840649238281,670.329877784988,0,232
8,188.821054352594,42.1132579654664,0,233
8,274.207608183124,242.975497503848,0,234
8,337.447128749941,472.457682992465,0,235
8,274.292645953804,148.984248096965,0,236
8,110.184231864692,476.485908527239,0,237
8,803.802216153148,432.884193827842,0,238
8,546.850498095951,235.04695500019,0,239
8,108.125996168582,440.491546250684,0,240
8,705.160057784782,247.290052329575,0,241
8,165.386961016846,496.417057079926,0,242
8,169.890580664034,134.789299034664,0,243
8,248.24447695159,671.263724418214,0,244
8,700.969613207189,262.248050837798,0,245
8,628.185065839201,264.310488522895,0,246
8,85.1427038354077,451.093239353145,0,247
8,711.284959526116,128.160937463623,0,248
8,792.290279298223,100.125842266324,0,249
8,618.266278384377,532.83362265709,0,250
8,529.623899492321,353.084843519054,0,251
8,605.104770282405,478.83298376308,0,252
8,732.987049985739,62.2502814303243,0,253
8,171.346686554586,109.568564339163,0,254
8,200.483062264729,638.651226112642,0,255
8,621.339860722338,12.6846276651837,0,256
8,628.835456724643,615.039287976131,0,257
8,630.768039121372,486.877893217893,0,258
8,676.058427458191,167.872477599743,0,259
8,150.08581300901,202.553793032141,0,260
8,335.349567115113,393.320188782052,0,261
8,210.583601343224,679.017035903987,0,262
8,477.001424590781,474.178158035484,0,263
8,444.719774026583,776.455817057116,0,264
8,82.7084399900159,722.669416892268,0,265
8,774.927192861096,230.405902969932,0,266
8,326.367289383125,687.702731896475,0,267
8,458.64347918647,112.129957075808,0,268
8,603.404907172712,233.948716942195,0,269
8,537.24615007215,147.182966810967,0,270
8,282.9774557742,725.754661101173,0,271
8,572.466179716352,349.68092007022,0,272
8,592.557418269525,626.586230733666,0,273
8,268.70551679281,687.598703090508,0,274
8,470.660170793378,16.7652201707934,0,275
8,83.1934586488626,9.01646913414288,0,276
8,366.567816335167,102.201237833263,0,277
8,542.68537325078,372.824480267794,0,278
8,300.194577134004,193.156368976262,0,279
8,133.922237770039,456.156748702173,0,280
8,410.012504867601,118.849807121301,0,281
8,473.820145512569,199.58480393908,0,282
8,326.96412577635,228.436085134263,0,283
8,381.794779381774,557.512036482605,0,284
8,394.241424872492,281.742307886882,0,285
8,329.746917683245,123.188788099955,0,286
8,431.429601037071,744.902584939246,0,287
8,470.193644339603,504.37446717156,0,288
8,216.162392018277,11.9541675590776,0,289
8,34.2314622274143,46.8263551401869,0,290
8,522.261605607753,306.289693149439,0,291
8,553.155773713466,335.970391787699,0,292
8,734.83930369792,117.886159956548,0,293
8,295.814923351775,14.4016232518826,0,294
8,661.913206641198,232.592332649476,0,295
8,631.251725922631,760.308986489184,0,296
8,55.504604068512,20.981772805191,0,297
8,416.472957898291,296.511526024622,0,298
8,686.595097632386,335.558295582913,0,299
8,21.3675853192485,768.085541515502,0,300
8,43.8604947017798,141.042825208449,0,301
8,650.57023135033,165.18549732452,0,302
8,669.167231148918,211.676919239656,0,303
8,426.404685182344,420.786558577912,0,304
8,679.540422322775,692.345695072901,0,305
8,20.5201175558154,190.023906821466,0,306
8,267.573856817128,573.612722215958,0,307
8,240.770465591088,397.504037855923,0,308
8,253.217789345926,175.431771633385,0,309
8,627.25680822293,582.834261921879,0,310
8,126.042653556944,122.153015745675,0,311
8,404.857397323319,151.485589366912,0,312
8,28.274645158165,439.667017057022,0,313
8,792.46071685413,246.253015567694,0,314
8,19.9542788665228,596.104137723784,0,315
8,29.529133679608,745.367203658165,0,316
8,484.187504943347,574.621949445314,0,317
8,202.158679708075,758.175905335286,0,318
8,679.472570145904,657.626992143659,0,319
8,334.563496960556,419.731946158417,0,320
8,363.457279596862,453.903694895887,0,321
8,800.192098630747,485.187417442346,0,322
8,523.253423354581,524.651149393786,0,323
8,598.313857322122,523.289394739003,0,324
8,507.483209729467,58.8720080619772,0,325
8,562.797871211498,706.958505548389,0,326
8,765.338813228668,166.299255152525,0,327
8,71.5354767697833,697.176261441316,0,328
8,285.881517212946,565.2832570604,0,329
8,184.39388754743,154.659696447051,0,330
8,637.954606879607,56.5514332514333,0,331
8,448.663254602874,18.8406336821859,0,332
8,725.619645892419,753.464440035905,0,333
8,721.522989063089,379.338160659447,0,334
8,249.4741423832,326.973046206991,0,335
8,527.979994640054,665.172386069245,0,336
8,717.552352135461,544.674230013734,0,337
8,50.4691384503927,277.876854076108,0,338
8,304.384551321388,414.205750854738,0,339
8,269.828917781546,327.755059355568,0,340
8,87.8665276579427,390.495470232959,0,341
8,613.46435922568,308.273862615372,0,342
8,559.518909940212,730.822616060632,0,343
8,758.147687529043,674.87455262879,0,344
8,240.623457359844,367.576939727159,0,345
8,11.5516164089928,141.098301706307,0,346
8,419.27299192813,628.115498986985,0,347
8,606.586156304013,734.507391814535,0,348
8,11.0682075094723,569.445271073751,0,349
8,342.372264747908,106.105938967136,0,350
8,488.849640481975,132.242485500667,0,351
8,600.437212680716,254.821521019957,0,352
8,117.054453749278,527.12205841569,0,353
8,737.43046200208,283.202738694001,0,354
8,504.15324538052,483.612395604969,0,355
8,365.555448426242,713.678905953735,0,356
8,320.404541816727,69.8316826730692,0,357
8,608.079829916833,40.9832906316963,0,358
8,151.411083445134,145.670027135397,1,359
8,104.05356606244,409.99227411271,0,360
8,387.16894549763,135.467910742496,0,361
8,746.110673530673,422.798558558559,0,362
8,35.3753007314525,289.134359456635,0,363
8,608.297878042024,120.038238929378,0,364
8,692.416256734268,542.402955086076,0,365
8,429.02138559903,598.263086709854,0,366
8,393.894848288522,485.054414210128,0,367
8,89.4966216216216,316.704564694004,0,368
8,567.018223711772,791.922327732005,1,369
8,755.672579806085,41.441025749181,0,370
8,68.1498273697426,268.483593399695,0,371
8,698.63847871181,576.436494108325,0,372
8,449.02260261337,54.6163486347232,0,373
8,635.076317799847,136.936373185638,0,374
8,322.322892617414,145.559973492379,0,375
8,24.4972651527319,502.373166213988,0,376
8,461.771649104603,369.694844040148,0,377
8,237.067218716002,698.716758578697,0,378
8,392.503645111494,462.361341160652,0,379
8,727.46585825905,160.530568489291,0,380
8,324.193547382194,580.160427613134,0,381
8,689.358413681774,222.030737842582,0,382
8,17.943045528588,19.1854143421597,0,383
8,359.65576822332,673.839225352991,0,384
8,512.903269951023,456.517244927357,0,385
8,345.150901328141,607.582770545329,0,386
8,204.908367354974,732.386381869234,0,387
8,54.0257146091583,670.284889907738,0,388
8,765.978298301781,60.9926621267346,0,389
8,478.926241572437,260.473539443648,1,390
8,573.766068246219,266.08502988099,0,391
8,609.557468678941,605.706652484505,0,392
8,588.62878033098,592.842503324157,0,393
8,526.700090778597,642.717461263071,0,394
8,214.963508393052,449.455339286706,0,395
8,699.886776342439,161.220305971267,0,396
8,350.658647534294,211.642067268456,0,397
8,250.732447749474,50.4646597630954,0,398
8,531.142086947927,207.36098400276,0,399
8,393.240010336938,176.913794073056,1,400
8,524.716383491884,473.262039127163,0,401
8,110.240674276181,300.058524079839,0,402
8,717.774847200948,206.852246974624,0,403
8,705.216910537211,298.135885835754,0,404
8,93.938835312013,269.861576929403,0,405
8,622.294575725027,346.660052910053,0,406
8,90.814869574478,779.236903573641,0,407
8,332.795222546363,26.4180568101606,0,408
8,62.4684461831765,302.023959564416,0,409
8,318.499873419752,664.17291721079,0,410
8,351.096371226066,575.311164009348,0,411
8,249.766350458127,623.271853534918,0,412
8,261.73452573068,372.341350785966,0,413
8,654.459029482042,20.2626996011443,0,414
8,453.026805083374,328.69187105391,0,415
8,355.456901789842,11.5187702265372,0,416
8,744.089480105105,248.199052177177,0,417
8,129.144590874,790.734058193793,0,418
8,290.161828431991,531.744607471917,1,419
8,370.984272888449,593.549009679015,0,420
8,588.434926315341,497.336775125583,0,421
8,29.6308447875479,260.087015418733,0,422
8,433.206039250394,137.70764202619,0,423
8,292.084634594624,285.312376501455,0,424
8,415.232814978385,720.758468364797,0,425
8,183.866470521437,64.4973190044081,0,426
8,585.08613622988,64.0176849888367,0,427
8,606.476918921839,69.1964659968671,0,428
8,556.208279267393,40.7474648071618,0,429
8,703.225045465339,744.084215853214,0,430
8,616.560591569138,674.111077542474,0,431
8,370.791408427611,793.569019511395,1,432
8,130.548191971824,346.109651662083,0,433
8,636.384514198498,683.434175469601,0,434
8,509.99820892654,132.375785387016,0,435
8,323.462451988567,201.474629307072,0,436
8,173.263449842271,182.485862881178,0,437
8,223.540886465146,638.136768705309,0,438
8,189.157628572883,129.725256127799,0,439
8,147.711423169994,228.060263157895,0,440
8,475.036466419952,121.370155912333,0,441
8,666.707875553392,531.636934632115,0,442
8,404.154531888695,545.249245867721,0,443
8,803.18743585752,55.3915747050887,0,444
8,534.973722573922,120.524556306867,0,445
8,233.024083514726,130.223896120539,0,446
8,689.389466508808,181.460060990923,0,447
8,655.405405405405,135.25317545268,0,448
8,706.931114016926,191.34481357379,0,449
8,611.392149377419,649.867484856133,0,450
8,747.566503891268,269.788683859493,0,451
8,458.31196245668,234.581778670355,0,452
8,519.693332672451,37.754489413026,0,453
8,623.699496078541,643.358332528888,0,454
8,438.334928530589,122.471132075472,0,455
8,743.558528627883,737.970567962504,0,456
8,532.963225138122,441.32699454091,0,457
8,712.263910333922,458.392105922168,0,458
8,33.922664658037,535.626052729776,0,459
8,732.367414977871,214.769122699744,0,460
8,430.965526340894,156.124019467551,0,461
8,550.360103524577,311.675379326695,0,462
8,722.524983935563,304.36069891509,0,463
8,663.386898588303,181.67745366369,0,464
8,377.837576475232,523.159576974662,0,465
8,402.84132996633,97.4202816859067,0,466
8,9.37818691844554,245.657100437876,0,467
8,744.115578717856,710.860640989318,0,468
8,423.407902496929,60.4060799803662,0,469
8,407.770668549906,574.322558066541,0,470
8,660.32726221968,197.110709944949,0,471
8,483.314625866811,454.182437951162,0,472
8,156.800347458897,726.364666905655,0,473
8,766.256856353244,260.156310533258,0,474
8,421.756100456559,480.027534121325,0,475
8,423.396291042243,184.089108346671,0,476
8,789.069867236323,701.399794342787,0,477
8,803.563388653975,578.348649869964,0,478
8,629.963973416245,367.461187363062,0,479
8,669.794842739565,303.187683715462,0,480
8,535.035295227316,29.4824750047161,0,481
8,736.302459106529,364.985176632302,0,482
8,398.831620329785,799.163466126338,0,483
8,180.134061678196,207.521219670795,0,484
8,15.5717381285461,212.297195958144,0,485
8,145.959807630492,366.095995736111,0,486
8,9.19735571907963,700.96428323061,0,487
8,266.742156718251,546.66081798084,0,488
8,366.678423706726,77.8720117069174,0,489
8,457.006743211227,176.146703897524,0,490
8,307.626232130214,257.947392891154,0,491
8,723.533674805379,721.26521054494,0,492
8,209.772134663612,787.498870014062,0,493
8,242.769483746503,6.55149070323839,0,494
8,722.944692776018,260.973181176796,0,495
8,393.320567889547,735.092582711523,1,496
8,441.050873887907,505.679294364458,0,497
8,488.417606748725,249.249291517673,1,498
8,276.095095476395,177.314028037541,0,499
8,405.885150365157,71.4844701669852,0,500
8,565.135468148861,482.785488803393,0,501
8,149.192971873063,120.469736687402,0,502
8,366.269715914222,538.765310627879,0,503
8,411.048843275548,219.971690729328,0,504
8,579.226796426728,40.6233533968376,0,505
8,766.069907341957,699.051190181664,0,506
8,7.53336851239051,472.016279817721,0,507
8,382.135938059566,117.067388307553,0,508
8,212.575868771259,109.730531738692,0,509
8,390.120302287582,717.504729135244,0,510
8,14.4102529792539,342.867705974519,0,511
8,190.788143841516,5.80326184323859,0,512
8,801.582341897044,522.627281021898,0,513
8,314.772163704191,8.10244404213298,0,514
8,460.657052050585,136.946548462727,0,515
8,521.856727909125,593.555700008979,0,516
8,350.65569571663,506.752327438626,0,517
8,159.299764852673,61.3747651954534,0,518
8,101.512019289016,368.039818428184,0,519
8,482.825733952794,153.554542886143,0,520
8,7.69475849136497,175.534301182591,0,521
8,802.821360925523,667.483031596249,0,522
8,330.869972083462,521.285952947487,0,523
8,172.273474356345,17.1122134726917,0,524
8,550.745902193686,799.416701123595,0,525
8,6.53652050400916,42.8197374570447,0,526
8,695.008224887957,318.838120862629,0,527
8,801.456692601815,739.099406333112,0,528
8,701.489726653091,779.012568796818,0,529
8,760.542148423573,319.384495421541,0,530
8,605.561787624141,378.786403531109,0,531
8,639.157414512698,176.814408036936,0,532
8,441.440794040794,367.588076713077,1,533
8,728.211774927884,10.1177788204219,0,534
8,223.774046852183,713.875433133367,0,535
8,783.066000751548,6.49948331057009,0,536
8,200.194306224311,659.793294823225,0,537
8,432.373255237929,175.29822178288,0,538
8,41.9629283685264,564.770241243721,0,539
8,589.492287703917,451.089843610298,0,540
8,11.3542074363992,280.017640045861,0,541
8,443.581971557643,803.08727060807,0,542
8,335.303234141869,3.89141868800534,0,543
8,447.65296803653,139.706116597643,0,544
8,415.486167821496,375.168510122435,1,545
8,101.915652699733,89.7119246198546,0,546
8,118.356994759626,97.8778252449305,0,547
8,309.974710077164,803.563123457711,0,548
8,565.960676375842,5.27700097871806,0,549
8,694.220016909744,282.101205337345,0,550
8,631.887626778134,449.767520900165,0,551
8,780.906154348181,792.756211453745,0,552
8,246.052427942139,434.095203708904,0,553
8,585.427798732254,160.012748298639,0,554
8,344.832279815583,704.318292365841,0,555
8,679.570669743611,455.635691871853,0,556
8,663.12852638502,496.641924584752,0,557
8,229.514376055867,76.8610067665845,0,558
8,516.353820598007,616.76413565089,0,559
8,379.95074390405,339.347178792525,0,560
8,540.124236917197,744.660580768988,0,561
8,144.019088943937,588.50335075071,0,562
8,43.5373848880669,409.556074442261,0,563
8,753.359266423577,607.251559356493,0,564
8,265.741301861287,710.361262174621,0,565
8,733.66681718999,329.231899287448,0,566
8,656.584289105318,716.49202547922,0,567
8,198.355872074621,343.947778552926,0,568
8,556.044909080302,207.353071778347,0,569
8,491.347126811339,438.696685866272,0,570
8,369.47874634598,369.087748846145,0,571
8,580.370546275733,114.641995939518,0,572
8,650.265290024264,662.659482442888,0,573
8,75.6915554048082,415.000552590196,0,574
8,371.764937620805,653.528203596322,0,575
8,56.4725391224718,444.463985437152,0,576
8,557.644538724186,659.654558018764,0,577
8,399.33060824068,357.104319752754,0,578
8,241.408463866432,461.861209914046,1,579
8,341.766199702679,632.096344664234,0,580
8,501.735592765208,513.30466427058,0,581
8,718.850167238383,627.465584681594,0,582
8,777.399779295193,417.715128696193,0,583
8,164.890943633428,617.892605224044,0,584
8,111.512344556653,594.500797388771,0,585
8,255.719434556054,786.840654181499,0,586
8,189.118853950577,396.182801979838,0,587
8,658.105620062815,104.488605810412,0,588
8,635.641337979395,706.607931658946,0,589
8,243.115864249168,261.568411816943,0,590
8,695.327515589569,143.231129535147,0,591
8,638.01445630393,424.810706252812,0,592
8,607.619043717924,424.785345669732,0,593
8,432.838645894964,321.892205826054,0,594
8,48.5530854534932,480.924616411701,0,595
8,366.4521237176,310.043959477343,0,596
8,399.360852956405,606.563224333861,0,597
8,150.300416604301,100.921902285087,0,598
8,495.372207799019,637.047390228384,0,599
8,108.301816239316,705.761779139664,0,600
8,80.209486143024,615.666634684557,0,601
8,655.896154087458,374.871998452433,0,602
8,575.421464082903,210.583064574545,0,603
8,700.251403170391,435.288642776119,0,604
8,180.220296268978,775.666832792593,0,605
8,43.2923385594313,322.440419298028,0,606
8,732.909498395019,665.358386993851,0,607
8,427.334289158701,550.750526708574,0,608
8,457.822392963281,533.950357746467,0,609
8,560.867187810797,130.452868281816,0,610
8,559.46974466902,765.542492661416,0,611
8,460.042359471439,597.053670933267,0,612
8,216.072388935364,414.694014340183,0,613
8,663.436057667172,404.62628701138,0,614
8,347.030411529386,782.936657785487,0,615
8,453.130516459193,653.704143858809,0,616
8,135.334448322668,9.48988025984099,0,617
8,786.546474307625,460.080097087379,0,618
8,235.245055286684,158.988505747126,0,619
8,253.35591437049,529.887914408956,0,620
8,592.869475193793,403.304072720633,0,621
8,737.937272408445,477.70568176205,0,622
8,767.751166980184,87.0418578457231,0,623
8,599.155397016408,556.091871158658,0,624
8,598.190587759619,179.663625723527,0,625
8,443.828885910402,211.562002964949,0,626
8,524.674516377749,90.2014061791604,0,627
8,594.669587099534,354.833055245024,0,628
8,238.755311077937,503.285139510901,0,629
8,739.068567336005,544.007221812333,0,630
8,431.402907818714,237.627118267908,0,631
8,295.950280421151,341.786287059516,0,632
8,311.341591591592,486.831895998563,1,633
8,152.111851236373,792.434526559249,0,634
8,506.980830838745,208.154879957038,0,635
8,189.803925773055,268.138700564972,0,636
8,213.004177161498,378.122298674153,0,637
8,292.029724616406,42.4720360976665,0,638
8,494.799386741639,682.941671215583,0,639
8,592.814088898112,675.607863483289,0,640
8,554.490425429751,457.372171004193,0,641
8,407.863482749209,250.476784436917,0,642
8,617.667519504722,509.513438341212,0,643
8,268.164350111872,31.582486054516,0,644
8,394.614831738779,670.703785679153,0,645
8,753.387889405508,398.29793252571,0,646
8,706.355024211332,410.562022946547,0,647
8,776.715972280886,551.612939904374,0,648
8,568.25427069005,609.947881132508,0,649
8,63.6888922521553,644.833221224453,0,650
8,781.435772640918,127.957012333668,0,651
8,188.309624100854,719.119069092417,0,652
8,669.3569114816,262.842878018686,1,653
8,679.288487813228,759.242887956824,0,654
8,484.449879319106,531.544734502032,0,655
8,144.567446886784,519.795185704651,0,656
8,295.408105223015,437.38300401758,0,657
8,270.595086398579,454.823479079976,0,658
8,694.255176262402,481.127200416796,0,659
8,82.8334786821706,199.542770241171,0,660
8,124.617457696709,502.244701168855,0,661
8,760.647889810715,108.147504543562,0,662
8,739.933351349722,88.3381116718228,0,663
8,35.6943005078951,363.8261687022,0,664
8,296.823951048951,154.776581175916,0,665
8,398.009103406159,431.763456916655,0,666
8,644.969251175801,80.4530434202955,0,667
8,77.0210745143709,342.223608933115,0,668
8,185.204180560459,441.964098439972,0,669
8,56.9357082500327,88.1950902623785,0,670
8,160.092225413307,279.487786686222,0,671
8,54.5325305376501,757.398296347978,0,672
8,542.82743902439,623.961951219512,0,673
8,84.7503677186162,41.5148351275128,0,674
8,468.560478443709,785.273931547678,0,675
8,321.562638648633,447.749079819584,1,676
8,110.383230555903,557.419401364752,0,677
8,296.167654206264,748.376370740088,0,678
8,502.579734141122,275.920552715673,0,679
8,779.992900962457,501.697817941371,0,680
8,365.466260911075,429.978479041644,0,681
8,530.479767628205,576.731971153846,0,682
8,757.88234365716,186.146483214498,0,683
8,464.130869885878,624.627718013275,0,684
8,337.046803385174,261.78238334142,0,685
8,610.227095930965,784.852395124717,0,686
8,653.170249207467,741.623202125161,0,687
8,380.885755819569,769.725083228694,0,688
8,722.060437819758,599.246078306973,0,689
8,794.123798258557,310.257914870408,0,690
8,341.026737250661,185.794822303536,1,691
8,311.798686003155,605.986053946173,0,692
8,670.942682490904,432.510174914903,0,693
8,671.64607264199,23.0827092719795,0,694
8,190.644811180494,550.562444246209,0,695
8,686.591528181611,612.293209110465,0,696
8,212.307507047421,312.101474489922,0,697
8,134.151335329047,305.755197199457,0,698
8,392.983596491228,313.156617490696,0,699
8,484.677646396396,756.075618381539,0,700
8,96.3781510285845,230.819397981903,0,701
8,314.75055009853,300.857023547045,0,702
8,372.623170371407,250.471277960488,0,703
8,44.3553792800969,606.217043345549,0,704
8,353.541609713709,754.553508478358,0,705
8,226.083155080214,347.563211298505,0,706
8,793.459634284634,606.524228249228,0,707
8,104.631756772885,63.4335777936906,0,708
8,123.668522635555,658.835613995459,0,709
8,505.368216749492,166.083911709407,0,710
8,481.258246048372,717.534053831016,0,711
8,530.465264450068,249.437707935861,0,712
8,225.4386303044,545.968296020994,0,713
8,770.417929412061,440.359343582066,0,714
8,35.9434020734731,696.619590939824,0,715
8,470.641371331072,80.3557248580181,0,716
8,724.944831336136,435.118026364403,0,717
8,449.165269325414,566.825260890478,0,718
8,568.990550265477,638.146701346674,0,719
8,239.633558564712,98.072644708125,0,720
8,218.840034421111,226.481433404582,0,721
8,595.268905343437,138.741281679074,0,722
8,72.1481600174406,221.546723348594,0,723
8,353.098831074761,346.792173704743,0,724
8,657.330264571227,570.223081528438,0,725
8,779.569062418921,203.314979207092,0,726
8,784.757178728184,33.0250134116416,0,727
8,80.9894160237637,588.681831778948,0,728
8,47.7913667188315,192.660178579897,0,729
8,286.358292230214,365.710120060763,0,730
8,513.901224152805,731.382216000607,0,731
8,450.238620234444,469.729901096344,0,732
8,368.833698316467,488.2691659367,0,733
8,626.114992861714,190.473540343622,0,734
8,441.412720010445,95.261116460358,0,735
8,483.451033784955,286.889554586291,0,736
8,465.905672609061,347.377190869478,0,737
8,771.584537604581,580.345845823453,0,738
8,302.47359264332,580.31307266006,0,739
8,250.11401360507,224.619454356067,0,740
8,421.461358042643,766.197621163406,0,741
8,210.777549396972,579.290816245597,0,742
8,109.166687230033,333.760978412733,0,743
8,12.2001302433976,83.1774479068751,0,744
8,645.57531885734,519.096023834903,0,745
8,115.489945436448,155.846980266048,0,746
8,546.674250649287,547.423972190351,0,747
8,446.077771362587,437.939074637833,0,748
8,568.712733555315,290.694005923262,0,749
8,63.1086333698019,384.097533493942,0,750
8,127.029873066838,733.994594506667,0,751
8,248.057284314648,300.709471953645,0,752
8,679.192831406067,359.549344310374,0,753
8,208.024209157087,180.119031344389,0,754
8,746.697042851329,451.264830513402,0,755
8,747.005271560591,764.296352583587,0,756
8,529.219526963662,178.722475748827,0,757
8,669.477576364602,552.229188217329,0,758
8,529.459844636144,404.006712047509,0,759
8,87.4147600658505,545.476044035992,0,760
8,277.139643776699,390.317272088216,0,761
8,57.0910014312757,582.749360671212,0,762
8,428.21305189128,44.4938342140451,0,763
8,396.959743820376,202.795411323728,0,764
8,65.5085900771373,527.688642414837,0,765
8,440.813386545326,287.941792999376,0,766
8,704.851460397924,37.1530497024813,0,767
8,426.703020442305,349.596013999964,0,768
8,598.981300562183,14.746132135838,0,769
8,224.849475276222,666.700366674448,0,770
8,580.169056447838,320.980499605055,1,771
8,534.234346354534,702.493036699963,0,772
8,170.066847668415,352.928307733361,0,773
8,263.300930987245,124.328107834923,0,774
8,746.414820258879,302.651597542675,0,775
8,132.431552022197,80.3767605824622,0,776
8,7.12736831671858,413.826018808777,0,777
8,6.3451228456179,442.59740251803,0,778
8,4.43120129585851,122.055232685404,0,779
8,6.01313603322949,368.344413902633,0,780
8,560.218799796889,93.7954081459939,0,781
9,534.489417398244,777.551370045225,0,1
9,565.527301038607,387.041011157443,0,2
9,702.297751878038,112.536312826304,0,3
9,751.385825420625,642.822121856338,0,4
9,293.001207729469,464.032313594334,0,5
9,297.25394472142,684.664554360185,0,6
9,710.083501999197,350.619038747883,0,7
9,314.812350823388,175.126090628264,0,8
9,111.816985309697,242.399229027752,0,9
9,176.596903570812,801.571028117992,0,10
9,691.674359595033,638.881668620157,0,11
9,254.738347398953,596.427704655988,0,12
9,754.99492324611,521.961563912476,0,13
9,263.513864964545,649.941509235677,0,14
9,573.335877028714,237.66330758427,0,15
9,692.322802290719,384.779697290412,0,16
9,605.228968414757,704.409003820329,0,17
9,763.548186165176,769.507906698239,0,18
9,674.233080108297,732.038166109253,0,19
9,20.9316475963043,722.305008470987,0,20
9,142.283127619867,550.079107158677,0,21
9,465.167301833172,162.982336224365,0,22
9,690.798557286138,516.008308241088,0,23
9,702.546590314517,668.309734172432,0,24
9,488.164779557483,378.144612389546,0,25
9,14.124522544438,309.306307748117,0,26
9,80.9996649147782,661.162687810769,0,27
9,559.772467099205,431.542619845099,0,28
9,371.11046441671,218.726631868953,0,29
9,77.2620646766169,147.069906875877,0,30
9,122.310986851569,388.155546453483,0,31
9,794.967255119825,378.544851009635,0,32
9,213.783639246929,498.732761426646,0,33
9,506.498053453591,413.577798160463,0,34
9,189.318751019099,106.832157753828,0,35
9,589.779193105671,768.367079642985,0,36
9,306.994556117043,122.272317858285,0,37
9,449.232217331617,692.089797189504,0,38
9,341.410190317262,649.532251996543,0,39
9,258.796289872507,81.5908310820009,0,40
9,515.211093509985,15.0350966461854,0,41
9,85.313293291866,173.054989997059,0,42
9,416.840700808625,457.436582809224,0,43
9,390.892580223825,636.520962092202,0,44
9,582.516590383051,713.367519340242,0,45
9,736.455905388471,31.7625988175225,0,46
9,11.506036356947,787.561535052512,0,47
9,631.924516200448,325.217846538522,1,48
9,409.80023137475,334.050596844392,0,49
9,607.396562522526,214.878915252849,0,50
9,234.726233354634,652.225758925402,0,51
9,122.092197859825,212.838963394062,0,52
9,641.006972518367,788.22269279464,0,53
9,268.81935749413,416.75227285844,0,54
9,705.585012831812,82.9840057332055,0,55
9,146.657022300388,774.142723945403,1,56
9,732.844262946583,178.05966875225,0,57
9,758.658279637671,9.85944771287606,0,58
9,766.777767324852,727.020107072798,0,59
9,721.903038288945,501.84125673958,0,60
9,138.750647623949,35.5257991650941,0,61
9,787.661193212917,354.539135194308,0,62
9,109.16244129475,27.1768579157175,0,63
9,43.6937882408433,240.969231556511,0,64
9,153.419737883557,668.355751451229,0,65
9,560.37315527978,520.240063593005,0,66
9,98.3447278491436,123.626142539526,0,67
9,229.647862246594,34.1473795280824,0,68
9,730.331722582903,782.389943716605,0,69
9,292.341522239049,661.567390908071,0,70
9,279.464997932603,623.980388326097,0,71
9,357.532642571236,407.502491578489,0,72
9,373.695738999341,29.2894642357504,0,73
9,427.271355105105,530.248475975976,0,74
9,440.111835326387,397.452384407744,0,75
9,473.094261549737,54.834641391188,0,76
9,577.272800809367,746.150051126226,0,77
9,309.277902107256,714.353088858707,0,78
9,657.607888934822,694.658610405717,0,79
9,475.066646393839,404.674004342875,0,80
9,463.035201556853,300.448042813456,0,81
9,176.980607082631,699.064643057898,0,82
9,243.56999513562,575.15643288929,0,83
9,786.427635082919,74.7793663060278,0,84
9,24.0744057157101,157.974515594081,0,85
9,369.869473792312,627.723708401589,0,86
9,492.706652595372,340.803663422452,0,87
9,366.685038258398,155.41127623659,0,88
9,100.962261676065,631.600537068022,0,89
9,548.498260707123,274.845129254755,0,90
9,733.415669780658,579.73760706474,0,91
9,88.7147883774722,510.033875387276,0,92
9,622.403675895931,395.733823992208,0,93
9,570.592521328761,575.845261387097,0,94
9,46.371249215317,166.698468644356,0,95
9,767.941526505636,292.904318372123,0,96
9,618.368437607568,83.8222728657511,0,97
9,226.675312573809,737.377824765043,0,98
9,483.050746344214,180.768024941565,0,99
9,130.76200618431,623.830760749724,0,100
9,344.980790436058,237.750840619528,0,101
9,777.33945694828,638.227505174564,0,102
9,337.829606588649,46.6992267875514,0,103
9,626.083413079422,158.620568111134,0,104
9,224.896716759599,768.064993880049,0,105
9,483.857187206352,608.416782967503,0,106
9,579.344289508632,26.2652722443559,0,107
9,53.4642948752231,721.165929335005,0,108
9,544.626224996644,63.7207298518817,0,109
9,738.674205588455,143.544799902424,0,110
9,367.10489447073,186.367532549974,0,111
9,476.335913557342,323.271225864083,0,112
9,518.451617568674,550.400257786127,0,113
9,309.63783575219,531.837512301858,0,114
9,660.849079729425,329.234227851239,0,115
9,19.581427130153,394.394262386543,0,116
9,125.782349839779,182.256823659196,0,117
9,119.540501399024,273.177809648346,0,118
9,155.797519290028,425.507165330587,0,119
9,679.38744027402,94.5776413754725,0,120
9,41.164502529511,784.11614577478,0,121
9,296.442533089241,512.991558473441,0,122
9,152.355504327397,752.621521028567,0,123
9,777.021821628555,664.416169974301,0,124
9,149.929134529009,400.191780503671,0,125
9,245.249335977422,728.785605412257,0,126
9,713.997738268021,231.151935171746,0,127
9,656.513759453136,771.133426411726,0,128
9,267.244425145489,283.459669606301,0,129
9,89.3604482068104,684.515160538642,0,130
9,337.694299018943,80.0524933315249,0,131
9,211.059702237296,151.73844861106,0,132
9,340.309698790968,162.839890656432,0,133
9,628.133401961895,37.4814614735623,0,134
9,125.803121540958,425.217072470953,0,135
9,61.5825029008259,361.725445362091,0,136
9,151.822859709318,171.016984858956,0,137
9,445.938166224161,724.511037736026,0,138
9,802.262118046756,176.656007362215,0,139
9,630.950697247806,241.700961606246,0,140
9,179.878836047963,750.683348073406,0,141
9,533.696035601078,497.147975123552,0,142
9,576.936219657835,538.462660389935,0,143
9,237.906789760739,197.819283441853,0,144
9,204.928013557324,472.911052575564,0,145
9,670.434056376783,53.3673074358928,0,146
9,141.415601306718,484.091650536054,0,147
9,554.404468319559,23.8867933884298,0,148
9,177.527755163812,584.46362891526,0,149
9,800.839156305595,406.35652931756,0,150
9,36.392939974403,644.837894119061,0,151
9,304.636103496814,225.102069648178,0,152
9,157.177214855592,247.647102718837,0,153
9,753.226222222222,352.649507936508,0,154
9,271.142496667939,204.398420703651,0,155
9,337.313282519328,728.7353936995,0,156
9,698.160488682014,13.0116207813139,0,157
9,631.217156154171,117.777537173784,0,158
9,52.0604619565217,63.5124547101449,0,159
9,189.148312553637,516.598490458696,0,160
9,116.673840815415,683.093113787175,0,161
9,164.6280350417,85.5991727199354,0,162
9,478.526393586321,223.671539029538,0,163
9,634.856284221909,551.860497520802,0,164
9,173.402945329435,312.037831871607,0,165
9,787.099534304854,767.089333207434,0,166
9,423.622299712379,271.610283851331,0,167
9,148.004184494062,703.901398027301,0,168
9,650.308491987399,638.861760185058,1,169
9,285.697974795537,112.371963272264,0,170
9,196.873240137532,82.8415843286283,0,171
9,643.550726815457,295.731604301665,0,172
9,217.244991243168,54.1027719902165,0,173
9,749.940728169369,219.208398051984,0,174
9,48.3747249515813,626.289453785347,0,175
9,784.595068837231,271.619938508566,0,176
9,288.058681734322,787.538200692842,0,177
9,452.85720417436,263.554640957458,0,178
9,148.803943602694,328.587481060606,0,179
9,303.974461173262,631.045485067271,0,180
9,103.774756027194,198.705080153534,0,181
9,668.833337671916,127.860440800035,0,182
9,388.865388861291,384.654146197862,0,183
9,525.273436197428,275.862681252866,0,184
9,264.329301929364,750.997109407377,0,185
9,506.353888746912,238.412482607831,0,186
9,386.10347121432,408.958217036954,0,187
9,787.374565129089,333.905180296163,0,188
9,768.305594060303,478.266910379068,0,189
9,717.943604695048,697.20069067029,0,190
9,271.001139298345,13.489406638929,0,191
9,650.621157130796,471.406213589791,0,192
9,420.35972549405,698.337997736229,0,193
9,509.169038569734,779.84376201636,0,194
9,80.7729010698566,294.248878415605,0,195
9,400.231564504908,516.119966574612,0,196
9,282.052665743037,79.1654120361286,0,197
9,369.122998051516,55.3343343075753,0,198
9,325.016751820995,365.692233700309,0,199
9,136.958114035088,257.218640350877,0,200
9,498.848142098142,311.05680955681,0,201
9,177.494655704008,234.169789311408,0,202
9,418.776333859947,16.9462248307816,0,203
9,628.524019011926,730.453067945472,0,204
9,173.99372259486,649.712122568811,0,205
9,695.250273949696,715.684487987855,0,206
9,304.392335021876,60.6613206619421,0,207
9,492.490246281704,99.4177941909274,0,208
9,554.282688852395,168.38367862914,0,209
9,381.126147446931,692.943201376936,0,210
9,773.810138513237,384.489273420211,0,211
9,493.962975890572,23.0016895822584,0,212
9,684.382745221592,120.706886423805,0,213
9,307.277997193083,386.067358799503,0,214
9,40.7644281854672,506.041776293262,0,215
9,344.411924909384,551.635234232981,0,216
9,591.814548335404,95.5118205225157,0,217
9,666.859975227833,152.479077561694,0,218
9,34.0105699991324,117.838052318202,0,219
9,319.220389213233,551.363438976925,0,220
9,299.884246712481,90.5115254306764,0,221
9,440.738688779989,192.766808967661,0,222
9,47.0508045600829,216.132995145366,0,223
9,707.847394720161,54.7955142121472,0,224
9,399.735621387283,31.631154898889,0,225
9,316.110977958047,770.315165987732,0,226
9,349.591373791805,136.946937655867,0,227
9,70.5125506317968,245.031445097521,0,228
9,654.552002522863,603.242324901971,1,229
9,212.526652919725,613.874246919084,0,230
9,163.862291791285,467.560425581681,0,231
9,14.8791378709565,670.488495428177,0,232
9,189.289561607613,43.568970547458,0,233
9,273.200589732889,244.065572586427,0,234
9,336.183012421009,473.710116251642,0,235
9,272.851719963332,149.415233535174,0,236
9,109.706846280859,476.792394721652,0,237
9,803.545879838922,434.349043070348,0,238
9,545.912524934383,235.544296062992,0,239
9,106.214102229188,441.447440460641,0,240
9,704.20217799749,248.342867125598,0,241
9,164.24981971901,496.20798750196,0,242
9,168.877745067428,135.245902842827,0,243
9,248.81310384162,671.998925110992,0,244
9,701.847042901151,262.849415602066,0,245
9,628.375262360547,265.039573459331,0,246
9,84.2331392033707,451.936156487902,0,247
9,710.203812248506,128.99137491727,0,248
9,791.085623625443,100.768228190658,0,249
9,617.370309222017,533.856116136335,0,250
9,528.612921619892,350.590012527745,0,251
9,604.412552105197,478.868323906527,0,252
9,732.221749192662,62.7663147809244,0,253
9,170.6009683818,110.381278853908,0,254
9,201.028754447963,639.806733073238,0,255
9,620.633024951592,13.1747908019633,0,256
9,628.029336795902,616.746080148873,0,257
9,630.112381579773,487.855815923207,0,258
9,674.8141216317,168.309980813159,0,259
9,149.311016785645,203.608028026097,0,260
9,332.56333899261,396.083816689651,0,261
9,210.793963127147,679.121947573673,0,262
9,474.988440279319,475.092621507183,0,263
9,443.967055470155,777.652474053749,0,264
9,81.6906074511089,722.882698568775,0,265
9,774.312087218337,231.071765734266,0,266
9,325.817113305125,688.541842971321,0,267
9,457.423848957989,113.549001870497,0,268
9,601.519426644573,234.574497773246,0,269
9,536.142527990907,147.664512077295,0,270
9,282.655995039802,726.66899875995,0,271
9,571.981790598722,349.006633457307,0,272
9,590.237789346945,626.605346877173,0,273
9,268.781887381498,688.775172885546,0,274
9,469.316109168728,16.9113706309775,0,275
9,83.245275854587,10.0732908258871,0,276
9,365.454914791571,102.915752504379,0,277
9,541.024452482952,374.622056594976,0,278
9,298.825577582635,194.057445692278,0,279
9,133.140351633792,457.206481679476,0,280
9,408.40926162964,120.500941008691,0,281
9,473.101464917961,200.551770116516,0,282
9,326.541656919318,229.423268870867,0,283
9,380.916698414531,558.805222042638,0,284
9,393.650391240698,282.7625765293,0,285
9,329.074811651522,123.965932481671,0,286
9,430.337864294904,746.096694076187,0,287
9,470.695386623773,504.895362729328,0,288
9,214.534176103468,13.2522648868129,0,289
9,33.5221737421384,48.1225,0,290
9,521.81155145263,307.143052477232,0,291
9,552.372406430099,336.441551758859,0,292
9,733.64997214545,118.598075575398,0,293
9,294.284628212886,14.5757841315122,0,294
9,660.809918389602,234.423202649433,0,295
9,629.977748932967,761.2578951401,0,296
9,53.7304121376812,21.6572285843685,0,297
9,415.452104045824,296.844978625422,0,298
9,686.134979553684,337.118773775818,0,299
9,20.6046864675066,768.727288923248,0,300
9,43.4531786255828,140.115106870332,0,301
9,649.553075396825,165.141666666667,0,302
9,667.459424934968,212.954547565961,0,303
9,425.547204675521,422.814909297052,0,304
9,678.039905859251,692.735036746657,0,305
9,19.4769764293311,190.944484576787,0,306
9,266.628732100575,573.453538542489,0,307
9,239.095057768637,399.201170969956,0,308
9,252.36412404468,175.844671201814,0,309
9,626.306057544606,582.552832919768,0,310
9,125.509497269399,123.282681584451,0,311
9,403.644645481379,151.870492066221,0,312
9,27.7218257708361,441.459627309415,0,313
9,791.405330132909,247.18265859426,0,314
9,19.3763915531134,597.156780270898,0,315
9,28.6486197295871,745.812856440959,0,316
9,487.354055294058,579.347492546838,0,317
9,201.099517468348,758.633788341942,0,318
9,678.598536551533,659.91771396865,0,319
9,334.415413284575,420.03674972395,0,320
9,362.187357691223,454.196083024368,0,321
9,799.506232321882,486.781485184753,0,322
9,523.619972443352,525.008586195667,0,323
9,597.141190615231,524.572496078229,0,324
9,505.880846101895,59.7294186083323,0,325
9,561.584348450927,707.075460061722,0,326
9,767.383562082472,164.804161229349,0,327
9,70.6016077389468,697.646761530077,0,328
9,285.098844613114,567.261545736574,0,329
9,183.35275367658,155.308481222238,0,330
9,636.89794428792,56.4213599018,0,331
9,447.131537733947,19.2544527416958,0,332
9,724.814846073863,754.095315968658,0,333
9,720.209132933533,380.340354822589,0,334
9,248.882322680958,328.814097856292,0,335
9,527.445007163752,666.157456806229,0,336
9,716.607438428453,545.022166802602,0,337
9,49.5705870764381,277.425719070134,0,338
9,302.501563059764,415.884370086915,0,339
9,268.8197515052,328.338968801314,0,340
9,87.3705414803775,390.725258546719,0,341
9,614.023233870687,308.390923598296,1,342
9,558.508738188302,730.435135451364,0,343
9,757.850715514471,675.199610998738,0,344
9,239.792454216746,367.834040458233,0,345
9,11.1438775006362,141.877834877299,0,346
9,418.725821591302,629.984239272512,0,347
9,604.719693832737,736.039844093105,0,348
9,9.64980909289988,570.698055961741,0,349
9,341.440704155972,107.639988073942,0,350
9,487.808588508721,132.94619353396,0,351
9,599.838878024074,255.93723085349,0,352
9,115.932996001068,527.582783628688,0,353
9,734.357412093871,283.959202439523,0,354
9,503.792963635465,484.22119988142,0,355
9,364.185883838384,715.687222222222,0,356
9,319.281012404962,70.4802120848339,0,357
9,606.75039512568,40.8480149889554,0,358
9,149.460537530124,146.766156762476,0,359
9,103.202401209121,410.41661788513,0,360
9,386.018796296296,136.021759259259,0,361
9,745.056217379607,424.14395480226,0,362
9,35.5620660857832,290.429750532751,0,363
9,606.380892255892,121.604797979798,0,364
9,691.606402858293,542.174506188398,0,365
9,428.024000382072,599.590212714708,0,366
9,394.159863945578,486.527696793003,0,367
9,88.5972222222222,317.211611323968,0,368
9,567.088534756659,794.139530052597,1,369
9,755.955556749999,42.8884186763178,0,370
9,67.1129119945634,270.032428037474,0,371
9,697.811358828769,576.979408552555,0,372
9,448.259893599244,54.0871709409082,0,373
9,633.317678973137,138.07501488686,0,374
9,321.469308856819,146.210175438596,0,375
9,23.8557005711885,503.116723534092,0,376
9,460.519314304347,369.427424332413,0,377
9,235.485085773431,701.808481147418,0,378
9,390.643575404185,462.930117089077,0,379
9,726.577484546812,161.255763327588,0,380
9,323.3681983319,581.854613113525,0,381
9,688.404199437937,223.342897357551,0,382
9,16.6744947927443,18.5168668619614,0,383
9,358.992017354475,674.546952791345,0,384
9,512.621406371406,457.575519718377,0,385
9,345.495397980075,608.903479680655,0,386
9,204.194888505366,732.635067305499,0,387
9,53.6238421974921,670.531468901482,0,388
9,766.202515895118,62.1683617472071,0,389
9,478.641941062535,261.403165928795,0,390
9,572.466100866468,267.216625978723,0,391
9,609.096298499614,605.354952341484,0,392
9,587.848504995868,593.575218876233,0,393
9,525.801314020187,644.247430682031,0,394
9,214.053634751773,449.998891843972,0,395
9,698.521340689522,161.855769962991,0,396
9,349.079413790088,212.089216747189,0,397
9,250.453673325338,49.8624362916657,1,398
9,529.678607856768,208.460077477416,0,399
9,392.2304518918,177.4846305289,0,400
9,523.824186469366,474.190636379513,0,401
9,108.688157480315,301.386803149606,0,402
9,716.606414508006,207.763202939501,0,403
9,703.984664671964,298.493901348799,0,404
9,92.7413152239941,271.894318270588,0,405
9,620.220457320909,347.022261445119,0,406
9,89.9571713284034,779.567340390171,0,407
9,332.518952136275,26.9597085079326,0,408
9,61.9322289114883,303.239644572686,0,409
9,318.594489300203,665.456115725515,0,410
9,350.810535772292,575.127957902478,0,411
9,249.303510079924,623.358472503877,0,412
9,260.680202197102,373.175870084381,0,413
9,652.947197880708,21.0400509591189,0,414
9,451.252281890252,329.386484561261,0,415
9,354.296250944822,12.3277777777778,0,416
9,743.183333333333,248.9375,0,417
9,129.143059793057,790.850454369493,1,418
9,288.814741218672,531.664350882023,0,419
9,370.023813597382,595.910627722292,0,420
9,587.788164980445,498.096170167203,0,421
9,28.6695330890021,260.585172521677,0,422
9,432.633861011549,138.812581308907,0,423
9,291.12193791397,286.706114178194,0,424
9,412.694584866999,721.915135354791,0,425
9,183.017289131802,65.0996063504457,0,426
9,584.341073002676,64.7388326325736,0,427
9,605.373064983569,70.4984351316284,0,428
9,554.473637486265,41.5665208132785,0,429
9,702.262679782339,745.309442459906,0,430
9,615.464344805565,673.405720419842,0,431
9,369.363507512048,794.713227188258,1,432
9,130.118998380255,346.870276096711,0,433
9,634.456508741547,684.955697811864,0,434
9,509.313872563912,133.798962534614,0,435
9,322.007680084746,202.694479387359,0,436
9,172.012933541993,183.582887428273,0,437
9,223.831292757726,639.731944865703,0,438
9,187.510153010153,130.32722007722,0,439
9,145.697892265988,229.57991216513,0,440
9,474.041749621725,122.380042008442,0,441
9,666.729347492422,531.789486685085,0,442
9,403.846451147377,546.046595028539,0,443
9,803.01186047471,56.4557273656035,0,444
9,533.479648348868,120.391564586146,0,445
9,232.060115199177,130.563466612788,0,446
9,689.112767913003,182.14388630764,0,447
9,653.792553191489,136.353498115769,0,448
9,706.205845443365,191.680478691364,0,449
9,609.169685288477,649.936537394504,0,450
9,746.130226517493,270.304259718776,0,451
9,457.625899902802,235.644939493949,0,452
9,517.842984813989,39.5666574022605,0,453
9,623.332826233942,644.615437999312,0,454
9,437.23256546043,123.657799352751,0,455
9,743.221699090476,738.661492323948,0,456
9,532.167578311813,441.984271452483,0,457
9,710.050013728245,459.328635111279,0,458
9,33.4452254305978,535.939008917732,0,459
9,730.621681206465,215.760508103965,0,460
9,429.79730713246,156.512372634643,0,461
9,549.456544097647,313.125012749898,0,462
9,720.271381578947,306.296193207377,0,463
9,662.47206443815,182.458302208804,0,464
9,377.894004631136,524.219777494661,0,465
9,400.862071513002,98.0212079956096,0,466
9,9.06480437461491,246.380685459026,0,467
9,743.018062489354,711.358795062862,0,468
9,422.649577091396,60.9754242388768,0,469
9,407.377777777778,575.315044340115,0,470
9,659.712046289034,197.591307733406,0,471
9,481.871395933589,454.781093031016,0,472
9,157.014205543296,727.216113581344,0,473
9,764.719938400965,260.85169968883,0,474
9,421.231173886741,481.291238883482,0,475
9,422.713080168776,184.898452883263,0,476
9,788.533101667445,701.806161122252,0,477
9,803.457421092125,578.291936975016,0,478
9,627.428301507003,368.452911843345,0,479
9,669.276640893471,304.327605956472,0,480
9,532.988036760815,32.0849257695111,0,481
9,735.976140682415,365.868300262467,0,482
9,397.828349863745,802.591667825613,0,483
9,179.60359595844,207.956847863052,0,484
9,14.6188621041119,213.177373381824,0,485
9,143.962395917271,367.165083415406,0,486
9,8.00052757775137,701.521856607604,0,487
9,267.117016928928,547.119675342432,0,488
9,365.065975815797,78.0511497056756,0,489
9,456.370184632993,177.872993283335,0,490
9,307.044749339078,258.719791523875,0,491
9,722.501293444985,722.990818926706,0,492
9,208.287014445653,788.72990851485,0,493
9,241.222277197106,6.97834470626233,0,494
9,722.763492052444,260.858832564215,0,495
9,394.747237346347,735.657018244844,0,496
9,441.212624204574,507.049495430453,0,497
9,488.002600236785,251.510609425117,0,498
9,275.571078019523,178.335628124041,0,499
9,405.031906820418,72.019379802435,0,500
9,564.219519101015,482.883803495695,0,501
9,148.46532478543,121.463149577568,0,502
9,365.759594366656,539.502795609857,0,503
9,409.566016955987,221.651501470364,0,504
9,577.794855536144,40.3343340209223,0,505
9,765.428303174166,699.478214875464,0,506
9,7.20882571107019,473.70056911193,0,507
9,379.909384663537,119.345459780908,0,508
9,211.44155660926,110.147890177102,0,509
9,388.513936947328,719.163321984148,0,510
9,13.9219739046108,343.556998809839,0,511
9,189.537763385147,6.82727633851468,0,512
9,800.865219675762,523.266244582232,0,513
9,313.168891360771,7.96337531119233,0,514
9,460.13356499876,138.840568147896,0,515
9,521.040386686246,593.436501643242,0,516
9,349.399287750971,508.173384492387,0,517
9,158.319293478261,63.8104296066253,0,518
9,99.8210289223167,368.305004505487,0,519
9,481.959332116296,154.532136522524,0,520
9,7.07790418712749,176.10240219415,0,521
9,802.584875036396,668.240356824767,0,522
9,328.701540686653,520.877526011838,0,523
9,171.297888286447,18.7593646159479,0,524
9,550.855799163383,801.316323345818,0,525
9,6.07321514799152,43.5612401665595,0,526
9,693.127755618459,319.735464201979,0,527
9,801.248265617074,740.411448262185,0,528
9,701.03369925034,780.083921311551,1,529
9,759.443219377436,320.154299861872,0,530
9,604.112039095516,379.838367148017,0,531
9,637.47272721605,177.378043990573,0,532
9,440.894453807431,369.823694964916,0,533
9,725.972142550017,12.177975061335,0,534
9,782.516729400167,6.97126161549965,0,536
9,198.931601183427,660.876399978635,0,537
9,431.03482178415,176.345637847318,0,538
9,40.7052426537537,566.174998887434,0,539
9,589.516636462404,452.505904426177,0,540
9,10.7806060606061,280.593449213862,0,541
9,441.924740517079,803.187524854293,0,542
9,335.072664161186,4.393337857118,0,543
9,446.713178294574,139.288759689922,0,544
9,100.260561380836,91.8005392056079,0,546
9,116.919429196233,99.4607968491989,0,547
9,310.654999685949,803.607075203705,0,548
9,565.454678093368,5.9011859762907,1,549
9,691.432960928414,280.106979444588,0,550
9,630.016943292716,450.499841082667,0,551
9,779.408578578578,793.678098098098,0,552
9,244.672348717445,436.264361199126,0,553
9,584.913664369256,160.907825909471,0,554
9,344.675257683304,704.403964987792,0,555
9,678.778800876468,457.05000599447,0,556
9,663.305115974949,497.195066702446,0,557
9,229.575537455911,76.7076657527596,0,558
9,514.357467275478,616.521894872306,0,559
9,379.500837710924,340.726919891311,0,560
9,539.454098180363,745.04423680674,0,561
9,143.296598797479,588.948080911234,0,562
9,43.1631238767735,410.614965452879,0,563
9,752.652678916878,607.881371190467,0,564
9,264.813486980446,711.50870605439,0,565
9,731.973093046964,329.964344249031,0,566
9,655.964521644412,717.631260567502,0,567
9,197.216981346864,346.025679367712,0,568
9,554.140308731697,208.329035112511,0,569
9,490.720421158317,439.499073780502,0,570
9,367.973495848602,370.105894984687,0,571
9,579.293646790473,115.708516996391,0,572
9,651.645550982065,665.361987792192,1,573
9,75.2339555230758,414.497359152578,0,574
9,370.630149911817,653.68532627866,0,575
9,56.4070780358743,443.361384796741,0,576
9,556.60687199429,660.131870221232,0,577
9,397.941814644339,357.998444126346,0,578
9,241.641043604204,463.193943626575,0,579
9,340.439812242178,633.122695257301,0,580
9,503.18189325212,513.738616962884,0,581
9,717.463940141836,627.95702231373,0,582
9,776.529462699105,418.872690704662,0,583
9,165.936179329319,617.853463245375,0,584
9,111.027213836272,594.160703108206,0,585
9,254.725894798437,787.390743682074,0,586
9,187.46304525962,396.818076272142,0,587
9,656.919732990185,105.424988736584,0,588
9,635.288900222132,707.078533705064,0,589
9,241.132712899273,263.144350101232,0,590
9,694.57974537037,144.105481902357,0,591
9,635.226138644578,426.115993609133,0,592
9,607.575369364503,427.31214243082,1,593
9,431.41000555007,321.996819383102,0,594
9,47.8424975778255,480.6776791356,0,595
9,365.76823932509,310.666267015834,0,596
9,399.192716162821,607.390110661515,0,597
9,147.846441009494,101.357190138829,0,598
9,492.979553463331,637.486714823908,0,599
9,109.065614278174,706.647483787656,0,600
9,78.2206326046305,615.60397013073,0,601
9,655.01457482883,376.276484373313,0,602
9,573.842848424512,212.220654651911,0,603
9,699.316276879955,436.206236587395,0,604
9,179.783807941821,776.949049010522,0,605
9,42.4019410434562,323.768577263724,0,606
9,732.51071480751,666.28284913982,0,607
9,427.051280467155,551.253318627945,0,608
9,457.680859634563,534.704022398467,0,609
9,559.396139077853,130.019947089947,0,610
9,558.142509979383,766.747586670761,0,611
9,458.021191986441,598.467631653398,0,612
9,215.657150880077,415.587685774947,0,613
9,660.586596513031,405.102069036941,1,614
9,346.674497996713,784.788222614303,0,615
9,452.145424836601,655.702977487291,0,616
9,134.27052358351,9.94272788383348,1,617
9,785.038842620286,461.327069177953,0,618
9,234.333369453541,158.469883773197,0,619
9,253.142122664982,529.63386078574,0,620
9,592.361705924087,403.835190724359,0,621
9,737.199795501023,478.086298568507,0,622
9,765.670222638835,87.2418651792987,0,623
9,598.103343465046,557.67600602707,0,624
9,596.869818113568,180.914829033579,0,625
9,442.976478455545,212.633576108236,0,626
9,522.578225142145,91.8395212750737,0,627
9,593.566798283287,354.1491210863,0,628
9,237.74207826224,502.336192839419,1,629
9,737.782178337944,545.021709892334,0,630
9,430.885960791478,237.584687732439,0,631
9,294.942176903208,342.906869637321,0,632
9,309.36357755135,485.397607998773,0,633
9,151.629397734049,793.833929636255,0,634
9,505.924310921848,208.517499443259,0,635
9,188.992726949101,271.576370555906,0,636
9,211.666605802853,380.663192043107,0,637
9,290.595297494915,43.1756846287857,0,638
9,493.846302462285,684.489808991381,0,639
9,591.053158094073,677.131144625099,0,640
9,554.014578477078,457.812127687128,0,641
9,407.383914654875,251.350750939777,0,642
9,616.004080456665,510.391196825911,0,643
9,267.149368251557,31.6832135413623,0,644
9,393.955504700643,671.560366155369,0,645
9,752.921622354981,399.576125038517,0,646
9,705.053665156054,411.48475481034,0,647
9,775.58777154427,552.693044248534,0,648
9,567.230226826167,610.715469833564,0,649
9,64.736927981864,645.288296339464,0,650
9,779.765410720966,128.327427716317,0,651
9,187.695011209105,719.999583577331,0,652
9,669.035034003093,263.786723708861,1,653
9,678.257187321233,761.190286478368,0,654
9,484.976773097826,532.523498641304,0,655
9,143.843673154155,520.849319586036,0,656
9,293.39786627284,439.401802562085,0,657
9,269.863134814255,457.121292283225,0,658
9,693.298627903768,482.698866813353,0,659
9,81.5138867451007,201.471564079257,0,660
9,123.661796690148,502.491808025874,0,661
9,759.123582993729,109.15425572029,0,662
9,738.859968194293,88.9047726420318,0,663
9,35.1238461651635,364.579144168665,0,664
9,296.041666666667,156.416997240129,0,665
9,397.341245743652,432.768410355963,0,666
9,642.119086352768,78.4341665448295,0,667
9,74.7362251443548,343.178876164318,0,668
9,183.950155796094,442.657085569428,0,669
9,56.9981086714685,90.1411556898893,0,670
9,159.679299861492,281.430449424718,0,671
9,52.6418549354026,759.438982742594,0,672
9,541.093503764893,624.980182002462,0,673
9,82.5643774678862,43.9422827010546,0,674
9,467.943333529089,785.616876125597,0,675
9,322.818375314956,442.71730211067,1,676
9,109.699814480612,558.005528309441,0,677
9,295.633020929031,750.041215123994,0,678
9,502.784019006219,277.589906986228,0,679
9,779.797413793103,502.624889478338,0,680
9,364.238045520144,431.514423580821,0,681
9,530.568657804294,576.659208468489,0,682
9,756.585441084328,186.675516917293,0,683
9,461.687241412801,625.625266815587,1,684
9,335.977091168839,262.899194454306,0,685
9,609.775765615602,785.215811083586,0,686
9,652.413603335225,743.12683232457,0,687
9,380.298942891763,770.349820733537,0,688
9,721.03189929233,600.379536126613,0,689
9,792.401594070266,310.88010478935,0,690
9,340.249604666428,186.351589539324,0,691
9,310.841836771423,606.599975763597,0,692
9,670.33080653914,433.063144417311,0,693
9,670.880189911302,24.1756180733163,0,694
9,190.123486574259,550.301620348912,0,695
9,685.213338302306,613.278571119355,0,696
9,210.527814852874,313.286808680691,0,697
9,132.520133416719,306.302088805503,0,698
9,393.153441910966,314.534587898529,0,699
9,483.775545363271,756.812166128629,0,700
9,95.3399239707713,232.786553177332,0,701
9,313.802279473577,301.700995473141,0,702
9,371.063300833247,251.322630202031,0,703
9,44.304373054344,606.738264460192,0,704
9,353.477529043084,755.688959471176,0,705
9,224.620834959032,349.57198595396,0,706
9,793.343571181071,606.69665998416,0,707
9,103.503358162632,65.0014907924684,0,708
9,122.61149262983,659.827038274472,0,709
9,504.099343773651,167.362033102283,0,710
9,480.968288475474,717.698888012467,0,711
9,529.604750352809,249.825962497532,0,712
9,225.513748854262,546.74625725634,0,713
9,768.800154086525,441.475907009321,0,714
9,34.4660259745186,696.935477938188,0,715
9,468.7442401111,81.6524343302941,0,716
9,723.332646687719,436.280130497522,0,717
9,448.207974373071,567.785328959425,0,718
9,566.972101311293,639.175428643668,0,719
9,238.144951479734,98.9267028370488,0,720
9,217.948908826949,228.066853806997,0,721
9,593.829895594601,140.089312407579,0,722
9,70.6571459845604,223.202954257403,1,723
9,352.715869902328,348.165074295237,0,724
9,657.135022204096,570.315341671198,0,725
9,778.98654136228,204.153998017323,0,726
9,783.925926360562,34.0808589839735,0,727
9,80.862945457773,588.386044911907,0,728
9,47.012728864722,194.267046205632,0,729
9,284.963523559442,366.294739010345,0,730
9,513.322080791409,733.029038177614,0,731
9,449.752959374436,471.322322666465,0,732
9,368.937064339206,488.347650373206,0,733
9,624.519875007458,190.78896694708,0,734
9,440.029186108745,96.9650663935467,0,735
9,482.264396552655,287.248140965429,0,736
9,464.866874814898,347.284081665853,0,737
9,770.558472653878,581.538208659308,0,738
9,301.821768047752,581.258319037967,0,739
9,248.901731683235,226.285346587676,0,740
9,420.793693411494,767.749413045748,0,741
9,209.61088023088,579.460577200577,0,742
9,107.780327267842,334.815224480208,0,743
9,11.8722559290303,83.6703277103363,0,744
9,644.365881111365,519.616179409101,0,745
9,113.48286923378,156.858472615087,0,746
9,545.290339021392,546.82570828189,0,747
9,446.704872084274,438.064406765169,0,748
9,566.715437335014,292.52465353705,0,749
9,62.8549266097087,385.622647485763,0,750
9,126.898059299306,734.932880880394,0,751
9,245.723441123195,302.18963984648,0,752
9,677.61946703592,359.851229737334,0,753
9,207.363133961402,180.65570335831,0,754
9,744.652718861685,452.115507086632,0,755
9,746.048842343461,765.42795347297,0,756
9,528.448888335822,179.255972199178,0,757
9,668.876624670737,552.629715749691,0,758
9,529.461945023367,406.902208064924,1,759
9,87.0379254871423,545.246506976301,0,760
9,276.006188725197,391.364552262031,0,761
9,57.1004305023748,582.635654018371,0,762
9,426.222251544296,45.0553478575338,0,763
9,397.172456195731,204.12965388463,0,764
9,65.2031212281786,526.99720480438,0,765
9,440.429355734444,288.410619167768,0,766
9,702.981209634039,37.3114821899948,0,767
9,425.069718731299,350.498803111909,0,768
9,596.729615652889,14.9290271393852,0,769
9,224.89454611288,667.81895106337,0,770
9,581.15736553073,317.706736377542,1,771
9,533.405048915861,701.836703816297,0,772
9,168.314971026629,353.918122927483,0,773
9,262.580964633958,124.411769333952,0,774
9,745.032519475829,303.290156322551,0,775
9,131.422459116076,81.3133621665509,0,776
9,7.07973462493386,414.212552742616,0,777
9,5.78224235379004,443.9285866036,0,778
9,3.98717128374987,122.14132289471,0,779
9,5.97740603056588,369.106616128484,0,780
9,559.493156758124,94.2914004732456,0,781
10,534.072498913271,779.22686407569,0,1
10,565.111774620657,387.022376406142,0,2
10,702.118355293049,113.415678058795,0,3
10,750.937179099662,643.707019903316,0,4
10,290.959268731647,466.71287613274,0,5
10,297.903510233777,685.821949130371,0,6
10,710.138613757999,352.701961311198,0,7
10,314.591414047486,175.900585828529,0,8
10,110.881230357417,242.714911393009,0,9
10,177.774284709133,803.250921023123,0,10
10,691.784802241637,640.479758557977,0,11
10,256.29812316111,596.738467232623,0,12
10,754.13647782208,522.197033477708,0,13
10,263.540476527406,649.962399037729,0,14
10,572.73800145157,237.710404295329,0,15
10,691.128503279666,385.181434431569,0,16
10,604.75128968254,704.968412698413,0,17
10,763.784548313011,769.293803386294,0,18
10,674.195988655092,733.010255643709,0,19
10,21.2816298307086,722.415488268967,0,20
10,142.411974983092,551.029798632536,0,21
10,464.763841702309,164.022433324904,0,22
10,690.352305383135,516.175636315212,0,23
10,702.298281992888,669.303577350274,0,24
10,488.685262625566,378.001386341172,0,25
10,14.568656504997,310.189297443181,0,26
10,81.0224199439546,663.374515388876,0,27
10,561.555615925584,432.466495746805,0,28
10,369.937714994133,219.877474776701,0,29
10,75.6422300670375,147.387879486082,0,30
10,121.462054814658,388.974769293522,0,31
10,795.208840027235,379.888638675787,0,32
10,215.318993476673,498.959642517572,0,33
10,507.543647076317,414.600400542731,0,34
10,188.402617021114,107.525111058619,0,35
10,589.34049477735,769.084296774785,0,36
10,306.876988160916,122.895798371451,0,37
10,448.423391196165,693.742128552671,0,38
10,341.524352952012,650.122231624758,0,39
10,257.997200686924,82.7165105426454,0,40
10,514.116345397325,15.000773669027,0,41
10,82.9689480860982,173.190575834346,0,42
10,416.376961731428,457.905337033238,0,43
10,391.491955426218,637.216937100297,0,44
10,582.022527286864,713.299492837575,0,45
10,735.883751182592,32.8095246482417,0,46
10,11.3414927168683,788.707261997659,0,47
10,631.487546462233,325.876948569153,0,48
10,408.914112575491,335.195000874513,0,49
10,607.331411159239,216.065049611874,0,50
10,236.648732531498,653.764437942476,0,51
10,121.436043890108,213.347562469378,0,52
10,638.862886988587,787.286311227241,0,53
10,268.130654487274,418.785998609399,0,54
10,704.495122587376,83.648415149768,0,55
10,146.61118817751,775.268413530918,0,56
10,733.425794536784,178.540986521128,1,57
10,758.384860567396,10.8274153013387,0,58
10,766.181915306915,728.414624378666,0,59
10,720.789862721244,501.896003291828,0,60
10,138.1239111927,36.452587330726,0,61
10,788.115780908337,355.848412287218,0,62
10,108.134821289228,29.7900157520683,0,63
10,43.7453176166654,242.36330970217,0,64
10,154.405279308505,668.30692962951,0,65
10,560.571673150709,520.157915093795,0,66
10,98.2979190173007,124.453952758973,1,67
10,229.541162947938,34.4015863759297,0,68
10,730.515111489864,782.851377425851,0,69
10,292.662200796841,661.838666067619,0,70
10,279.630959729751,625.094625614233,0,71
10,357.676893144511,408.506508672506,0,72
10,372.719322543695,30.2392456667863,0,73
10,428.04530823576,529.72099950113,0,74
10,439.73660979659,398.736540181895,0,75
10,472.40223256423,55.989044958635,0,76
10,576.031369286868,746.835213277525,0,77
10,309.039809620877,715.044955132037,0,78
10,657.909918802592,693.462431221832,0,79
10,475.813631055569,404.150360768282,0,80
10,463.076919191919,301.356851851852,0,81
10,176.675919486466,699.579435465672,0,82
10,243.435155074485,575.961676868417,0,83
10,786.737290040672,75.6510019167939,0,84
10,23.7182530422142,157.743967834935,0,85
10,370.597249944918,627.058880824766,0,86
10,492.68277972028,340.330474213287,0,87
10,366.668331205914,156.083305078548,0,88
10,100.54483006507,632.129014599949,0,89
10,548.305859733042,275.318225272109,0,90
10,732.760500938299,580.025467647039,0,91
10,88.8742157966571,508.965103194732,0,92
10,621.827522284692,397.324765166434,0,93
10,569.89715490971,576.260064347952,0,94
10,45.3992062045643,167.392554117814,0,95
10,766.791264092973,293.933455457349,0,96
10,617.345572042936,84.9137429429014,0,97
10,225.988912974097,737.34924172098,0,98
10,481.568597581931,180.772270737105,0,99
10,130.206718005382,622.742762213318,0,100
10,344.436456948618,238.570230356005,0,101
10,777.096292386858,638.543163126182,0,102
10,337.853653296313,47.1081114581784,1,103
10,626.280906691579,159.158082679899,0,104
10,224.260281943251,768.105315482625,0,105
10,483.23471152038,609.16503563277,0,106
10,53.373023442833,721.819040159379,0,108
10,543.166187884633,65.3395276476532,0,109
10,739.487787415363,145.006904632334,1,110
10,366.178270834123,187.529780547095,0,111
10,475.733383353341,323.807452981192,0,112
10,518.098209497305,551.947727653918,0,113
10,308.844521409531,532.265786958104,0,114
10,660.65864468207,330.035936525032,0,115
10,20.7033926325247,394.449008685235,0,116
10,124.52563744562,182.736824728692,0,117
10,118.674169730626,274.56713298857,0,118
10,155.677365637641,425.8678273428,0,119
10,678.584234365868,95.2575443210598,0,120
10,41.0781808622503,785.095786890992,0,121
10,295.401817716334,513.137721807299,0,122
10,151.936613573955,753.906089222545,0,123
10,777.320814196189,666.060046461731,0,124
10,148.501538072301,400.806902223304,0,125
10,244.450117727923,728.844108758347,0,126
10,713.769045879279,231.559040786502,0,127
10,656.07701167388,772.334316898785,0,128
10,266.354668093509,282.797403431681,0,129
10,89.7875609760074,686.092926864659,0,130
10,336.468061217887,80.3357147479454,0,131
10,210.686080224773,152.438911727918,0,132
10,339.59646599777,163.394816053512,0,133
10,627.222518188635,37.4640521137322,0,134
10,125.746773296277,427.214179224334,0,135
10,61.3498047433891,362.210178592469,0,136
10,150.81516309139,171.774694985906,0,137
10,444.699063681514,725.080808053588,0,138
10,801.852546736675,176.178560200577,0,139
10,631.483640284724,242.898758963774,1,140
10,179.731759254134,751.183319188453,0,141
10,534.571775955174,496.635231636836,0,142
10,577.085873139917,539.481400529669,0,143
10,237.461205230519,198.367155216025,0,144
10,205.705636667393,473.166815304445,0,145
10,668.234641746733,54.7518106692849,0,146
10,141.407252239761,484.059144549991,0,147
10,551.02519895929,25.6555172941537,0,148
10,177.025290241552,584.389112419242,0,149
10,800.987026048718,406.509901089124,0,150
10,35.7212978341638,645.153022632221,0,151
10,304.574996685669,226.126446153166,1,152
10,156.891490414115,249.047621060145,0,153
10,753.620325108044,353.19472243134,0,154
10,270.371157574079,205.04285186797,0,155
10,335.784748363856,729.991015281689,0,156
10,697.276473276619,13.8979997049128,0,157
10,630.87642779062,118.410917871799,0,158
10,49.4922362055704,65.4873390818557,0,159
10,189.910524831848,515.256441223833,0,160
10,116.882574215908,683.17423625757,0,161
10,163.923949714837,86.5635994859025,0,162
10,479.848250963014,224.316554565791,0,163
10,634.873699354278,551.582343560061,0,164
10,172.216502216502,313.558922017255,0,165
10,787.095828359199,768.174256532697,0,166
10,423.833026007738,271.964825542329,0,167
10,148.955485290412,704.857422703221,0,168
10,649.28686573447,641.524308745201,1,169
10,284.315459248354,112.796357297673,0,170
10,197.019482496195,83.2030669710807,0,171
10,644.068144708432,296.231770023912,0,172
10,218.227676563203,55.4596426964848,0,173
10,749.640793958526,219.787014892084,1,174
10,48.416263971556,626.8575862427,0,175
10,784.332677602208,271.993018322698,0,176
10,287.926123605897,788.785915338911,0,177
10,452.791443029958,263.609861917406,0,178
10,147.738441361455,329.100489923687,0,179
10,304.236456992417,631.98713747629,0,180
10,103.296395608433,198.556501284002,0,181
10,669.066785375119,128.515764482431,0,182
10,387.356913770473,385.786334151306,0,183
10,525.667750732045,275.783359840669,0,184
10,265.319907709721,751.884829785381,0,185
10,505.968451479672,237.932329075591,0,186
10,385.461275749054,410.554590362328,0,187
10,787.276296946976,335.185200252165,0,188
10,767.473237126301,479.263432935459,0,189
10,718.194924437937,698.541374157574,0,190
10,271.512096422156,13.7538191406562,1,191
10,650.775851991205,471.820060567117,0,192
10,418.789177126829,699.163013139803,0,193
10,509.0839598696,781.121369598255,0,194
10,80.4499553998345,295.210231072609,0,195
10,400.632100452621,516.518965980435,0,196
10,280.862375181475,79.8958571610116,0,197
10,368.56179257339,55.6587632661506,0,198
10,325.152579740369,367.155835232876,0,199
10,136.112099887602,257.967531031618,0,200
10,498.854445880916,312.326987718164,0,201
10,176.525772648892,235.560613476588,0,202
10,417.393650882204,17.480400711119,0,203
10,627.599257649608,731.081090601549,0,204
10,174.337605427505,650.143109118809,0,205
10,694.558215807711,716.629175192138,0,206
10,303.750120829258,61.1504002054571,0,207
10,492.563063367727,99.4335698903721,0,208
10,554.712149426408,168.986634331026,0,209
10,380.79444938309,694.472767049359,0,210
10,773.529805550539,384.89890283547,0,211
10,493.397265131643,23.9609783347906,0,212
10,684.159586669782,120.487548645479,0,213
10,305.862618369036,386.917016027704,0,214
10,40.8679556494849,505.722141590066,0,215
10,344.214486857249,551.559483006669,0,216
10,591.096357265958,96.6004373557051,0,217
10,667.56481965375,151.819170736651,0,218
10,35.9730823405477,118.555607241565,0,219
10,318.750519548847,552.257618405621,0,220
10,299.008779260631,90.8081612623964,0,221
10,440.770085292282,193.571232924208,0,222
10,46.9064514189514,217.442358104858,0,223
10,706.60452445346,55.6920300878972,0,224
10,398.720647277712,31.9644760058718,0,225
10,316.266124626179,771.329767655855,0,226
10,348.956070927474,138.192747925029,0,227
10,70.5303780012979,246.863084937631,0,228
10,654.738504985918,603.458619167238,1,229
10,214.107995268076,614.338309207028,0,230
10,165.146746259586,467.932160578762,0,231
10,14.2162179529455,670.941876339786,0,232
10,190.482906230978,44.9327032616188,0,233
10,272.720459916056,244.075964484214,0,234
10,336.682677212597,474.679358947962,0,235
10,272.622946211326,149.661267773804,0,236
10,110.087586843091,477.155734670933,0,237
10,802.914232041397,435.568938791504,0,238
10,545.713127214171,235.620529468599,0,239
10,105.764103627516,441.499231019133,0,240
10,702.424734143236,248.947878308153,0,241
10,164.22714979634,496.233449801335,0,242
10,168.521051446583,135.841809687554,0,243
10,249.798590393083,672.549144681693,0,244
10,702.852866034931,262.863944630249,0,245
10,627.417706786371,264.839878638016,0,246
10,84.7094938655226,452.99725490862,0,247
10,709.913472670708,129.495618238383,0,248
10,790.190510163792,101.899542073423,1,249
10,617.128358918754,534.019090148186,0,250
10,526.607873822161,343.618847513897,0,251
10,605.204388196608,479.194056767047,0,252
10,732.028550121296,63.2529944138039,0,253
10,170.043412424191,110.811324596764,0,254
10,201.567700949757,640.500926794854,0,255
10,621.951778881412,13.2167474939647,0,256
10,628.02704883368,618.431683050821,0,257
10,630.264188225849,488.314936395222,0,258
10,674.460259019351,169.065472987462,0,259
10,148.452340986559,204.022081805904,0,260
10,330.339653163403,398.032416577261,0,261
10,211.822990152565,678.669069260811,0,262
10,474.174295522894,475.617234472244,0,263
10,443.969466131127,777.815981967527,0,264
10,82.3915097750015,723.124848169356,0,265
10,774.382424415387,231.875181610627,0,266
10,325.862727662967,689.316512270276,0,267
10,456.869471189876,114.624683872564,0,268
10,601.902927016942,235.782014354197,0,269
10,535.292928862366,148.557435824571,0,270
10,283.112619307922,728.015818868975,0,271
10,570.985132493965,349.613508515492,0,272
10,588.857593109203,626.741580895476,0,273
10,269.291831324909,689.190910051878,0,274
10,469.225417123371,17.3787810776485,0,275
10,83.1580577482433,10.8818061822958,0,276
10,365.195617293555,103.181602530026,0,277
10,539.986883179039,375.647158409052,0,278
10,298.219541027397,194.548493087984,0,279
10,132.975891352404,457.807051478474,0,280
10,407.235201978088,120.81622599773,0,281
10,472.45803775301,201.367165878597,0,282
10,326.02383672555,230.02980030722,0,283
10,380.582924685198,559.818743169399,0,284
10,393.822363233352,283.569091680815,0,285
10,328.43011231665,124.751251739129,0,286
10,430.041823925982,746.629776310964,0,287
10,471.361092031095,505.295595787132,0,288
10,213.678299687847,14.7268397772028,0,289
10,32.8976134393006,49.6698962304108,0,290
10,521.585411498968,308.273013409457,0,291
10,552.195179406536,336.980917826344,0,292
10,733.172665339527,119.474914841849,1,293
10,293.318680849812,15.1548655249529,1,294
10,659.603853050482,234.513775492989,0,295
10,629.415486875421,762.106355227321,0,296
10,52.951648468752,22.4523739261591,0,297
10,415.058249740226,297.798571432166,0,298
10,686.123320034191,339.365479066068,0,299
10,20.4185381568364,768.828474466872,0,300
10,44.1527043168323,139.552174443987,0,301
10,648.97388691515,164.942990110529,0,302
10,666.73898928493,214.07565580788,0,303
10,425.344261593526,424.832516339869,0,304
10,676.97177221404,691.347815414826,0,305
10,18.9554418181237,191.786775378491,0,306
10,266.548299319728,573.165878725591,0,307
10,237.898620174291,401.354191379168,0,308
10,251.790989159892,175.797536087606,0,309
10,626.658979461325,583.599242998855,0,310
10,125.024433467332,123.873384831528,0,311
10,403.162053964522,153.045433220243,0,312
10,27.9788278581135,442.67413162369,0,313
10,790.337771617384,247.961040173238,0,314
10,19.7846625798422,598.385987483529,0,315
10,28.0432119002966,745.835483146965,0,316
10,490.395949750321,581.728145297015,0,317
10,200.633000228483,758.8718718809,0,318
10,677.693514863178,661.401164085434,0,319
10,336.357857951836,418.327853779208,0,320
10,361.218086171102,454.30500081484,0,321
10,799.454271486579,487.35048378051,0,322
10,524.16242568857,525.535726074942,0,323
10,596.773756770064,525.27400295421,0,324
10,505.474098737598,61.4600183400398,0,325
10,561.291867358859,706.909565130473,0,326
10,769.646346455081,165.100144835132,0,327
10,70.7017146435925,698.321935540628,0,328
10,284.53978812646,568.265876675654,0,329
10,183.358228050753,156.099593793755,0,330
10,635.300213546746,56.5191980529168,0,331
10,447.031169100135,19.703569405395,0,332
10,724.709138007055,755.084108612581,0,333
10,718.984785107446,381.452528735632,0,334
10,248.166887691147,329.946238952723,0,335
10,527.327570757218,667.434773407399,0,336
10,716.146693147576,545.119576305457,0,337
10,48.6731600189934,277.871415004748,0,338
10,301.714546588072,417.194344381511,0,339
10,268.453333333333,329.076190476191,0,340
10,87.0160021265284,390.702595331303,0,341
10,615.342974245408,308.333605108906,0,342
10,558.271434204078,730.245198254335,0,343
10,758.360598088574,675.285192678356,0,344
10,239.849604609506,367.787933527524,0,345
10,10.9086693512304,141.967131991051,0,346
10,418.841674726831,631.383772437043,0,347
10,603.932085448005,736.98191077765,0,348
10,9.22418390099982,572.111825100646,0,349
10,340.924685037872,107.807860414367,0,350
10,487.22509987177,133.653506608799,0,351
10,599.186244692547,255.875218561254,0,352
10,115.946683242199,527.731825744299,0,353
10,732.57516287008,284.673317302956,0,354
10,503.592243933007,484.656298659375,0,355
10,363.139146985873,717.353226571767,0,356
10,318.126674499001,70.876585372441,0,357
10,605.728213353004,40.8620660236421,0,358
10,148.638117150386,147.588865328025,0,359
10,102.754924471299,411.105232225579,0,360
10,385.847207043109,136.127064359441,0,361
10,744.041481977367,425.249755719874,0,362
10,36.194267248852,291.37697223331,0,363
10,605.928872053872,123.122685185185,0,364
10,691.714783785077,542.259043356084,0,365
10,427.399791521313,600.424073474202,0,366
10,393.902347456311,487.258964152017,0,367
10,88.4529458283907,318.208770484601,0,368
10,567.447748240238,797.477245856817,0,369
10,756.396118615482,43.8188344241749,0,370
10,66.851373749186,271.005607297375,0,371
10,697.116071428571,578.035383597884,0,372
10,447.529642004755,54.1042812997759,0,373
10,631.617916713539,138.748465138794,0,374
10,321.109844831201,146.801808904732,0,375
10,24.1731119797341,503.574454278186,0,376
10,460.002178862852,369.311528363347,0,377
10,234.777714033811,701.03403453278,0,378
10,389.45772988852,463.93803810868,0,379
10,727.263804097603,162.165666339328,1,380
10,322.766533195806,582.521155421119,0,381
10,689.085202411714,220.044732988803,0,382
10,15.7430222592824,17.3161728760787,0,383
10,359.533432871299,674.867578850411,0,384
10,512.41488074663,457.974414549781,0,385
10,346.171704087507,609.031079583316,0,386
10,204.354018239407,732.569840135008,0,387
10,53.6789909810616,670.673299260295,0,388
10,766.32282635615,62.7691280923158,0,389
10,480.719003273802,260.978257780716,0,390
10,571.480604341334,267.058355784528,0,391
10,608.806427893011,605.698201027401,0,392
10,587.135152859255,594.416427890959,0,393
10,524.841691966532,645.297190747162,0,394
10,212.611273154229,449.839900487893,0,395
10,698.182590520148,161.789061642831,0,396
10,348.633659229201,212.74604032374,0,397
10,250.712522244292,50.2715534401059,1,398
10,529.575004213879,209.169551878731,0,399
10,391.703188304251,177.063319061257,1,400
10,523.897227775178,474.870681493454,0,401
10,108.176179824561,302.377076754386,0,402
10,716.432619849287,208.016814975148,0,403
10,703.356361435966,299.051011577624,0,404
10,92.6096407745264,273.463365978228,0,405
10,619.955874213083,348.019387427294,0,406
10,90.2279875887219,777.347311942964,0,407
10,333.460159102429,27.4566949878153,1,408
10,61.9474283212093,304.375087445232,0,409
10,319.027052238806,666.851990049751,0,410
10,350.326733152754,575.393142356836,0,411
10,249.331949313286,623.417347421803,0,412
10,259.302670165376,375.888885134209,0,413
10,652.520702794917,20.5851834741622,0,414
10,450.320840656644,329.941679235051,0,415
10,354.181455026455,13.2329861111111,1,416
10,742.245510057471,249.821244412516,0,417
10,129.143834442038,790.761442218441,0,418
10,288.830245856762,533.480405112594,0,419
10,369.988101183257,595.228676827798,0,420
10,587.715805730077,498.83290704735,0,421
10,29.1323324932362,261.278682701276,0,422
10,433.154320987654,140.155597547661,0,423
10,290.53247489472,287.663844469967,0,424
10,411.680939651244,722.862907859681,0,425
10,182.94039455278,65.0748430129164,0,426
10,582.670010009781,65.885280655908,0,427
10,604.384488527346,71.6789242503528,0,428
10,553.252979380945,43.0684847167898,0,429
10,701.64895836569,746.998008107352,0,430
10,614.796720999757,673.08845530402,0,431
10,369.207748549424,798.164513011512,0,432
10,129.690390865379,348.096398738912,0,433
10,632.87041093033,686.449389862328,0,434
10,509.083061175849,134.341449423799,0,435
10,321.611424180328,203.820990223702,0,436
10,171.891451127295,183.518809737985,0,437
10,224.152178649237,641.66686118892,0,438
10,187.39561867632,130.866564559547,0,439
10,144.06311528777,231.028138944382,0,440
10,473.713100835946,122.936624869383,0,441
10,667.564743230626,531.31793417367,0,442
10,402.934553058144,546.779344681798,0,443
10,803.356956663408,57.5670219863768,0,444
10,533.086176727909,119.851487314086,0,445
10,231.694889782488,130.744642581249,0,446
10,689.049836095354,182.525853171163,0,447
10,653.726487125423,136.716839179605,0,448
10,706.400516748064,191.385976271521,0,449
10,607.56613689341,649.875566857385,0,450
10,745.570061142737,270.560974067046,0,451
10,457.753512664078,236.736986986987,0,452
10,515.849033672934,40.5058613281057,0,453
10,622.916900836768,645.553405972477,0,454
10,437.53539798414,125.18128535784,0,455
10,742.969251627079,739.782208486524,0,456
10,531.260899642402,441.864127664516,0,457
10,709.278949907383,460.652205386128,1,458
10,33.717511036818,536.714345227959,0,459
10,729.962558951141,217.249933974722,0,460
10,429.325853396862,157.47029347148,0,461
10,548.83511345648,314.033230177852,0,462
10,718.62513185654,307.547137022612,0,463
10,662.055770497725,183.233896507253,0,464
10,378.439563996537,525.128845443192,0,465
10,398.901922862502,97.703729635071,0,466
10,8.67239713899339,247.223389540659,0,467
10,743.660784356951,712.511045303052,0,468
10,422.568639816824,61.1952104930313,0,469
10,407.693873668189,576.346959611551,0,470
10,660.002105484788,197.899783052499,0,471
10,481.382189106279,455.195500661538,0,472
10,157.928307992632,727.680895738694,0,473
10,764.583685371018,261.545993222335,0,474
10,421.97478689662,481.51274077378,0,475
10,422.161232976038,185.133370023849,0,476
10,788.241732643361,702.795191620183,0,477
10,803.282648041956,578.275873295233,0,478
10,626.399815701222,369.291535552305,0,479
10,669.686529246454,305.216226892521,0,480
10,530.826783969432,33.7144834643449,0,481
10,736.626254078053,367.370226326849,0,482
10,397.159546757467,803.159126663042,0,483
10,178.928454960372,208.916761119536,0,484
10,14.5130406895582,213.970519106565,0,485
10,142.74693245916,368.255393377775,0,486
10,7.51051692804739,702.33392415098,0,487
10,267.404521227626,547.309987305094,0,488
10,363.78707875436,78.3937827282335,0,489
10,455.456543832904,177.982477351977,0,490
10,306.599039158811,259.27005740875,0,491
10,722.618576642817,724.254023533752,0,492
10,207.754858176725,789.110508151434,0,493
10,239.997068259763,7.30645536010621,0,494
10,721.998896287848,261.347191052574,0,495
10,394.823481641408,736.747369683628,0,496
10,441.543729641125,507.917043262173,0,497
10,275.48700667881,179.280471868938,0,499
10,404.326558265583,72.5031616982836,0,500
10,563.913844621514,483.194555112882,0,501
10,147.92286589655,122.281776426513,0,502
10,365.195424647038,540.308441558441,0,503
10,408.518917006949,223.50288248493,0,504
10,576.500539665013,41.0312793931215,0,505
10,765.542528494877,699.748282161829,0,506
10,7.25754920165732,474.736047003689,0,507
10,378.262548600509,121.038436641221,0,508
10,210.872919694401,111.982711007832,0,509
10,387.062054277972,720.993157234416,0,510
10,14.3367277246447,343.979863835306,0,511
10,188.499104848561,7.93639422469354,0,512
10,800.945036501316,524.249061425103,0,513
10,312.824266648601,7.66837483587704,0,514
10,459.934607575439,140.538874886228,0,515
10,520.630009718173,593.596831875607,0,516
10,348.758465909193,508.977857631575,0,517
10,158.188877468649,65.5871301719607,0,518
10,99.5816281937192,368.642521809676,0,519
10,481.785326391222,154.680565709656,0,520
10,7.18618503295923,176.661697411697,0,521
10,800.30048664553,661.650358455631,0,522
10,326.24545749562,520.70508027431,0,523
10,170.806150781004,20.7093698271882,0,524
10,550.897704105273,801.987130479103,0,525
10,5.79525569535631,43.928223378571,0,526
10,693.981514201577,322.616627085906,0,527
10,800.206413667021,740.826262094983,0,528
10,701.551040928483,781.271514224185,0,529
10,758.75769519851,320.901563275775,0,530
10,603.483011910068,380.851757239507,0,531
10,637.556454942461,177.952171612325,0,532
10,440.094340259776,371.149150929717,0,533
10,724.052675636187,13.187290728114,0,534
10,782.344910405652,7.55025171680637,0,536
10,198.372459881043,661.996270046273,0,537
10,430.373252894518,176.778655328472,0,538
10,39.689992031532,567.070863435038,0,539
10,589.497503109746,454.744975009767,0,540
10,12.1035782334894,280.864374293557,0,541
10,441.567514860081,803.381466639952,0,542
10,334.866366158114,4.37997380181846,0,543
10,447.395649558941,140.118818497728,0,544
10,99.024088605626,94.8386731669778,0,546
10,116.516182442987,100.389151827554,0,547
10,311.146852914189,803.561750527083,0,548
10,565.8396299792,7.20494001945945,0,549
10,689.104690511776,276.597707079078,0,550
10,629.750211440941,450.53786558536,0,551
10,778.919852344927,794.182255697834,0,552
10,243.121512195122,437.555963414634,0,553
10,585.459364130643,161.499000257998,0,554
10,345.355878383742,704.351862877405,0,555
10,678.723717695748,457.948704035375,0,556
10,663.903731279938,497.350115351432,0,557
10,230.139512233131,76.7342776024622,0,558
10,513.30255972095,616.748097385667,0,559
10,378.545601963841,341.675988639825,0,560
10,539.286336223444,746.102104641717,0,561
10,143.499187737521,589.655278166785,0,562
10,43.3679711387509,411.86726962287,0,563
10,752.294324487994,608.493995477004,0,564
10,264.86826525482,712.169775602549,0,565
10,731.110166031871,330.391617415288,0,566
10,655.835055493916,718.720824134157,0,567
10,196.824859931843,347.623304260767,0,568
10,553.230963339793,208.760128997093,0,569
10,490.120701255981,441.276441775208,0,570
10,367.491828188691,370.992771103809,0,571
10,578.955991105434,116.28115681801,0,572
10,650.436650678552,667.273756853054,1,573
10,74.1950921145165,413.586764468864,0,574
10,370.128012905785,653.832294802679,0,575
10,57.1075332060972,442.30138937236,0,576
10,556.003154091132,661.110799217885,0,577
10,397.461395464745,359.028155682233,0,578
10,241.038864628821,463.689989413789,0,579
10,340.670735038814,633.140641164811,0,580
10,505.454966309726,513.521246780588,0,581
10,717.540192482584,628.887783554686,0,582
10,776.151505994641,419.719163292847,0,583
10,168.838647245715,617.389661961877,0,584
10,110.693013442909,594.082879161098,0,585
10,254.461253248119,788.030776563337,0,586
10,186.241409891858,397.062990200154,0,587
10,656.211937846811,106.706914164983,0,588
10,636.46888053467,707.65806182122,0,589
10,239.916193374957,263.874435830732,0,590
10,695.107602339181,144.374611613208,0,591
10,633.096407400232,426.575605708382,1,592
10,607.841370835873,423.664046681438,1,593
10,430.769338574801,322.352294886855,0,594
10,47.2417440468821,479.90581073831,0,595
10,365.302887469907,310.932041487082,0,596
10,399.333198711208,608.063916049493,0,597
10,146.262013139462,101.871768976744,0,598
10,491.634320834832,637.855856285355,0,599
10,110.533767872945,707.107789576638,0,600
10,77.8244690428189,615.111831733594,0,601
10,654.688379281071,377.68281816607,0,602
10,572.732407506071,213.316183163064,0,603
10,699.438808901849,436.635688394792,0,604
10,179.084974311953,778.564940118299,0,605
10,41.7659161570716,324.182457627964,0,606
10,732.913153478255,667.285833036216,0,607
10,426.781938221799,551.599435062609,0,608
10,458.26507806229,536.412901591409,0,609
10,558.799395738204,130.078157208089,0,610
10,558.262694049024,767.941747773231,0,611
10,457.072574641867,599.389450581564,0,612
10,214.693642560967,416.500653594771,0,613
10,658.465934988954,405.449687082757,0,614
10,346.626840924254,785.721181644766,0,615
10,451.49635198339,656.426477677116,0,616
10,133.502667853434,10.2622735499184,1,617
10,784.6352096204,461.774421968783,0,618
10,234.364542631403,157.673574557863,0,619
10,253.588971959266,530.238988692867,0,620
10,592.123939059854,404.440749528649,0,621
10,736.383665283214,478.86890565483,0,622
10,764.637882771043,87.8602444501241,0,623
10,598.21488590811,559.212881591119,0,624
10,595.783113732625,182.173818973697,0,625
10,443.165780815673,213.399652742778,0,626
10,522.083093575257,92.9027791546876,1,627
10,593.041067640262,353.580125108914,0,628
10,237.603222690551,502.033570425009,0,629
10,737.251710654936,545.382697947214,0,630
10,431.018812409282,237.669811883622,0,631
10,294.558753707424,344.610186248246,0,632
10,309.39607842369,485.028437174914,0,633
10,151.685592593425,795.294277097793,0,634
10,505.002491293242,208.089995427736,0,635
10,188.51906100663,274.262882165356,0,636
10,210.418096635647,382.490893222739,0,637
10,290.399937409787,43.6067571882944,1,638
10,494.219267575846,685.533828848569,0,639
10,591.024231985788,678.255560230573,0,640
10,554.178451178451,458.339856902357,0,641
10,408.149637831126,252.283678256071,0,642
10,615.433218264994,510.746176082625,0,643
10,267.233389977015,31.7519792546608,1,644
10,393.445192434601,671.117739707345,0,645
10,753.481241880649,400.177404018906,0,646
10,704.982783687943,412.402018147685,0,647
10,775.651222585911,553.09493880727,0,648
10,566.595982211655,611.547887634018,0,649
10,66.2090994672431,646.31082658841,0,650
10,778.258126710155,129.986579229279,1,651
10,188.607923203668,720.026833509959,1,652
10,665.084197168939,264.183971148067,1,653
10,677.807057355507,762.627485285673,0,654
10,486.092273685116,532.298125403174,0,655
10,143.867959004839,521.447407703738,0,656
10,292.88726993865,441.477505112474,0,657
10,269.152707335956,458.261086686891,0,658
10,692.577861533236,483.680803139369,0,659
10,81.2449754929556,203.020835116005,0,660
10,124.01987384506,502.612388948117,0,661
10,758.639755296609,110.514501032801,1,662
10,738.500355236635,89.7092645430543,0,663
10,35.1585913382788,364.933238144176,0,664
10,295.010128913444,157.843612821415,0,665
10,396.582184890236,433.448444565817,0,666
10,640.626593495569,77.9328010435878,0,667
10,73.8759783151521,343.777901489614,0,668
10,183.129325373431,443.105509815481,0,669
10,57.5904751088043,91.1349360450402,0,670
10,159.475838324573,283.01523041193,0,671
10,51.9323987561171,760.603423532285,0,672
10,540.250798073836,625.803741894061,0,673
10,80.7742161254199,46.1835456326988,1,674
10,468.082877869029,786.785330828148,0,675
10,322.481373330536,438.714237465911,0,676
10,110.419282748857,558.486652509135,0,677
10,296.69141952913,752.01658995325,1,678
10,503.006229955304,279.220073797908,0,679
10,780.514870718894,503.207832769614,0,680
10,363.541260097949,431.943053155546,0,681
10,530.549830665947,576.487149093888,1,682
10,756.179035404968,186.930018876305,1,683
10,460.63575690089,626.613890208023,1,684
10,335.918661518662,263.795521571992,0,685
10,609.956675112836,784.949774988782,0,686
10,652.398663317684,744.350987401936,0,687
10,379.634917875817,770.177255998072,0,688
10,720.320708496344,600.96192987669,0,689
10,792.031484194555,311.891059603666,0,690
10,339.96889350053,186.704598640057,0,691
10,310.336481107168,607.706467732076,0,692
10,670.127813186813,433.312468253968,0,693
10,670.851644761635,25.2785261687372,0,694
10,190.212211156249,549.484518071997,0,695
10,685.451149621572,614.298298844378,0,696
10,210.071379391379,314.279267115679,0,697
10,132.758064991974,305.874580242093,0,698
10,393.006679090454,315.812335567527,0,699
10,482.911589270081,757.949472768886,0,700
10,94.6602020009596,234.866206996303,0,701
10,313.416936874178,302.039107185902,0,702
10,371.482785848366,252.325028249968,0,703
10,44.5048105492357,606.922698213016,0,704
10,354.246107844141,756.386667348926,0,705
10,224.380886175422,350.915836938656,0,706
10,793.771389966243,607.172883897149,0,707
10,102.731035148473,67.0783498437443,0,708
10,122.63885360402,660.286948912116,0,709
10,503.037617628064,168.38315088871,0,710
10,481.535043360321,718.318110816553,0,711
10,528.895998349308,250.158079667139,0,712
10,225.613979777515,547.919840205506,0,713
10,767.96830796451,442.36374157625,0,714
10,34.1583610107042,697.005315102939,0,715
10,468.164420487725,83.0964764132288,0,716
10,722.348453759978,436.590879694561,0,717
10,447.679318089488,569.04894772264,0,718
10,565.520764638299,640.588080817628,0,719
10,236.822064239334,99.3219558318858,0,720
10,217.063329055117,229.594192772827,0,721
10,592.273577357736,140.93443818066,0,722
10,70.1119944694089,224.00962092407,0,723
10,352.600379828165,349.839236872817,0,724
10,657.094514074015,570.421628934071,0,725
10,778.462768530087,203.765637265345,1,726
10,784.125593967529,34.9631356296642,0,727
10,80.9598068764736,587.945919973698,0,728
10,46.7303178228789,195.253887196935,0,729
10,284.442588879085,367.325473650437,0,730
10,512.921682685805,735.113563293208,0,731
10,449.942359559731,472.434307769991,0,732
10,368.879557849313,488.840121090884,0,733
10,623.566145192161,190.965403865681,0,734
10,439.014309854391,98.2881590612122,0,735
10,481.824457799055,287.038277647831,0,736
10,464.548719140769,347.741631799163,0,737
10,770.115902442592,581.631095509726,0,738
10,301.794551047636,581.795296625648,0,739
10,248.281148477775,226.643912719256,0,740
10,419.423985777081,768.057504518546,0,741
10,210.183225352526,579.450685507119,0,742
10,107.273336551622,336.039861372393,0,743
10,11.7652732039572,83.8797587036869,0,744
10,643.916749741117,520.213211220331,0,745
10,112.35213004024,157.580410815472,0,746
10,545.439319934436,546.241569035125,0,747
10,447.600906052172,438.050377191719,0,748
10,565.95347413583,293.469220981892,0,749
10,62.9689318217241,385.974264920139,0,750
10,127.958114801865,736.344255050505,0,751
10,243.867740034248,303.28424681717,0,752
10,676.214978592498,359.708258479213,0,753
10,206.510854526527,181.502015828199,0,754
10,743.470213486221,453.300467691362,0,755
10,745.805518557318,766.114430559713,0,756
10,527.954893185344,179.341894915861,0,757
10,668.942886652234,552.456337358627,0,758
10,530.946683460365,409.485340896538,0,759
10,87.4590072419135,544.477950412402,0,760
10,275.600971572053,393.516749075136,0,761
10,57.1788383108666,582.223359758066,0,762
10,424.893253597735,45.8779734115869,0,763
10,399.106240055582,204.525121966288,0,764
10,65.465059344614,526.269976181413,0,765
10,440.765738019492,288.81276523759,0,766
10,702.07802221326,37.6100452827873,0,767
10,424.527034454252,350.90815587253,0,768
10,595.526647338049,15.8217811451371,0,769
10,225.196888090964,668.105625374028,0,770
10,584.384534543326,314.170795060283,1,771
10,532.892227657853,701.44848521411,0,772
10,166.966876033058,354.868025186934,0,773
10,261.871157348317,125.260715323392,0,774
10,744.198276853101,303.527385415105,0,775
10,130.582144743793,81.2313787638669,0,776
10,7.29124162323157,414.021866468106,0,777
10,5.58038903820638,444.958998174168,0,778
10,4.14106665552957,122.739945985076,1,779
10,6.04928519961486,369.832179195334,0,780
10,558.727578636112,93.8073420809462,0,781
11,533.830514652665,779.966312686695,0,1
11,564.796510115983,387.263178171963,0,2
11,702.207313109426,113.528098792183,0,3
11,750.499700058396,644.334817115252,0,4
11,290.753894335512,467.434826615832,0,5
11,297.919575395657,686.995411742854,0,6
11,710.979289270654,354.234595129886,0,7
11,314.569462906413,175.983914136878,0,8
11,109.994882983549,243.704252150172,0,9
11,178.862738797217,803.089894510587,0,10
11,691.743928148893,641.063559425094,0,11
11,257.751566687281,596.986401116921,0,12
11,754.182061684378,522.346741514789,0,13
11,264.111716989287,650.041184576437,0,14
11,572.375478494729,238.005368138304,0,15
11,690.152918069585,385.269538188277,0,16
11,604.012992831541,705.217625448029,0,17
11,764.31320341107,769.858342496309,0,18
11,674.191997573709,733.959166829142,0,19
11,21.511735374045,721.536029713377,0,20
11,142.719810803988,551.182472761889,0,21
11,465.245464357023,164.69320597917,0,22
11,690.330519336809,516.711944724991,0,23
11,702.934591680255,670.925085410358,0,24
11,489.698197001629,377.615552724488,0,25
11,14.577480523337,310.676599748443,0,26
11,81.1162549642819,665.110896637609,0,27
11,564.08258770281,432.913511787181,1,28
11,369.957932567209,221.363274891037,0,29
11,75.1173189559264,148.987332477535,0,30
11,120.718217524404,389.660753480044,0,31
11,794.935014526286,380.211991579996,0,32
11,216.206648553827,499.367515219456,0,33
11,508.358832375243,416.292995410135,0,34
11,187.586319755925,107.562856542934,0,35
11,588.678519530122,770.511082539471,0,36
11,306.647606829977,122.207384557058,0,37
11,447.690039700487,695.471611638776,0,38
11,341.126798922862,651.155682812376,0,39
11,257.463517039897,83.6736275628089,0,40
11,514.147221636903,15.6162253361195,0,41
11,81.2030356350737,174.217957852211,0,42
11,416.62460044028,458.164530945572,0,43
11,391.731111178134,635.989244447125,0,44
11,581.717832382135,713.218141767725,0,45
11,735.541269173711,33.3693286273007,0,46
11,11.7441603506529,789.193553100173,0,47
11,631.768369175627,326.496671786994,0,48
11,407.782658620538,336.315774905727,0,49
11,608.648310051701,216.830144288545,1,50
11,238.12855023052,653.619014297696,0,51
11,121.194449100458,213.940084498432,0,52
11,638.91192210085,788.096790062157,0,53
11,267.166504282873,420.663827487517,0,54
11,704.493970714901,84.5554592229929,0,55
11,146.702484522026,775.988098741591,1,56
11,733.769945410775,178.495193774794,1,57
11,758.255680868839,11.9618629908104,0,58
11,766.004213483146,729.714119764678,0,59
11,719.953342568912,501.812434877333,0,60
11,137.614394639341,37.4482972627414,0,61
11,788.146860675066,356.886413807185,0,62
11,107.42080872624,30.7535934424113,0,63
11,44.0050177884193,243.808178445576,0,64
11,155.226216189322,667.401347354167,0,65
11,561.137144654913,520.505444685028,0,66
11,98.1917052249655,125.448229162716,0,67
11,230.854378308771,35.6493969690466,0,68
11,730.486902552982,783.669299010403,0,69
11,293.078304271717,662.513736603074,0,70
11,280.407675624357,625.682997031373,0,71
11,357.281934609669,409.836200716846,0,72
11,372.407254764453,30.4020285682649,0,73
11,429.228327429196,529.567975264772,0,74
11,440.134829650984,399.46272787901,0,75
11,472.359062133519,56.5285846399977,0,76
11,575.495254186312,746.950099663562,0,77
11,308.665465566055,715.458720205914,0,78
11,658.101561432778,691.946221477214,1,79
11,476.426727865328,403.437674277492,0,80
11,464.069806763285,302.313144122383,0,81
11,176.438926031192,699.33440992184,0,82
11,243.358880924155,576.265531784457,0,83
11,786.193319872668,76.7730370121674,0,84
11,23.5685235494087,157.399272162013,0,85
11,371.308986126412,625.760978427413,0,86
11,493.592299069611,339.673355005044,0,87
11,367.043283579821,155.924324209323,0,88
11,100.568081714349,632.888202250868,0,89
11,548.071056388794,275.086031928221,0,90
11,732.601111266938,579.707157787884,0,91
11,89.7937259381398,508.06884814883,0,92
11,622.03795097423,396.337557091976,0,93
11,569.399734315153,576.170335754917,0,94
11,45.6191881158443,167.790727419563,0,95
11,766.228707210688,293.919424563715,0,96
11,617.19306054768,85.9059397494513,0,97
11,225.874051644949,737.245892689059,0,98
11,480.835928868357,179.937796065352,0,99
11,130.426749162368,621.121899074515,0,100
11,344.676031746032,239.300802005013,0,101
11,777.526426944988,639.210884234145,0,102
11,337.098786231785,47.6704349610052,1,103
11,625.903255426961,159.540829635404,0,104
11,223.088691286423,767.986241097763,0,105
11,482.549336201186,609.660394994332,0,106
11,53.313055053812,721.502399208962,0,108
11,542.142913961413,66.9643913754202,0,109
11,740.243850749032,145.397348840852,1,110
11,366.826071183777,189.296338415501,0,111
11,476.03619033472,324.203903884786,0,112
11,517.99632335358,552.485772673649,0,113
11,308.059936170972,531.878135736309,0,114
11,660.65529663402,330.226303050771,0,115
11,22.0271655629139,395.203451066961,0,116
11,124.022447969926,183.749350467026,0,117
11,117.736068463629,275.897523754147,0,118
11,156.083652020651,425.624841960528,0,119
11,678.272210570074,95.5182264799803,0,120
11,42.830405883241,785.586276675487,0,121
11,294.538946162658,512.483374807442,0,122
11,151.915008533677,755.005179546302,0,123
11,777.636342686763,666.867457169978,0,124
11,147.4946097536,401.736892328703,0,125
11,244.646411485002,728.805191897927,0,126
11,713.146128076042,232.180235549186,0,127
11,655.985005367001,773.116038235083,0,128
11,265.75528241912,281.816099183477,0,129
11,90.2888435487453,687.072990625298,0,130
11,336.29036419963,80.5931958139711,0,131
11,210.77403446227,153.344143927967,0,132
11,340.196080335467,163.752355378994,0,133
11,626.578012685794,37.4457661986274,0,134
11,125.599505840072,428.81738952871,0,135
11,61.369586143811,362.365409111504,0,136
11,150.262646793135,172.028229448961,0,137
11,444.332207040656,726.963483183351,0,138
11,801.631309243257,176.463346727899,0,139
11,631.803970921265,243.233223714304,0,140
11,180.124221022019,751.931011401929,0,141
11,534.664954669768,496.292355772337,0,142
11,577.017182477575,540.187926686974,0,143
11,237.54526233285,198.450103509544,0,144
11,206.88961718162,474.089083251404,0,145
11,666.54557995078,56.2801075754156,0,146
11,141.547894543194,484.125589732715,0,147
11,549.654552287947,26.0297091455763,0,148
11,176.273618912305,583.733827933291,0,149
11,797.620140670204,406.170051653256,0,150
11,35.8376033986025,645.233720985276,0,151
11,304.563410419989,226.701701222754,0,152
11,157.256200023869,250.806578947368,0,153
11,753.523064634456,353.387459435683,0,154
11,269.029841291011,204.681305490988,0,155
11,334.705097584956,730.226684499855,0,156
11,697.151591275941,15.0329273197041,0,157
11,631.141752741808,119.506649199711,0,158
11,47.5125019140623,67.3768943042445,0,159
11,191.016805025085,513.17230273752,0,160
11,117.172310637223,683.628695159397,0,161
11,163.23907506377,86.5903555062575,0,162
11,480.169909402652,225.117354170843,0,163
11,635.652311815191,552.164818521157,0,164
11,171.614355206033,315.143476662928,0,165
11,786.702499016135,769.131416765053,0,166
11,425.052605329999,272.406977945446,0,167
11,149.883820731684,705.200471850842,0,168
11,649.265041406836,643.145434171808,1,169
11,282.864729782413,112.901700941335,0,170
11,197.436660858768,83.1503915324842,0,171
11,644.692989675836,296.890246552595,0,172
11,219.095208869145,55.4366086041618,0,173
11,749.88254138759,220.219840768356,0,174
11,48.5373166887837,627.36892114989,0,175
11,784.113144400675,272.950751622901,0,176
11,288.31101096926,789.198839402292,0,177
11,452.953325003542,263.486313879515,0,178
11,146.355776562893,329.734038610796,0,179
11,305.236336514737,632.700134667103,0,180
11,102.801217542098,198.347210777884,0,181
11,669.326978939724,129.715368554829,0,182
11,386.558639359699,386.962010357815,0,183
11,525.904630903255,275.095827602017,0,184
11,266.433406199535,752.711115049825,0,185
11,505.942810312994,237.35640757038,0,186
11,384.82460923937,411.891047299762,0,187
11,787.588820858,335.91470221251,0,188
11,767.623813231303,480.146511990034,0,189
11,718.47072855852,700.15192804774,0,190
11,273.301924372711,14.1615380318471,0,191
11,651.102275439099,471.945480542828,0,192
11,417.91360622673,699.046884265184,0,193
11,509.560732248036,781.822575125108,0,194
11,80.3992924756109,295.193129742318,0,195
11,400.63956400507,516.581467680608,0,196
11,281.037807906426,79.9585717443088,0,197
11,367.802753815269,55.6200798802343,1,198
11,325.164433085817,368.857288170074,1,199
11,135.436492333096,258.268457407584,0,200
11,498.953847734248,312.443078187398,0,201
11,176.270443850706,236.401237059355,0,202
11,416.94703528304,17.3403940954913,0,203
11,626.784734569373,731.448646449508,0,204
11,174.237070635947,649.736861855715,0,205
11,694.506211402616,717.528513022896,0,206
11,303.571328940112,61.2274620739935,0,207
11,493.355207752479,99.4780778096831,0,208
11,555.110341219491,168.643616177637,0,209
11,381.287540336647,694.494309262166,0,210
11,773.526354413987,385.149905268964,0,211
11,493.27939180619,24.7371702181634,0,212
11,684.260990275917,121.045487864939,0,213
11,304.979719201619,387.706011391988,0,214
11,41.2692618904138,505.135784550879,0,215
11,344.307081915296,550.833599215353,0,216
11,590.533361663061,97.1017097823913,0,217
11,668.891280770736,151.502741181074,0,218
11,35.9160120981472,119.859567087434,0,219
11,318.692112658847,552.315252661019,0,220
11,298.348786717752,91.0279993989933,0,221
11,440.47920696325,194.285912314636,0,222
11,46.3660444565818,218.507027046163,0,223
11,705.363361344538,56.9840826330532,0,224
11,397.452469622035,32.0732372601938,0,225
11,317.739113805117,772.740274763651,0,226
11,348.566215565583,139.24455038485,0,227
11,70.7529236292601,247.714007351971,0,228
11,654.179974045235,603.375921085156,0,229
11,216.146064659978,614.881628178585,0,230
11,166.376154693783,467.942475663472,0,231
11,13.8110148277851,670.620213306363,0,232
11,191.669266770671,46.2571502860114,0,233
11,272.742576493615,244.267037337893,0,234
11,336.709241781695,475.679703466563,0,235
11,273.160641207647,150.080370054893,0,236
11,110.261284113563,477.326787882954,0,237
11,802.56320230198,436.169094753918,0,238
11,546.012100939055,236.216745439748,0,239
11,105.218608439585,441.551282854547,0,240
11,701.695899825007,249.221604144213,0,241
11,164.933422514305,496.50347147406,0,242
11,168.483029381966,137.014110711983,0,243
11,250.580098934551,671.795091324201,0,244
11,703.786035927952,263.180891480308,0,245
11,627.283747981618,265.219701634309,0,246
11,85.1366029346892,453.627103116559,0,247
11,710.361058081077,130.24891167296,0,248
11,789.497412452151,103.384723593621,1,249
11,616.926160360919,534.523567177624,0,250
11,525.224761011346,339.083579022603,0,251
11,605.764766241652,478.662091681846,0,252
11,731.364677803546,63.7313828867897,0,253
11,169.427067704943,111.63466088351,0,254
11,203.306674028316,641.400782219662,0,255
11,621.10636919869,14.306978421812,0,256
11,628.453608997113,619.374522684578,0,257
11,630.332136732656,488.93048591213,0,258
11,674.89876615323,169.975736110079,0,259
11,148.030688866818,203.828966387447,0,260
11,328.899316622282,399.26072668179,0,261
11,212.616504462399,678.5168236462,0,262
11,474.094780615961,475.801554435545,0,263
11,443.451977492656,777.783515106804,0,264
11,82.563338683556,723.573225750477,0,265
11,774.715565227533,232.245707691873,1,266
11,326.078774486383,690.040599360901,0,267
11,456.361821669064,115.402981332073,0,268
11,603.234204612437,236.359803271441,0,269
11,534.242320670958,149.021648893476,0,270
11,283.872521704018,728.956050878256,0,271
11,569.792839197336,351.940024179229,0,272
11,587.795969528844,626.9028442944,0,273
11,269.723398870491,689.719836431703,0,274
11,469.231650989467,16.8278901330353,0,275
11,82.6371418925907,12.0136320350629,0,276
11,365.586715956707,102.954793914783,0,277
11,540.098752247201,376.239314002955,1,278
11,297.515504056339,194.684280329471,0,279
11,133.475660603339,458.194402649899,0,280
11,406.497039892799,120.940544132507,0,281
11,472.421452355422,201.887928570981,0,282
11,325.763019417858,230.240056717476,0,283
11,380.239424842553,559.869365910413,0,284
11,394.489490975747,284.449303440496,0,285
11,328.759652560496,125.902438627289,0,286
11,428.649663705018,746.053346756971,0,287
11,472.189152409953,506.164964026013,0,288
11,213.943786275161,15.8230184659998,0,289
11,30.8007657841187,51.001870868092,0,290
11,521.693344547148,308.937855276893,0,291
11,550.614949176306,337.842071837498,0,292
11,733.141797480101,120.54549666274,0,293
11,294.678350086825,14.8533537554724,1,294
11,658.322613591035,234.460183491762,0,295
11,629.645493023515,762.532509092778,0,296
11,52.4785541848884,23.4446883136581,0,297
11,415.713217164307,297.963535692282,0,298
11,686.991407961061,340.939004172696,0,299
11,20.4499474831185,768.385846249891,0,300
11,44.4191312345302,140.015003560167,1,301
11,648.952816349243,164.657160802961,0,302
11,666.398924294917,214.946936918947,0,303
11,425.609371021136,426.596175660347,0,304
11,676.800893524886,689.506528330568,0,305
11,19.2086251473072,191.8130217365,0,306
11,266.479934364745,573.227334756667,0,307
11,237.209831484234,402.636381558639,0,308
11,251.272803042612,176.105303408697,0,309
11,627.713017281124,584.38949142303,0,310
11,125.270642184031,124.746003330073,0,311
11,402.619976037977,154.388079988209,0,312
11,27.9594417995887,443.017671728622,0,313
11,789.913635599032,248.545069204525,0,314
11,20.5168256005868,599.273340872506,0,315
11,27.9241291745372,745.333961996775,0,316
11,490.449108797581,582.169356205301,0,317
11,200.297215840169,759.443888263533,0,318
11,677.055553418187,661.382430829406,0,319
11,336.969437587273,417.075034285857,0,320
11,360.001751935639,454.554056512194,0,321
11,799.461375369524,487.432898978466,0,322
11,524.745318104795,526.661828367711,0,323
11,596.820763916417,525.540497845612,0,324
11,504.919027937169,63.4564973203312,0,325
11,560.710889038182,707.400483868388,0,326
11,769.323839270988,169.258947715652,0,327
11,71.0322188711888,698.333209130787,0,328
11,284.630891592266,568.759794520151,0,329
11,182.985064715541,156.803684117325,0,330
11,633.879240084012,57.4695945318018,0,331
11,447.385604816639,19.1108374384236,0,332
11,724.738278830864,756.066459013306,0,333
11,718.588979667675,382.238266178266,1,334
11,247.75223142847,330.782201122925,0,335
11,526.252397067118,667.505358150028,0,336
11,715.726556492859,545.400607037448,0,337
11,47.612381869784,277.789264946381,0,338
11,300.540990330698,418.364882279295,0,339
11,267.400283627176,330.408126764431,0,340
11,86.9382659092573,390.628089006057,0,341
11,616.040224910265,307.701128284719,0,342
11,557.62852463847,730.782012632788,0,343
11,759.124772874394,675.429311294151,0,344
11,238.906553188822,367.70587059764,0,345
11,10.6413423510467,141.965127214171,0,346
11,419.461200448766,632.175595815212,0,347
11,603.956188277543,737.245799666538,0,348
11,9.37814937348165,572.605670830137,0,349
11,341.463412320027,107.571841125264,0,350
11,486.989775979224,134.004029411394,0,351
11,598.516328884964,255.187948931584,0,352
11,115.52428874092,528.630392453592,0,353
11,731.851460315394,285.433425435067,0,354
11,503.331714865955,485.242249093215,0,355
11,362.574281666008,717.852732744607,0,356
11,317.671295772167,71.111644464571,0,357
11,604.889277102195,40.7130540268655,0,358
11,148.538821682769,148.164664014506,0,359
11,102.644025356577,411.370589329107,0,360
11,385.986373482275,136.148865706243,0,361
11,743.58446473333,425.878620213779,0,362
11,36.5417874291124,292.131681786125,0,363
11,606.011153198653,123.972859694506,0,364
11,691.195835930627,542.761874383834,0,365
11,427.1069517744,600.452309266828,0,366
11,394.261667280422,487.683564119303,0,367
11,88.1918347172796,318.701481785645,0,368
11,567.996202208774,799.642798313045,0,369
11,755.702988309096,44.6964756201882,0,370
11,66.4057699856979,271.451386481603,0,371
11,696.845722591362,578.664336471023,0,372
11,447.012553302353,54.7918655104876,0,373
11,631.18711842631,139.655416512815,0,374
11,321.403934424116,147.544384275197,0,375
11,24.4514392581343,503.555174645313,0,376
11,460.901429085764,369.461648591987,0,377
11,235.239104419085,698.323837917271,0,378
11,388.992154661982,464.000958639686,0,379
11,726.679050521445,162.395555104718,1,380
11,322.129479309854,581.950358265788,0,381
11,690.355839432247,216.489396762032,0,382
11,14.6635950789163,16.1716043603711,0,383
11,360.053829058292,674.352851692037,0,384
11,512.292128725511,458.388603851966,0,385
11,346.969889737065,608.393321779434,0,386
11,204.446202919887,732.583923914831,0,387
11,53.963382089309,670.815438883004,0,388
11,766.8502811168,63.3072063561604,0,389
11,481.567728118018,262.35015987663,0,390
11,571.165380428612,267.796724968111,0,391
11,608.895129154751,606.584106855437,0,392
11,586.803842787739,595.376722436299,0,393
11,523.495151446655,645.323523206751,0,394
11,211.897266859674,449.94373271364,0,395
11,699.04212464452,162.744243673414,1,396
11,348.715811387871,213.257760711362,0,397
11,252.104990876678,51.2409585208296,1,398
11,529.493293032783,209.238118876833,0,399
11,391.097224212343,178.158662731534,0,400
11,523.830044806182,475.062105205464,0,401
11,108.199370672195,303.421343005036,0,402
11,716.953683062344,207.894898080922,1,403
11,703.273834648207,299.506107512688,0,404
11,92.1217653616631,274.691091219096,0,405
11,619.793624023963,349.117316042933,0,406
11,89.9886545409016,777.513944028281,0,407
11,333.580950244079,27.6959643949323,1,408
11,62.2049930818507,304.349658317358,0,409
11,318.939491761377,667.938574900726,0,410
11,348.749812563962,575.323565350268,0,411
11,250.059178565563,623.684131350454,0,412
11,257.828762394012,377.826135139614,0,413
11,652.22983378721,20.8412158628582,0,414
11,450.204478306621,330.214677432411,0,415
11,353.902551020408,13.1817389455782,1,416
11,741.591311228444,249.597763919972,0,417
11,128.916691811282,790.775455185499,0,418
11,289.56085089815,535.708861072412,0,419
11,371.015022002742,593.400663668669,0,420
11,587.37226835269,499.840456118769,0,421
11,28.6772835674556,262.268862169504,0,422
11,432.540913006029,140.936543092689,0,423
11,289.868490471642,287.796462027837,0,424
11,410.817277553313,723.093234649321,0,425
11,183.487827721308,64.6793316000364,0,426
11,582.22877767335,66.8904526942356,0,427
11,604.512526854299,72.6309098777453,0,428
11,553.094017105833,44.812682371591,0,429
11,701.30872098232,748.219086368725,0,430
11,614.707627745373,672.492700744649,1,431
11,369.208186400181,800.977775784619,0,432
11,129.759386883742,349.157042051538,0,433
11,631.653198259744,687.666426961983,0,434
11,508.5165375974,133.874541684593,0,435
11,321.624663684145,204.15843605306,0,436
11,172.120546185503,183.489246378191,0,437
11,225.307734204793,642.349120287846,0,438
11,187.980783895448,131.414767614354,0,439
11,143.305089039694,232.123727801747,0,440
11,473.579486531987,123.182432659933,0,441
11,667.99222786238,530.891834461365,0,442
11,402.14589998815,547.147380636605,0,443
11,803.35955715079,58.7023854193245,0,444
11,532.312891631789,119.630112114364,0,445
11,231.387236686276,130.906018599414,0,446
11,688.67487777108,183.557166555901,1,447
11,653.846471471471,137.117867867868,0,448
11,707.766372994821,190.63027346217,1,449
11,606.287066353842,649.508792510421,0,450
11,745.794333970547,270.79936995784,0,451
11,458.595002536783,237.576915957053,0,452
11,515.47749866856,42.0185548075216,0,453
11,622.127106658227,646.355814244834,0,454
11,436.856547450759,126.551757610027,0,455
11,742.63681478272,741.04754747978,0,456
11,530.838349739681,441.930586731513,0,457
11,709.460139396194,461.922789156834,1,458
11,31.7091076754734,537.834007256935,0,459
11,730.057190381956,217.839663330416,1,460
11,428.642150281281,158.758230336491,0,461
11,548.213258412598,313.396093229794,0,462
11,717.88796009877,308.853590907241,0,463
11,662.18407115553,183.755625315879,0,464
11,378.347805192764,525.485702078382,0,465
11,397.992762412144,97.7086693281806,0,466
11,8.37882045580047,247.734153419572,0,467
11,744.001072665315,713.495733865565,0,468
11,422.556510643581,61.9442845799252,0,469
11,408.387901125207,576.491071459957,0,470
11,660.249424187662,198.305103416938,0,471
11,480.188099243822,455.162860149306,0,472
11,158.295898882809,727.62022628819,0,473
11,764.100453514739,261.986394557823,0,474
11,422.860514729716,480.770156083827,0,475
11,421.549137336094,185.365809568334,0,476
11,787.748125866375,704.25440074039,0,477
11,803.091186366376,578.280160282755,0,478
11,625.813641328091,370.121803553226,0,479
11,670.30811984891,306.088005578101,0,480
11,530.777872132124,33.8678521261652,0,481
11,737.391229524671,369.137917462232,1,482
11,396.646850396982,803.290077333817,0,483
11,178.920874968272,209.828973961924,0,484
11,15.071838032206,214.615887574478,0,485
11,141.651254232683,368.94349492078,0,486
11,7.56025714303274,702.86259195752,0,487
11,267.866085921592,547.09562744367,0,488
11,362.779862036861,76.6077175776043,0,489
11,454.537678555554,177.51706483444,0,490
11,306.738408537602,259.77517331895,0,491
11,722.447063853684,725.079368482853,0,492
11,207.581594551282,788.970500801282,0,493
11,240.042809744763,7.40051211324224,0,494
11,721.979437229437,262.240414347557,0,495
11,393.770659585628,737.378306670164,0,496
11,442.094711510285,507.87211241673,0,497
11,274.775445058318,180.083472133944,0,499
11,402.803950133629,72.4980862481336,0,500
11,564.175370267094,482.653814432268,0,501
11,148.14027743549,122.448772100368,0,502
11,364.863950565563,540.817821067821,0,503
11,407.681515957447,223.965868794326,0,504
11,576.433921831627,41.7972392970387,0,505
11,765.728438907002,700.588426572823,0,506
11,7.40816313080386,476.006489654838,0,507
11,376.721774353365,122.401988458459,0,508
11,210.3347540103,112.009388809872,0,509
11,385.495876169028,722.003500994247,0,510
11,14.3874253806291,343.925648174185,0,511
11,187.095988996144,8.91141496573576,0,512
11,801.218063088264,525.22474488078,0,513
11,310.978880463189,7.32643078787434,0,514
11,459.242193266721,141.422576289495,0,515
11,518.394383093108,592.721524691891,1,516
11,347.997456307899,508.923680859555,0,517
11,158.959334091973,66.0653317837716,0,518
11,99.414043715847,368.514690915301,0,519
11,481.678270417854,154.802566895704,0,520
11,7.47625788038759,176.993416358565,1,521
11,800.55487423536,654.167328750639,0,522
11,324.749374872316,520.676263108367,0,523
11,170.653989233791,22.092475629236,0,524
11,551.127393638643,802.749570833568,0,525
11,5.51543368225533,43.6496190123298,0,526
11,694.641509158395,324.69644945382,0,527
11,799.98826807291,741.054855870345,0,528
11,700.833858025931,782.395402666095,1,529
11,758.810718084558,321.019349326076,0,530
11,602.722776859054,381.533032082735,0,531
11,638.339560963327,178.464431914243,0,532
11,440.270511258484,372.359629475609,0,533
11,723.280126849894,14.4620110993657,0,534
11,225.304039792969,714.463151172951,0,535
11,782.82183908046,7.66768086544963,0,536
11,198.142797201759,662.521403923083,0,537
11,431.4840275617,177.16871169794,0,538
11,38.1587306991823,568.332646355076,0,539
11,589.447965539552,456.289631185617,0,540
11,13.1798210852878,281.876458628975,1,541
11,441.527196443558,803.475645217617,0,542
11,333.958466844682,4.51377392078327,0,543
11,447.182471264368,143.106170598911,0,544
11,413.62565147148,376.967268086888,0,545
11,116.144152534519,101.190904457418,0,547
11,310.902831040857,803.466348925215,0,548
11,566.053641846007,7.65285888576632,0,549
11,690.303369730241,274.72928392604,0,550
11,631.524998384718,450.092816462191,0,551
11,778.747362473738,794.619805038906,0,552
11,242.13189656323,438.678234567901,0,553
11,586.306031261312,162.02888297185,0,554
11,346.015660985721,704.283196803979,0,555
11,679.059814880597,458.442349212587,0,556
11,664.360034503183,498.005747728454,0,557
11,230.058165200023,76.8304546233042,0,558
11,512.273413569241,616.736170164129,0,559
11,377.694641831754,342.159129370127,0,560
11,539.363713996847,746.303207234532,0,561
11,142.998298287022,589.847886671673,0,562
11,44.047515737322,412.663228659564,0,563
11,752.483562022642,609.069772814556,0,564
11,264.953837761938,712.402297959193,0,565
11,731.299214276594,330.708105719084,0,566
11,655.73171891518,719.634503079106,0,567
11,196.343536482256,348.46701019934,0,568
11,552.749482224117,208.726700901943,0,569
11,490.332195700838,442.146184940911,0,570
11,367.710839013625,371.677754306496,0,571
11,578.950526989403,116.640110253092,0,572
11,646.477285901906,666.549801686056,1,573
11,74.2215590810696,413.328534281126,0,574
11,370.690803142505,653.797919448732,0,575
11,58.0086739336632,441.581282897332,0,576
11,556.057088759118,662.232882676273,0,577
11,397.181869501857,359.663037952621,0,578
11,240.548153194066,464.497990807255,0,579
11,341.368387999849,632.95797374494,0,580
11,506.799618186147,513.058107865147,0,581
11,717.148948437327,629.75337175106,0,582
11,776.006769152536,420.660391363023,0,583
11,171.976140474318,616.659893004039,0,584
11,110.4202182197,594.319540166863,0,585
11,254.761382600671,788.077078565814,0,586
11,185.029802000408,397.70850435555,0,587
11,656.207116124042,107.045833048939,0,588
11,636.744281644282,708.309096459097,0,589
11,239.602296296296,264.154202380952,0,590
11,695.954225432863,144.904607652028,1,591
11,632.910238817857,427.016870076198,1,592
11,609.355975429128,416.445604371323,0,593
11,429.811516612276,322.138481254755,0,594
11,46.7340314355653,479.122708199318,0,595
11,365.603690516622,311.078028466278,0,596
11,400.343950431725,607.465715502235,0,597
11,145.467430934956,102.322362294087,0,598
11,490.639329170871,638.359950876451,0,599
11,111.397059743006,707.86037859458,0,600
11,78.811648922033,616.738264048486,0,601
11,654.250767916616,378.502231128521,0,602
11,572.158547102953,214.282869868302,0,603
11,699.502074179665,436.879908761515,1,604
11,178.631756756757,779.214168941416,0,605
11,41.1189819189819,324.184774459774,0,606
11,733.461492897486,668.545165652283,0,607
11,426.279820555109,551.398493113996,0,608
11,458.890776970983,537.337061750069,0,609
11,558.348019537169,130.087128805597,0,610
11,557.914323406001,768.748560231915,0,611
11,456.344070586284,600.539543686396,0,612
11,213.653891834152,417.424370714219,0,613
11,657.100878031775,405.220236565566,0,614
11,345.800750597066,787.572500852951,0,615
11,451.037944838856,656.395795228698,0,616
11,133.010236854138,10.4229090077732,0,617
11,784.474679886985,462.10561206016,0,618
11,234.137502252533,157.198851208051,0,619
11,254.06205921246,531.199288005681,0,620
11,591.763963102286,404.732741822871,0,621
11,736.060537632365,480.069998059193,0,622
11,764.331501800394,88.2234080949793,1,623
11,598.222942558666,560.214529531619,0,624
11,595.146842498586,183.056783832817,0,625
11,443.067673632009,213.544282629584,0,626
11,521.95148666776,93.5564396534808,1,627
11,592.429295366795,355.734636422136,0,628
11,238.824433264638,501.138944451179,0,629
11,737.579874444603,544.897610451497,0,630
11,430.936377760981,237.762262188826,0,631
11,294.226698621409,345.495991658943,0,632
11,309.181345641874,486.026687255907,0,633
11,152.378167645733,798.4036814107,0,634
11,504.415385066512,207.50801112215,0,635
11,188.043618242792,276.447976759588,0,636
11,208.337059969818,383.320394806549,0,637
11,290.446748074507,43.5651624337515,0,638
11,494.638845734815,686.457808569554,0,639
11,591.426332912366,678.34732288845,0,640
11,554.887055526057,457.789121660915,0,641
11,409.425148690856,252.531555688464,0,642
11,614.999964199074,510.765768437477,0,643
11,267.371215177565,31.8111321450862,1,644
11,393.473455123086,670.469114161226,0,645
11,753.684002952395,401.015920166086,0,646
11,704.945322445561,412.312835008375,0,647
11,775.370437983623,553.525204717902,0,648
11,564.985633241465,612.316645156635,0,649
11,68.0280267109215,647.606016731017,0,650
11,777.663440499359,130.420174440652,1,651
11,190.062302079031,718.887125107417,0,652
11,659.537088177452,261.820551234647,0,653
11,677.960988939704,763.913695833739,0,654
11,486.789155472143,532.354171069799,0,655
11,143.470658786372,521.433098938263,0,656
11,292.132756664182,442.436252009809,0,657
11,268.758968332945,459.185030753107,0,658
11,691.878945690371,484.153342136411,0,659
11,81.7767010614214,204.248537938514,0,660
11,124.489920915363,503.239882004038,0,661
11,759.364703242486,111.643388976228,0,662
11,738.213281713366,90.1704144913934,0,663
11,35.7635359432234,364.900478861416,0,664
11,294.476973595242,158.786781085646,0,665
11,396.259878874543,433.832610505951,0,666
11,639.499039569194,78.8469084398551,0,667
11,74.0485708638318,343.476502520374,0,668
11,183.447847359384,442.965020719569,0,669
11,57.4249891358286,92.7599664091564,0,670
11,159.384105271671,284.442043008268,0,671
11,51.416689791155,760.649183011826,0,672
11,538.676266666667,626.406666666667,0,673
11,80.461990248227,47.9552812869385,1,674
11,467.95624030045,787.319417464392,0,675
11,321.217258124027,437.055225179715,0,676
11,111.17369944153,558.283318478404,0,677
11,298.519089197055,753.928512118766,0,678
11,503.329205527413,280.214537570241,0,679
11,780.410213089182,503.344949150202,0,680
11,363.091534445182,433.016402735786,0,681
11,530.531815679763,576.677224267618,0,682
11,756.555240178647,187.460668066394,1,683
11,460.184053181428,626.935402103921,0,684
11,336.285935769657,264.230884705303,0,685
11,610.326043923758,784.13420434096,0,686
11,652.693845368725,745.442645439613,0,687
11,379.363853295539,769.385354618907,0,688
11,720.511298334987,601.283772751579,0,689
11,791.897830779022,312.517828705624,0,690
11,339.6157010873,187.115291162753,0,691
11,309.413240438735,607.927765697535,0,692
11,669.649128078818,433.729442802408,0,693
11,670.543551578575,25.94623473744,0,694
11,190.383257664202,548.54465727889,0,695
11,685.088631402949,615.431499924001,0,696
11,209.349289456384,314.320352141866,0,697
11,133.512063955973,304.523880941394,0,698
11,392.985871133238,316.060554416678,0,699
11,481.894288052438,758.514173443654,0,700
11,94.1553159898101,236.815817633816,0,701
11,313.335192572489,301.30803035294,0,702
11,372.437254345987,252.856137517837,0,703
11,45.3646981690301,607.577699695338,0,704
11,354.079139963154,756.752017049702,0,705
11,223.95519181153,351.538172579018,0,706
11,794.100941171232,607.062426419843,0,707
11,102.516422545072,68.6398859204825,0,708
11,123.162989628102,660.816031429016,0,709
11,502.847307670505,169.845614821929,0,710
11,481.452202844397,719.541709174298,0,711
11,527.868580382486,250.267236928293,0,712
11,225.993125346424,548.752398468778,0,713
11,767.446354683547,443.266345605183,0,714
11,34.6903988603989,696.206239316239,0,715
11,467.621985098203,83.6889817960587,0,716
11,722.099384946237,437.188290322581,0,717
11,447.275753767702,569.039981570828,0,718
11,564.711182827499,641.300626493633,0,719
11,236.450433276198,99.251891081518,0,720
11,216.389329329685,230.854354559776,0,721
11,590.683465714993,141.423539722393,0,722
11,69.8001449769742,224.493774518165,0,723
11,352.191879606566,351.114050809911,0,724
11,657.114107220563,570.67428231675,0,725
11,778.84002391955,202.494692346638,1,726
11,784.212506383915,36.0380807226058,0,727
11,80.9170000414466,587.414928762915,0,728
11,46.6116132561082,195.657342555132,0,729
11,283.617368344349,368.430363397886,0,730
11,512.394300731921,738.08461191514,0,731
11,449.795332425405,472.849789525814,0,732
11,368.587173998677,488.359180249281,0,733
11,623.005268780392,191.56939662203,0,734
11,438.501591300831,98.9917644195583,0,735
11,482.275379995732,287.208620075632,0,736
11,465.202563367009,347.896834024392,0,737
11,770.355311613197,581.964670479244,0,738
11,301.884237308287,582.687688740934,0,739
11,247.158975094556,226.957399620349,0,740
11,418.866948986636,767.968865808716,0,741
11,210.66221462627,579.116658644586,0,742
11,107.38396134611,336.882116364471,0,743
11,11.5856614841577,86.054175481995,0,744
11,643.765085418566,520.690004469277,0,745
11,111.550507386206,158.269462501213,0,746
11,545.521983370469,546.718292264895,0,747
11,449.622415183368,437.122976537382,0,748
11,566.262631080913,293.964328927774,0,749
11,62.5360026371168,385.837591788533,0,750
11,128.569728193285,737.733897870157,0,751
11,243.604514188193,303.217176285968,0,752
11,675.00621262946,360.110650074302,0,753
11,206.436537759654,181.951523457536,1,754
11,742.474562285363,454.452849774875,0,755
11,745.77691025641,766.404782051282,0,756
11,527.616597867217,179.550511695906,0,757
11,668.766833921518,552.126211694039,0,758
11,532.406658486223,411.352125628968,0,759
11,87.5738759181326,543.389648587354,0,760
11,274.689948084108,395.656395719292,0,761
11,57.7456723449211,582.04092106507,0,762
11,423.889621813998,46.2766029172767,0,763
11,404.928463053395,204.379384612293,0,764
11,65.7860561303544,525.267912480632,0,765
11,441.97670129537,288.767738873926,1,766
11,701.329460580306,38.7350687188673,0,767
11,424.519995256167,351.231268636487,0,768
11,595.896421934505,15.8006957426734,0,769
11,224.936667670386,668.09890660864,0,770
11,588.435013987951,311.051469512802,1,771
11,533.460892599251,701.416183427157,0,772
11,165.977058943605,355.536584822003,0,773
11,261.691252578552,125.945900726925,0,774
11,744.176614027787,304.046606580955,0,775
11,129.896606151223,80.7004600744005,0,776
11,7.7315185363763,413.698885674488,0,777
11,5.62087486816589,445.415475906962,0,778
11,4.3646217986897,123.661617364834,1,779
11,6.41466484572091,370.430438697988,0,780
11,557.778670821716,93.7910594281341,0,781
12,533.727639743898,780.150803554372,0,1
12,564.071764071764,389.997493454114,0,2
12,701.976731205303,113.625995697424,0,3
12,750.487045631247,644.216476703457,0,4
12,291.120126561473,467.544349934254,0,5
12,298.532342616034,687.096693248945,0,6
12,711.704215600833,354.81711131331,0,7
12,314.600523582795,175.792396763197,0,8
12,109.782158992223,245.016680815355,0,9
12,179.79494353561,803.036187563711,0,10
12,691.618145789136,641.633721318821,0,11
12,258.925903731852,596.163980937702,0,12
12,754.859253710665,521.689423828488,0,13
12,265.834589255489,649.167355714609,0,14
12,572.529590979129,237.84939534015,0,15
12,689.404170156396,384.002086811352,0,16
12,603.143939885978,704.930856245941,0,17
12,764.669090910373,769.2809559172,0,18
12,674.08961422468,734.517476473709,0,19
12,22.2824263121088,719.664739398231,0,20
12,143.305779308434,550.804381823112,0,21
12,465.496515804598,163.832492217433,0,22
12,690.895705141732,516.372168178941,0,23
12,703.261700733753,672.024651841869,0,24
12,491.354968689788,376.920918834297,0,25
12,13.6680678256904,309.720614243645,0,26
12,80.5991057049205,665.59534694986,0,27
12,568.008252702056,433.439923851832,1,28
12,369.800029446166,222.432935161045,0,29
12,73.1581465648855,150.192923664122,0,30
12,119.596977218332,389.845835918802,0,31
12,795.216943372983,379.664201720427,0,32
12,216.718383880571,498.911650495834,0,33
12,509.330349462467,417.789353053597,1,34
12,187.188676255736,106.990061800797,0,35
12,587.990365099689,770.986888722663,0,36
12,306.150808088586,121.117667473044,0,37
12,448.511905678667,695.360563273247,0,38
12,341.34062998559,651.430957619268,0,39
12,257.895026793926,85.5606080547512,0,40
12,514.862433567112,16.439703610228,0,41
12,80.5874879753784,174.473578493198,0,42
12,416.697114599837,457.988963304367,0,43
12,391.969477135495,634.889807122803,0,44
12,581.381599684791,712.753027663722,0,45
12,736.245372581654,33.3532435014255,0,46
12,10.9271987377761,786.516776017746,0,47
12,632.062901141952,326.686554972076,0,48
12,407.74954986443,335.724066895441,0,49
12,608.551192246079,217.192342887437,1,50
12,240.501142033874,652.326674397357,0,51
12,121.442436706333,213.394591987422,0,52
12,639.875200394623,789.996147749016,1,53
12,266.636590712761,421.567010781869,0,54
12,704.112570492508,85.1034243693718,0,55
12,146.55552359292,776.469042689096,0,56
12,734.224883452797,177.397877833381,0,57
12,758.176106934002,12.5430204298625,0,58
12,765.453886308396,729.587346359775,0,59
12,720.326923421006,501.195374843442,0,60
12,137.746380715744,36.9227526843553,0,61
12,787.575339846466,357.110511827225,0,62
12,106.79359223931,30.1899649600934,0,63
12,44.5335595776772,244.330316742081,0,64
12,156.576354843184,666.746165775197,0,65
12,561.562120277943,519.91933162124,0,66
12,97.7657328720621,126.91756206438,0,67
12,231.002514936333,33.9284695783605,0,68
12,730.916514042374,784.320046566846,0,69
12,293.1353924432,662.994129307113,0,70
12,281.643524649099,625.226763090918,0,71
12,357.048429739628,410.964574658439,0,72
12,371.868704693999,29.9652049910873,0,73
12,429.661441442372,529.471809953661,0,74
12,440.428303898237,399.240970175219,0,75
12,471.917005562697,55.4574145280203,0,76
12,575.102211078153,746.509830316316,0,77
12,308.607863043445,714.792123562019,0,78
12,656.533701740586,691.593214425867,1,79
12,477.509485870176,402.130280477262,0,80
12,464.262721869402,302.180986402866,0,81
12,176.69895380679,700.487029635973,0,82
12,243.483367271047,575.402869903025,0,83
12,785.887902233444,77.3207219958812,0,84
12,24.2369014856153,156.306225314069,0,85
12,371.81115289453,624.811685611551,0,86
12,493.981117777785,338.465237853379,0,87
12,366.840131918675,155.846388973953,0,88
12,101.212569861281,633.295512267915,0,89
12,547.452674197972,273.488541674278,0,90
12,732.634617118909,578.440764833824,0,91
12,91.0516143701683,506.547294224648,0,92
12,622.608346911569,394.281186326306,0,93
12,568.728877094296,575.709254218835,0,94
12,45.7318660472319,167.372686798297,0,95
12,765.985639486119,293.167089779682,0,96
12,616.712929767852,86.4276765598981,0,97
12,226.461826726533,737.227149487654,0,98
12,480.93857882257,178.85473173385,0,99
12,131.581225229219,618.609673646756,0,100
12,345.158562271062,239.300334972046,0,101
12,778.002162530157,639.486136026378,0,102
12,335.505452429369,47.7053331641802,0,103
12,625.904894018157,159.02958148315,0,104
12,222.715173583752,767.765491534529,0,105
12,481.854377946238,609.663647485958,0,106
12,575.737919616351,25.2844808555987,0,107
12,53.2495030050855,720.047160579442,0,108
12,542.187452199209,67.3694162656273,0,109
12,741.252945972297,145.152782914201,1,110
12,366.822700771745,190.195619755333,0,111
12,476.082698194062,323.900497398225,0,112
12,517.788926023823,552.200790211627,0,113
12,306.981690746964,530.871482093246,0,114
12,660.169959473151,330.60663627153,0,115
12,23.1668212212142,395.445219744489,0,116
12,122.857172954579,184.553244266903,0,117
12,117.26092793654,276.191598540944,0,118
12,157.031985432154,425.038972562818,0,119
12,677.728868605227,95.0814336755234,0,120
12,44.3365671815624,785.351337479605,0,121
12,293.527180029712,510.759733789523,0,122
12,152.450754378845,754.815781140948,0,123
12,777.289171248885,666.666440966065,0,124
12,146.350015760054,401.82960466862,0,125
12,245.624870679606,729.602526483359,0,126
12,713.179441291127,231.99370166296,0,127
12,655.859812847749,774.15877841074,0,128
12,265.842957824495,280.222678837524,0,129
12,90.5617817479479,687.113216144336,0,130
12,335.938578213918,80.9329434959896,0,131
12,210.83541358709,154.079520817935,0,132
12,340.342136476831,164.111349553003,0,133
12,625.589314018423,37.1510727706535,0,134
12,125.709809772473,429.051753642354,0,135
12,62.1395552621068,361.075139999511,0,136
12,149.382183887307,172.380935025506,0,137
12,444.007669985842,727.745211865564,0,138
12,802.093666197843,176.063811352735,0,139
12,631.852128033711,242.407669828689,0,140
12,181.277666903832,751.677589554493,0,141
12,535.216773652747,495.195699049258,0,142
12,577.021775266651,540.115674173629,0,143
12,237.693578374027,198.001358541832,0,144
12,208.872939832377,473.709442924544,0,145
12,665.600278759297,56.8212043632432,1,146
12,141.548532215021,484.270986511265,0,147
12,549.727598371809,24.9151933359941,0,148
12,175.971546316082,582.292700380882,0,149
12,795.039154635359,405.684059178169,1,150
12,35.7841011498711,644.779155782057,0,151
12,304.517582541836,226.962912709181,0,152
12,157.418598928933,251.579787234043,0,153
12,753.2619024632,352.987953337284,0,154
12,267.881375961386,204.351316505202,0,155
12,334.143946694291,729.9909919134,0,156
12,696.617662035509,15.6549319752842,0,157
12,631.044219960161,119.70669288161,0,158
12,44.7138912666458,67.699821404039,0,159
12,191.657703671457,509.492425112711,0,160
12,117.31799895739,683.726310603367,0,161
12,162.687612466336,86.9344452238069,0,162
12,480.258546956394,225.799835889139,0,163
12,635.743382486123,552.130290202202,0,164
12,172.108899696136,316.333880113273,0,165
12,786.747097070411,769.028112873604,0,166
12,425.89085240249,271.991724881704,0,167
12,150.578199992813,704.043367954255,0,168
12,649.774233177775,643.687489529736,0,169
12,281.853650210849,112.017652641964,0,170
12,196.523831992738,82.2718422108219,0,171
12,645.235227000203,297.231446307672,0,172
12,219.435474338443,54.201640497377,0,173
12,750.878144899676,218.809876246546,0,174
12,48.8638731147904,627.443456002557,0,175
12,783.399744740636,273.039650975436,0,176
12,288.923838172988,789.071200806176,0,177
12,453.455828732548,262.804428669435,0,178
12,144.951762611399,329.803455695583,0,179
12,305.75050745064,632.819784250659,0,180
12,102.018546451637,198.442379808757,0,181
12,669.471908608594,130.034114970357,0,182
12,386.358162606128,387.041887227759,0,183
12,525.372491522907,273.56637028045,0,184
12,268.452533577534,751.749637800011,1,185
12,506.207256706701,236.449548209676,0,186
12,384.379280049804,412.203697643027,0,187
12,787.469955508367,335.525639899841,0,188
12,767.84674556213,479.840158986313,0,189
12,718.247493356694,700.687849029055,0,190
12,273.346312090244,13.5007397369272,0,191
12,650.749672674137,470.863369362299,0,192
12,418.809767782393,698.561064158271,0,193
12,509.918977418527,782.577198272175,0,194
12,80.4351957477763,294.795692850871,0,195
12,400.240769870834,515.666382514224,0,196
12,281.278010809097,77.9869320894645,0,197
12,366.932155657962,55.1336405529954,0,198
12,324.602836123254,369.725868814491,0,199
12,134.826924986524,258.478590967553,0,200
12,498.828568375192,311.860134902557,0,201
12,177.303883068379,237.420390580475,0,202
12,417.004982454714,17.4937179070303,0,203
12,626.320649842584,730.844570810898,0,204
12,174.892863724191,648.894323715682,0,205
12,693.511819639496,717.782630466834,0,206
12,303.314938937497,60.188154206246,0,207
12,493.703371904779,99.573523592753,0,208
12,555.46852817689,167.563662950636,0,209
12,381.689701720952,693.073133229383,0,210
12,773.25665784125,384.900511250178,0,211
12,493.268456985467,24.8463607594937,0,212
12,684.298696033893,120.900838474366,0,213
12,304.383613733011,388.044376592407,0,214
12,42.357068054027,503.779456924158,0,215
12,344.181050430069,549.5348982267,0,216
12,590.524938159539,97.0727370919777,0,217
12,669.498160786952,151.084065493928,0,218
12,34.4289547292757,120.758008983307,0,219
12,317.635101010101,551.439393939394,0,220
12,298.783994708995,90.3810029567383,0,221
12,440.572203288054,194.23374880309,0,222
12,46.0151979161167,218.926614873589,0,223
12,704.134070802973,57.0291992345625,0,224
12,396.293768020597,31.083917708308,0,225
12,319.285578210277,773.955044990362,0,226
12,349.155742709861,139.737870041283,0,227
12,70.8125868296749,247.474967326315,0,228
12,653.900113186191,602.714195434824,0,229
12,219.381054308011,614.345568827308,0,230
12,167.181145402992,467.898067071253,0,231
12,13.4671883055834,669.037054559791,0,232
12,192.881264731109,47.304907358632,0,233
12,273.285028772255,242.857152512262,0,234
12,336.337279959377,475.180799104792,0,235
12,273.552375679876,149.95519036519,0,236
12,110.420958609918,476.539628617294,0,237
12,802.702584042817,436.23750090471,0,238
12,546.46239052035,236.437403400309,0,239
12,104.22907072669,440.544956820484,0,240
12,702.300674285126,249.080921361033,0,241
12,164.226355425319,496.484817789354,0,242
12,168.1994752345,136.914609071151,0,243
12,251.627218861808,670.572189606436,0,244
12,703.92224715348,263.324158388521,0,245
12,628.200937468087,265.617603410476,0,246
12,85.4936049762371,453.664894154009,0,247
12,710.574452845862,130.555310710864,0,248
12,788.595224800231,103.583998427522,0,249
12,617.271936126235,534.569043838043,0,250
12,524.682522456286,338.309042184786,0,251
12,606.103869803812,477.751321453018,0,252
12,729.797952060608,63.1728039919932,1,253
12,169.110119833516,112.129810115947,0,254
12,205.580087091318,641.805510082377,0,255
12,619.314111077844,14.6134264057466,0,256
12,628.691239989565,619.095552469798,0,257
12,630.054247024215,488.986022613693,0,258
12,675.765620264782,169.906298975678,0,259
12,148.114838394644,203.841594384411,0,260
12,327.339194618077,399.50781277662,0,261
12,212.036056290193,679.906209161185,0,262
12,474.818814244478,475.230772370466,0,263
12,443.057971253742,777.761498164628,0,264
12,83.1565675477392,723.485377635209,0,265
12,774.92266015718,231.34106004075,0,266
12,327.106055564154,690.182070628902,0,267
12,455.543596986817,115.514406779661,0,268
12,602.835847159377,236.389705882353,0,269
12,534.205610571143,148.943873912423,0,270
12,285.088801674516,728.526970172685,0,271
12,569.323023601118,353.415345287821,0,272
12,586.741473023768,626.83620398514,0,273
12,270.340861873073,689.834260311277,0,274
12,470.080268543257,15.1289103199663,0,275
12,81.2491025282669,12.6031654033553,0,276
12,364.900506238962,102.157688143325,0,277
12,540.119770254953,376.428197905564,0,278
12,297.174010660213,194.841778555607,0,279
12,134.428650848443,457.636338916948,0,280
12,404.824048642427,120.692673704875,0,281
12,471.907474650009,201.914813027948,0,282
12,325.437393364546,229.232909621651,1,283
12,379.182390723698,558.916065526009,0,284
12,395.334401772567,284.468845869781,0,285
12,329.009840136354,125.959935643128,0,286
12,428.610367570541,746.125546667725,0,287
12,472.774959402036,506.311617241828,0,288
12,213.648806841651,15.5244420662636,0,289
12,28.4192343292152,49.654606695969,0,290
12,521.920349406085,308.553863324052,0,291
12,549.410578165375,338.027494770518,0,292
12,732.800895059671,120.687231463579,0,293
12,295.486032594856,12.8549203519792,0,294
12,658.628904950504,234.374477282584,0,295
12,630.35103672078,762.220058101703,0,296
12,50.4563954140585,23.0222297009266,0,297
12,415.868507070487,297.242136411443,0,298
12,687.32399959027,341.541512398456,0,299
12,20.6934179635933,767.532068160897,0,300
12,43.35405775861,140.438787448813,0,301
12,649.758978515128,163.498161920502,0,302
12,666.014393405002,214.79121732833,0,303
12,425.621481670639,428.104093153187,0,304
12,676.643643776516,689.772806788043,0,305
12,19.2460300908685,191.061961865038,0,306
12,266.539266757786,572.730312233642,0,307
12,236.909609319815,403.054142817504,0,308
12,251.256348639152,175.094214658647,0,309
12,627.896278412973,584.08084088735,0,310
12,125.536240669838,125.340884963453,0,311
12,402.145271749354,154.696900278761,0,312
12,28.5519980840472,443.313089779108,0,313
12,790.013957448202,248.042822965528,0,314
12,20.4686069356449,600.030769390037,0,315
12,27.9299766727969,744.640209662847,0,316
12,490.129570127296,582.791925178616,0,317
12,200.501674731183,759.304255376344,0,318
12,677.587824387787,662.00665025431,0,319
12,336.240078019372,416.885721014252,0,320
12,359.952062430323,454.63768115942,0,321
12,799.015866909207,487.596338423438,0,322
12,524.993899611662,526.96773697742,0,323
12,597.542461327476,526.063845620794,0,324
12,503.782669129903,63.8948769760623,0,325
12,560.028004141543,707.318948430825,0,326
12,768.655278027547,174.192899279301,0,327
12,71.1225881570193,697.619409243528,0,328
12,285.118093410563,568.610658825202,0,329
12,182.21148920311,156.269588418348,0,330
12,632.588305974564,57.3947796509908,0,331
12,447.200904269039,18.0750778243404,0,332
12,724.550598789712,756.503808366628,0,333
12,719.018033597959,382.297535075416,0,334
12,247.061323618701,330.67547055252,0,335
12,524.831475829135,666.595410538594,0,336
12,715.149612849127,545.489757376532,0,337
12,46.9862965353653,277.358946807729,0,338
12,299.304628220188,418.7758732939,0,339
12,266.460805673032,330.402367946089,0,340
12,86.8428253304091,389.607036374478,0,341
12,616.77673136436,306.722224559084,0,342
12,557.061477982848,730.249156449525,0,343
12,758.849122018394,674.904793401403,0,344
12,237.726290930966,366.664085617663,0,345
12,10.3043604066023,142.787238325282,0,346
12,419.78574740049,632.921811108413,0,347
12,603.30106570463,737.525051315544,0,348
12,9.16615658800393,573.55430545313,0,349
12,341.522080832608,107.036811250592,0,350
12,486.58340594715,134.019254373226,0,351
12,598.999991748664,253.967776987025,0,352
12,114.894196799667,529.220350166251,0,353
12,730.428659154121,285.53932749864,0,354
12,503.20944741533,484.879159239453,0,355
12,362.087004136116,717.485106849658,0,356
12,317.467109018265,70.4713387081431,0,357
12,604.508515417928,40.3794069046589,0,358
12,147.807932557241,148.540931398371,0,359
12,102.459232328254,410.320964492506,0,360
12,385.502214219771,136.042871462719,0,361
12,743.165551115441,425.705693287474,0,362
12,36.1341697276028,292.648785043795,0,363
12,605.480969551282,123.663916901188,0,364
12,690.463801541317,542.554834988317,0,365
12,427.844631031459,600.637482486468,0,366
12,395.465660513096,487.367282294732,0,367
12,86.904311774461,317.892107836884,0,368
12,568.710496452716,800.228343289482,0,369
12,756.155254417713,44.9087552338372,0,370
12,65.8124549150945,271.137236790907,0,371
12,697.292028973152,579.2645756136,0,372
12,446.553099794966,53.4652794149515,0,373
12,631.350490926243,139.717650691393,0,374
12,321.277976665305,147.063305251279,0,375
12,24.459234614806,503.162144079092,0,376
12,461.550553013962,368.167284360845,0,377
12,235.584371905349,699.658643295483,0,378
12,389.071808510638,464.059101654846,0,379
12,726.907516849957,161.961528321494,0,380
12,321.71598615917,580.454063122575,0,381
12,690.778167474575,216.275163957799,0,382
12,13.0121366056421,14.4650806070994,0,383
12,361.194956590739,674.375445372791,0,384
12,512.948498114648,458.470071250924,0,385
12,349.013540530716,608.154339499441,0,386
12,205.211350796097,732.011360752616,0,387
12,54.4050054980979,670.17202390682,0,388
12,767.189223777942,63.755197740113,0,389
12,481.07113078501,264.030505969118,0,390
12,571.321459559042,268.141364077574,0,391
12,608.5378077776,606.919259581019,0,392
12,586.909121656319,593.878991491979,0,393
12,522.519997600768,644.83015949182,0,394
12,212.667820323291,449.437979881102,0,395
12,700.150264396412,162.807952713788,0,396
12,348.230109884634,213.048201304736,0,397
12,254.929268272713,56.9725927222335,1,398
12,529.489755964305,208.690474564439,0,399
12,390.363992959222,178.321085673039,1,400
12,524.294116373846,474.469578486484,0,401
12,108.081870459284,304.421368731772,0,402
12,717.045891538439,207.429243737898,0,403
12,703.436827579755,299.626135680205,0,404
12,91.0458999149701,275.270880395169,0,405
12,619.150071437319,349.512768910479,0,406
12,89.9466152144047,777.335686391395,0,407
12,332.894600841251,27.0396349592434,0,408
12,61.7876401837319,303.684981068349,0,409
12,319.151525872485,667.876332356359,0,410
12,347.628565195616,575.126930757981,0,411
12,251.421482675563,623.550682184868,0,412
12,256.423228035903,377.663529897489,0,413
12,652.227722159586,19.9450074182745,0,414
12,449.45145860614,329.333942601484,0,415
12,353.079268428683,13.8155333444853,0,416
12,741.54843100189,248.654366729679,0,417
12,129.263448403908,790.912077804092,0,418
12,289.421425801832,535.098403850721,0,419
12,372.539408440007,592.967170986792,0,420
12,587.530810714591,500.125387726089,0,421
12,28.4864434327716,261.890478282139,0,422
12,430.12073420654,139.989758897137,1,423
12,289.339367523028,286.610551265655,0,424
12,409.546256023,723.024913163918,0,425
12,183.337436752473,63.9686717560913,0,426
12,582.280392510143,66.8026449836287,0,427
12,604.151574976852,72.8544198156883,0,428
12,553.665091448941,45.5460291566327,0,429
12,701.300177959376,748.122394466157,0,430
12,614.502433851969,671.15376944884,0,431
12,368.830860878545,799.728412320455,0,432
12,129.498909862872,348.734320596948,0,433
12,631.258837789338,688.044435241861,0,434
12,507.790646377216,132.683915607985,0,435
12,321.208687920657,204.151661779471,1,436
12,172.927543331222,182.311565194673,0,437
12,226.595203400121,642.351844492282,0,438
12,187.971606497301,131.009348536622,0,439
12,142.3505700409,232.097584355828,0,440
12,473.090205675404,123.690290729143,0,441
12,667.931424079874,530.743258811247,0,442
12,402.563105702051,546.771917673642,0,443
12,803.205877497111,59.0241757267705,0,444
12,532.228421003029,119.226934801115,1,445
12,231.054308735161,130.826918419772,0,446
12,689.178261678764,183.61323855746,0,447
12,654.232565548742,136.475707850708,0,448
12,709.224621645545,189.962209532445,0,449
12,604.80528644863,648.269641132893,0,450
12,744.800824949524,271.02779546971,0,451
12,459.305599697821,237.426076791897,0,452
12,516.222976076156,43.0157875748456,0,453
12,620.70921441366,644.365918766139,0,454
12,436.231112264913,126.287025499019,0,455
12,742.092785797609,740.801037565617,0,456
12,530.672048031925,441.065297470114,1,457
12,708.963433951369,462.32640958448,1,458
12,27.9368682684341,538.49825656919,0,459
12,730.787563710049,216.762758577018,0,460
12,428.652533410463,159.955959744286,0,461
12,547.274204929584,312.076398703052,0,462
12,717.736769720115,309.950720957901,0,463
12,662.333554158097,182.987975487353,0,464
12,378.408870131859,525.641034757925,0,465
12,397.083072278139,97.4282756545542,0,466
12,8.04031381285941,247.544891097542,0,467
12,744.116300579796,713.311389073012,0,468
12,422.518510127932,61.656263326226,0,469
12,409.424279193129,576.420984892225,0,470
12,660.189927620156,198.358385599376,0,471
12,479.184283831343,454.830003080003,0,472
12,159.126396966478,727.711459073691,0,473
12,763.803869849827,260.908749411714,0,474
12,423.222771386748,479.541698369116,0,475
12,421.956792767071,185.092319618092,0,476
12,787.386746993798,704.581208692023,0,477
12,802.908264927759,577.526563738652,0,478
12,624.914669738863,370.063146441372,0,479
12,669.938716430013,306.626409124162,0,480
12,532.02628922666,33.8295883900868,0,481
12,737.503499617164,370.684734844702,1,482
12,396.73124969286,803.25168190083,0,483
12,179.093156805218,210.260483963046,0,484
12,15.8254151407214,215.028940283282,0,485
12,140.296395734851,369.107082319825,0,486
12,7.6366048255311,702.591188439232,0,487
12,268.190369383499,546.705223517023,0,488
12,361.810448649075,74.5308958413005,0,489
12,455.326087518583,177.364362355375,0,490
12,306.794706859128,259.360238532823,0,491
12,721.707445389421,725.183229348995,0,492
12,207.549505372117,788.663788980608,0,493
12,240.523414562276,7.55151895992871,0,494
12,722.385413245758,262.618042849324,0,495
12,392.636980188767,738.316444724792,0,496
12,442.675000892179,506.752839678,0,497
12,490.529711029711,255.347698305593,0,498
12,274.063996042218,179.31779596337,0,499
12,400.776776881083,71.6506677901303,0,500
12,564.693334822092,481.529907589315,0,501
12,148.691968288905,122.112284806984,0,502
12,364.536176520263,539.661641347473,0,503
12,407.839098948286,223.750863517115,0,504
12,577.100123879888,42.0875203993828,0,505
12,765.541191577846,700.185322127051,0,506
12,7.41649546790179,476.724225106285,0,507
12,374.473036324592,122.920119670528,0,508
12,209.875227799713,111.258636704993,0,509
12,382.943479755123,723.476608241356,0,510
12,14.5861717745446,343.228248488898,0,511
12,185.895341775593,9.37433916954238,0,512
12,800.75536194901,525.281202670245,0,513
12,458.718205719012,141.259990547087,0,515
12,515.932158356026,590.868064738797,0,516
12,346.973300977518,507.815171510458,0,517
12,159.21237264812,65.8258102230065,0,518
12,98.9985939968404,367.917415016362,0,519
12,481.396604938272,154.693672839506,0,520
12,7.6802569876125,176.272516887666,0,521
12,802.941069421399,652.519435374999,0,522
12,323.788726826935,520.069348363433,0,523
12,170.549095181439,22.5127497584109,0,524
12,551.74879889623,803.123017277542,0,525
12,5.00233929754804,42.1536094543848,0,526
12,694.406085346997,324.344170635957,0,527
12,798.460332685402,739.767999315736,0,528
12,700.799046020095,783.089320730114,0,529
12,759.128486429736,320.649255521448,0,530
12,601.948543497859,381.508315490947,0,531
12,638.944729442165,178.060677914577,0,532
12,440.771954065115,372.934815222039,0,533
12,722.978846311559,15.1565408824374,0,534
12,221.289882159335,710.092453495548,0,535
12,783.118121651844,7.17543038435533,0,536
12,198.783071149879,663.053510953869,0,537
12,432.472272649468,177.505817415602,0,538
12,36.6300644138817,570.295575472699,0,539
12,589.534182257475,455.742477998018,0,540
12,12.8322242877798,282.113222746556,0,541
12,441.284493613552,803.196597668871,0,542
12,332.100629543094,5.2487441588785,1,543
12,445.747863247863,144.051057130004,0,544
12,412.962517276099,377.921922665616,0,545
12,116.243346423268,101.635671064998,1,547
12,311.403778907603,803.350394003358,0,548
12,566.181913988914,6.77615106447677,0,549
12,690.193538151695,273.025256497948,0,550
12,631.887537163067,448.775230258368,0,551
12,778.760888574522,794.651242855213,0,552
12,242.347061805395,438.649453941121,0,553
12,586.28408846408,161.970373254497,0,554
12,347.184042249847,703.813605312172,0,555
12,679.282572899578,458.49843684696,1,556
12,664.43255831144,498.162868921572,0,557
12,230.435882591328,75.8630568489771,0,558
12,510.469521490123,616.086559827788,0,559
12,376.900816346386,342.613271183722,0,560
12,539.391766336794,745.763238419039,0,561
12,142.064950215878,588.865639263371,0,562
12,44.7118120230656,413.088192154115,0,563
12,753.370741643722,609.139627952108,0,564
12,264.934477914514,712.312874995166,0,565
12,731.788532262037,330.163990785645,0,566
12,654.847004940404,719.508286817796,0,567
12,195.659060102888,347.931487429276,0,568
12,552.178124769203,208.502450788727,0,569
12,491.443126632262,441.082189221433,0,570
12,368.293057508809,371.746431973869,0,571
12,578.495802045814,116.578962407494,0,572
12,638.622620718192,663.153768309087,1,573
12,74.7989979796784,411.957560911834,0,574
12,371.437012725987,653.109654144214,0,575
12,58.7704468653645,439.830942418948,0,576
12,556.181172276771,662.790724602126,0,577
12,397.504615824762,359.540766273978,0,578
12,241.606589408058,464.757322810414,0,579
12,340.9718607936,633.316322567627,0,580
12,507.556946420359,511.672772187003,1,581
12,716.236778933147,629.635197270541,0,582
12,775.838298176583,420.364060234904,0,583
12,174.74799798864,615.128085473333,0,584
12,110.222085633332,594.707682090299,0,585
12,254.679691847293,787.34638176102,0,586
12,183.358446073875,396.684111561732,0,587
12,656.209834817153,106.733009680155,0,588
12,636.289577111866,708.042310266708,0,589
12,239.725041753845,263.687949820662,0,590
12,696.745612992672,144.939760348584,0,591
12,632.650814383573,426.555883133469,0,592
12,611.257402882783,412.992381984142,0,593
12,429.380624002521,320.618492879144,0,594
12,46.9575825311304,476.422437481894,0,595
12,365.987398621365,310.177894450122,0,596
12,401.738649090622,606.317795115628,0,597
12,144.73353380757,102.296486631197,0,598
12,490.096528272509,639.056370382883,0,599
12,112.297353973213,708.327863567903,0,600
12,80.1975181455047,618.589758206457,0,601
12,653.826446804277,378.522176945203,0,602
12,571.285587624786,214.805268259333,0,603
12,698.551005582003,435.655209115086,0,604
12,177.685606060606,778.838089745865,0,605
12,40.4581558570064,323.376259305282,0,606
12,733.741002690481,669.42685501836,1,607
12,426.945745815962,551.391004235083,0,608
12,459.020304758355,537.891449853478,0,609
12,558.073142400995,128.909484830986,0,610
12,557.790641737952,769.298961909257,0,611
12,455.639649777603,601.1047037749,0,612
12,213.689525296379,417.257137712816,0,613
12,656.306892273788,404.607277335838,1,614
12,345.187128406911,788.66639312801,0,615
12,450.961107086653,656.404066645018,0,616
12,132.000544105759,10.9852008817367,0,617
12,784.850890645223,462.201509806103,0,618
12,234.072543389621,156.166273865181,0,619
12,253.674839157588,530.7066373412,0,620
12,591.019574390109,406.566521694007,1,621
12,735.566503048056,480.229277175204,0,622
12,763.708064582689,87.2943065442416,0,623
12,597.896592978183,560.118125605744,0,624
12,595.647945675177,183.854335267991,0,625
12,443.291189980266,213.064201321554,0,626
12,520.452229010981,90.5316863936521,1,627
12,591.366465487492,357.857586804408,1,628
12,240.596797193094,498.454963696813,0,629
12,737.261555073427,544.122637637465,0,630
12,430.822562690588,236.954252893981,0,631
12,294.550154014115,345.736454068702,0,632
12,309.305265149305,485.489496752931,0,633
12,152.83387633066,801.600194102297,0,634
12,503.814460807451,206.79432644199,0,635
12,188.97908484523,277.524092018794,0,636
12,206.52038991733,383.235381890002,0,637
12,290.017757173135,41.9780670289677,0,638
12,495.557136602032,687.086125588048,0,639
12,591.255359697335,677.267586457863,0,640
12,555.200073689264,455.300272744616,1,641
12,409.686442203514,252.674250836143,0,642
12,614.479422885702,510.097302177099,0,643
12,267.082165201552,31.2682726828753,0,644
12,393.87734712665,669.75265497261,0,645
12,753.770058078796,401.480268026528,0,646
12,703.759911647439,410.718676877773,0,647
12,774.826293749823,553.455183487536,0,648
12,564.06616747066,612.598375212998,0,649
12,68.3281893504556,647.186548279201,0,650
12,777.012148823083,130.36351556568,0,651
12,191.627885448962,718.494055228216,0,652
12,659.342412484042,256.623614190687,0,653
12,678.056612059964,764.665637789515,1,654
12,487.905014091842,532.185953918145,0,655
12,143.527499875057,521.370796058779,0,656
12,290.988973700223,442.199699524211,0,657
12,269.001066017499,459.320408196953,0,658
12,691.055881555871,484.199276293341,0,659
12,82.08090217739,205.071954403204,0,660
12,124.962453696591,502.998090251105,0,661
12,759.054184967459,111.790022606102,0,662
12,737.38757792561,89.6390530669403,0,663
12,36.0567966341413,364.119934741128,0,664
12,294.965045311578,159.420712697151,0,665
12,396.789862683349,434.540827020739,0,666
12,638.332182187944,76.9689046851617,0,667
12,74.7140050504425,342.532635974246,0,668
12,185.081171657641,441.80157347651,0,669
12,57.2018867677568,93.2528855613947,0,670
12,159.438566355592,284.774105827306,0,671
12,51.328540271688,760.305302712726,0,672
12,536.722514845025,625.871777270256,0,673
12,79.7400111364624,49.7736341423113,0,674
12,467.995834796582,786.507225255137,0,675
12,322.664349347971,434.488399969543,0,676
12,110.86737835865,558.487633360437,0,677
12,300.904721865005,754.393074024875,0,678
12,504.309478666975,281.477009836093,0,679
12,781.048371028037,503.409774862207,0,680
12,362.739109954714,433.858219597823,0,681
12,530.419526588228,576.364314373968,0,682
12,757.813410931013,186.966553054601,0,683
12,459.926612007333,627.485135660103,0,684
12,337.036039289325,262.944181231643,0,685
12,611.475805029325,782.515461711912,0,686
12,652.253248486466,745.910031585035,0,687
12,380.061897855377,768.341817388472,0,688
12,721.365025936166,601.622142781714,0,689
12,792.499668207256,312.776217974452,0,690
12,338.887386348111,188.002970398258,0,691
12,307.993923407729,607.292846021873,0,692
12,669.649664706473,433.785747382671,0,693
12,670.378313464027,26.2990524741268,0,694
12,190.231727653305,546.116682072381,0,695
12,683.841218493661,616.0263251305,0,696
12,209.037655099895,313.351801612338,0,697
12,133.59985981737,302.878463624573,0,698
12,392.721803317289,315.594646504471,0,699
12,481.054892696352,758.272015593712,0,700
12,93.0666613978835,238.285656490388,0,701
12,313.622282767274,299.760916143078,0,702
12,373.618335411541,252.849432705378,0,703
12,47.208091591049,607.209763293316,0,704
12,353.897756312534,756.105438679956,0,705
12,222.525259172216,352.00520433477,0,706
12,794.119157432096,606.054148749801,0,707
12,102.282191786206,69.6648163324666,0,708
12,123.636906962871,661.388792134416,0,709
12,503.246887422671,170.847560158069,0,710
12,481.339144974152,720.234492791748,0,711
12,527.766428721651,249.607107048357,0,712
12,226.607642601147,548.120295378084,0,713
12,766.938181005042,443.508355017076,0,714
12,35.1244350265789,693.872140653261,0,715
12,467.525152763197,83.4899234613763,0,716
12,721.497695238095,436.935333333333,0,717
12,446.698368622877,569.075007391914,0,718
12,563.836637991402,641.587441167608,0,719
12,236.528043100464,98.8621799394341,0,720
12,216.067095047054,230.718026156901,0,721
12,589.772021887683,141.482615629984,0,722
12,69.3104596622889,225.254526266417,0,723
12,351.444481944677,350.935401743256,0,724
12,656.672857309709,570.293079118205,0,725
12,778.863627576875,200.919115388067,0,726
12,784.650063738729,36.241840768809,0,727
12,81.0627406904087,587.72565524093,0,728
12,47.8601309278394,195.880066769106,0,729
12,282.211925249433,368.183548283176,0,730
12,512.498324374943,741.06063441646,0,731
12,449.985519146966,472.757767298047,0,732
12,368.819623852694,486.396569814366,0,733
12,622.537950356215,190.948245766384,0,734
12,438.257990170365,98.0871922492495,0,735
12,483.052267962747,287.466720764795,0,736
12,466.089364645389,346.598092933127,0,737
12,771.110731123434,581.973218797048,0,738
12,301.934420512821,582.740461538461,0,739
12,246.755133646968,226.904046593623,0,740
12,419.44456377158,768.022508958309,0,741
12,211.377484218314,578.381563955447,0,742
12,107.319901605867,336.032924904855,0,743
12,11.0691081823222,87.7929992030768,0,744
12,643.30406025257,520.661637963064,0,745
12,109.544278429977,159.260152988172,0,746
12,545.363048868011,546.672905656684,0,747
12,452.012448184823,435.165875250584,0,748
12,567.186400715522,294.423993858489,0,749
12,62.2592719154365,385.209124163607,0,750
12,128.327682577759,738.095899097904,0,751
12,243.138436275069,303.461496365643,0,752
12,674.493499314649,360.130302503785,0,753
12,207.271949814214,181.717131720051,0,754
12,741.60925836482,454.953446552525,0,755
12,745.82839295393,766.14533604336,0,756
12,528.151227420102,179.191119860017,0,757
12,667.915046136408,551.881502045587,0,758
12,533.977758399892,413.498777508172,1,759
12,87.5744085063411,542.092351718198,0,760
12,272.269822682159,396.977789881385,0,761
12,58.4514826984383,580.367990448515,0,762
12,422.721706523629,45.3061271283949,0,763
12,403.705527564059,204.419899073487,0,764
12,65.9273061406068,522.819650394452,0,765
12,443.359602462115,287.899076706814,0,766
12,700.801587082019,39.0424743478608,0,767
12,424.538055555556,351.269841269841,1,768
12,596.517722175418,14.6134566382567,0,769
12,224.556533227001,669.280862896289,0,770
12,591.900987919201,307.909717587664,0,771
12,534.293142580695,700.125093740906,0,772
12,165.504607152972,355.849453771236,0,773
12,262.115806463446,126.10863987304,0,774
12,743.901737020454,303.929554691973,0,775
12,129.336354933285,80.0015070603722,0,776
12,8.00450978381361,412.879518329695,0,777
12,5.86560391363023,445.063006072874,0,778
12,4.1097206331045,123.720679188914,0,779
12,6.80229518618144,370.449473169852,0,780
12,556.487674982603,94.9035309954018,0,781
13,533.734549567487,781.409705168765,0,1
13,563.949136447626,393.9384570875,0,2
13,701.968266029816,113.971619144112,0,3
13,750.359892343304,644.012163608321,0,4
13,290.178157962439,468.799280058477,0,5
13,300.542168306011,686.985678688525,0,6
13,712.682951891285,355.738657217824,0,7
13,315.35465351264,176.320900389477,0,8
13,109.128119791328,245.579072594902,0,9
13,179.677456903638,803.269980506823,0,10
13,692.258552679118,642.492639413405,0,11
13,260.44601826299,595.487490189128,0,12
13,755.686511971848,520.572992184949,0,13
13,268.198606814555,648.697708747875,0,14
13,572.033660870836,237.539955922462,0,15
13,689.080073293805,382.755470906107,0,16
13,602.377334961779,704.876698603173,0,17
13,764.775748277347,767.927266365202,0,18
13,674.046731016784,734.559553146389,0,19
13,23.5362409246214,718.143023449881,0,20
13,143.993301767203,550.424073149796,0,21
13,465.332491812227,162.483599815017,0,22
13,691.519695082393,515.229974698326,0,23
13,704.215827900027,672.181605833042,0,24
13,493.767701355662,376.985270135566,0,25
13,13.2517536995854,308.479937127639,0,26
13,80.1126127119002,666.748042408512,0,27
13,574.29611998362,433.883747952498,0,28
13,369.060611974841,222.441343875269,0,29
13,69.6530272724587,150.650705864233,0,30
13,118.601093509436,390.179880782454,0,31
13,795.886205606155,379.443058619585,0,32
13,217.987926821578,499.53258767643,0,33
13,511.829402636709,417.914860982867,0,34
13,187.623699067256,106.781859857345,0,35
13,588.295488136725,771.648499454333,0,36
13,306.155847687753,121.693057736664,0,37
13,450.977420176073,695.134276862558,0,38
13,341.945538687592,651.289431583787,0,39
13,256.824725332752,86.2625774332267,0,40
13,515.617759263506,16.7553542765421,0,41
13,78.5126942491952,174.934066518087,0,42
13,416.760649622914,458.020990225707,0,43
13,392.859203678083,634.271710383902,0,44
13,581.294917257683,711.368006304177,0,45
13,736.952573205253,33.5318953807287,0,46
13,10.2297664936018,784.402765759387,0,47
13,632.963673726831,326.316061364422,0,48
13,408.691436846495,334.983285355553,0,49
13,607.446635232783,217.293860809231,0,50
13,241.763774685501,652.123462646707,0,51
13,121.019869872582,213.362986472409,0,52
13,639.24260081391,789.910586952371,0,53
13,267.010349777447,422.885764456742,0,54
13,704.049950846986,85.7325696545194,0,55
13,146.235392300737,776.534368993443,0,56
13,736.134288124462,176.117516270964,0,57
13,758.535012210012,13.2224192474192,0,58
13,764.038858709247,729.17637579625,0,59
13,721.06110620034,500.285616350904,0,60
13,138.829364557981,36.6094395538621,0,61
13,787.707940960697,356.564255905133,0,62
13,105.752522035004,29.9441607642892,0,63
13,43.9038956773776,244.181073670163,0,64
13,158.755410234511,665.869067650771,0,65
13,561.546406217086,519.915333824842,0,66
13,97.7139365867691,127.773010337965,0,67
13,230.940031633605,31.3093161596048,0,68
13,731.098781024997,784.163845934934,0,69
13,293.915863800282,663.320792006702,0,70
13,282.919978811308,624.739438532866,0,71
13,357.363423765912,411.877015916902,0,72
13,370.958086228643,29.3423873409013,0,73
13,429.602917185602,529.456460553223,0,74
13,441.060125284507,398.858878215815,0,75
13,471.662514220705,53.6653779443854,0,76
13,574.860356494738,746.071239557548,0,77
13,309.492694504119,714.345728430933,0,78
13,654.605181863353,692.421571063141,0,79
13,479.011870966254,400.200731035323,0,80
13,464.101916776961,301.532601400505,0,81
13,176.61469936999,702.515360407462,0,82
13,243.082003566803,574.24873746488,0,83
13,786.074703520712,78.1181783307208,0,84
13,25.5611587713425,154.807271788863,0,85
13,372.137379289655,624.410111238863,0,86
13,494.446479358526,337.038477909789,0,87
13,366.946569540123,155.768447449265,1,88
13,102.5895578936,634.015134784772,0,89
13,547.277421485056,272.048297563964,0,90
13,732.700219666967,578.351276233203,0,91
13,92.7332774951325,505.22641049368,0,92
13,623.078864405807,393.616602207303,1,93
13,567.988826131134,575.712372243142,0,94
13,45.5344435510289,167.493766937669,0,95
13,765.117268250817,292.235049764342,0,96
13,616.622523482516,86.9795169310916,0,97
13,226.478532415867,737.367363750174,0,98
13,480.396144248764,179.73756658189,0,99
13,133.341731989548,617.01679731243,0,100
13,346.134776604491,238.771068418889,0,101
13,777.896436569966,639.586708063179,0,102
13,335.094941622649,47.9967130974872,0,103
13,626.398594399277,158.517138211382,0,104
13,223.176270508203,766.96018407363,0,105
13,481.279570126553,609.823962808158,0,106
13,575.491386193131,23.4026567554546,0,107
13,53.5027474208778,720.651860513687,0,108
13,542.608099504954,67.3947019650186,0,109
13,742.512711114543,145.208795862815,0,110
13,366.365522277287,190.152068519716,0,111
13,475.743944605002,323.874771839984,0,112
13,517.58342820666,551.843126661747,0,113
13,305.73446798902,529.701613073943,0,114
13,659.906693262411,330.517651342452,0,115
13,24.500353173296,395.270377646394,0,116
13,121.336803309086,184.554266438454,0,117
13,117.069612346759,276.149668390958,0,118
13,158.018739852066,424.424153229155,0,119
13,677.10607078853,95.1651825716846,0,120
13,44.8028678847394,785.731089804924,0,121
13,292.150111261691,509.263076734316,0,122
13,152.812012838148,754.634800550206,0,123
13,778.129563559354,667.094680714765,0,124
13,144.94086982915,402.030933678544,0,125
13,246.208634868421,730.385224780702,0,126
13,715.013803922943,231.914779608841,0,127
13,656.309877573734,775.497178357372,0,128
13,266.201176281717,277.936747197056,0,129
13,90.9912834811647,687.925444301456,0,130
13,335.836417518777,81.0918318100926,0,131
13,210.546701908905,154.493498312176,0,132
13,339.939582396182,165.035387298817,0,133
13,625.097795539687,36.8707814338459,0,134
13,125.583651471315,429.644332909933,0,135
13,62.4707784888056,359.825218511004,0,136
13,148.316126400627,172.081456867034,0,137
13,443.110283743344,727.663899826699,0,138
13,802.168321287086,175.562589600537,0,139
13,632.087932977725,242.881274459758,0,140
13,181.531837892581,751.52292223269,0,141
13,536.893921685874,494.802184125172,0,142
13,576.292776035582,540.310428238606,0,143
13,237.16979919828,199.047296208868,0,144
13,211.509604764657,473.09168753612,0,145
13,664.791524892486,58.0237374804682,0,146
13,141.471847066913,483.398138095755,0,147
13,551.001206475659,23.3201337159764,0,148
13,176.674427433886,581.212246721907,0,149
13,795.079163879885,405.161909845484,0,150
13,35.6056455400328,643.954744000835,0,151
13,305.37505359382,226.564292359342,0,152
13,158.28197071772,252.802446745074,0,153
13,753.254356949454,353.589553696211,0,154
13,265.858222304301,204.721978217076,0,155
13,333.957099602721,729.590028585265,0,156
13,696.222177735315,15.6883577572183,0,157
13,631.489813026308,119.102638286002,0,158
13,42.4880176929154,68.4597023618428,0,159
13,192.694016070813,505.082510228883,0,160
13,118.407859583968,683.297966131285,0,161
13,162.176272162892,87.4658773151731,0,162
13,481.146626741432,225.95416042477,0,163
13,635.86806220628,551.83725282684,0,164
13,172.708351654865,318.370740513218,0,165
13,787.393577646112,768.268872979299,0,166
13,426.478511127872,271.604128533893,0,167
13,151.85496193296,703.442517227098,0,168
13,651.509035783536,643.903587167284,0,169
13,281.022679790075,111.912411567115,0,170
13,195.74698999025,82.9204105414317,0,171
13,645.91619971996,297.435082754811,0,172
13,218.885082863125,52.7564909292287,0,173
13,752.21164960237,217.671628996426,0,174
13,50.5355993698527,626.869588092892,0,175
13,783.298618931431,272.778239176677,0,176
13,289.388010319572,788.651355787498,0,177
13,454.106809497389,262.32933291891,0,178
13,142.087350589943,330.123947119561,0,179
13,306.95796509827,632.658913185028,0,180
13,101.139959439932,198.385089394607,0,181
13,670.07441168712,129.864103366681,0,182
13,385.965596190762,387.622711586043,0,183
13,525.022177707622,272.445753192755,0,184
13,271.838875205255,751.082960607472,0,185
13,506.314030600294,236.014670995306,0,186
13,384.768002679469,412.367482602062,0,187
13,786.989860102955,334.999460238697,0,188
13,768.771414441147,480.192933788928,0,189
13,718.474066411239,700.99598893146,0,190
13,273.206524246252,12.2752704706464,0,191
13,651.343485198001,471.165057029348,0,192
13,420.391852582125,699.334224875549,0,193
13,509.785349563046,784.344080316271,0,194
13,81.0615847712605,294.742289922795,0,195
13,400.621014585877,515.459137055838,0,196
13,281.292874659615,77.0662816318194,0,197
13,366.295870385246,54.8111174528014,0,198
13,323.929941990183,370.296203821133,0,199
13,134.024760745813,259.526397597375,0,200
13,498.330625203417,311.624563536658,0,201
13,178.887123290202,239.918175583941,0,202
13,417.661980388735,18.9531540266439,0,203
13,626.180478175013,730.488991014446,0,204
13,176.798151205691,648.290298416193,0,205
13,692.288527115398,717.481186710989,0,206
13,302.891147587316,60.5552725962725,0,207
13,493.865175227394,99.6581690576512,0,208
13,555.561218850201,166.859552642237,0,209
13,382.413814075399,692.162686968327,0,210
13,773.636485511321,385.203728538761,0,211
13,493.772386310361,25.1908110642288,0,212
13,684.702215093834,120.594498789585,0,213
13,303.234882601869,388.138570201734,0,214
13,43.285158534894,502.264015021317,0,215
13,344.112342654964,549.00267061305,0,216
13,590.505925818663,97.017688964457,0,217
13,670.927679467748,150.767345104292,0,218
13,32.9246240570102,121.186360864699,0,219
13,317.180969673802,550.839252038736,0,220
13,298.772367508023,90.9429319542025,0,221
13,440.855066464402,193.876317932104,0,222
13,45.7636347093688,218.643734973737,0,223
13,703.197016647978,56.7853399130561,0,224
13,395.806985358815,29.4592396086299,0,225
13,321.21606753296,774.968526165371,0,226
13,349.563827531279,140.499674512879,0,227
13,70.1634225162029,246.9726936276,0,228
13,654.538819949603,602.309729353872,0,229
13,222.903543874829,612.795463675412,0,230
13,168.765200237047,467.97138483536,0,231
13,12.7306023995302,668.415350840395,0,232
13,193.714311435061,48.0851738526556,0,233
13,274.763893155829,242.478895715992,0,234
13,336.045326422047,473.679292601402,0,235
13,274.197979604696,150.025569027435,0,236
13,110.395233790076,476.360066023025,0,237
13,802.727089712279,436.729109711793,0,238
13,546.280858679747,236.067148309857,0,239
13,104.040466946213,439.709675415437,0,240
13,702.310141774509,249.047753675933,0,241
13,163.387403505485,497.215579299528,0,242
13,167.758417769506,136.198163656833,0,243
13,252.630725418805,669.879559550089,0,244
13,703.87128411306,264.168555068226,0,245
13,628.67688352142,265.102994745158,0,246
13,85.8511603451447,453.199306371902,0,247
13,711.527874805123,130.938739565449,0,248
13,787.739550301779,104.087752916158,0,249
13,617.790826345314,534.739766057825,0,250
13,523.501479491555,338.321620175602,0,251
13,606.937459944294,477.430327370918,0,252
13,728.030663000677,62.0410115735232,1,253
13,169.312458902717,112.492810353092,0,254
13,207.770301791654,642.007725298921,0,255
13,619.787841011743,14.4679537737906,0,256
13,628.904412559211,619.556305921637,0,257
13,630.436642871495,488.872543845897,0,258
13,676.562896900531,169.529931033432,0,259
13,147.950317076669,204.622915158235,0,260
13,325.155010688909,399.753301323971,0,261
13,212.101730036017,681.225588483506,0,262
13,475.789527037137,474.675240681603,0,263
13,441.993759442786,779.765437697533,0,264
13,83.8394383945069,724.395793015602,0,265
13,775.371068388096,229.934283294964,0,266
13,328.860033477942,690.249586973317,0,267
13,454.68281351527,115.317641325536,0,268
13,602.898423471953,237.351091718739,0,269
13,533.764407541465,148.129662765635,0,270
13,286.222073860729,728.069107060704,0,271
13,568.969382144536,354.295628512222,0,272
13,585.034789038942,626.705149501661,0,273
13,271.146326353947,689.723331349528,0,274
13,471.27888770271,12.9800268970011,0,275
13,79.8869488907083,13.7786933200467,0,276
13,364.012731685848,101.797402975031,0,277
13,540.144473898522,377.050793446688,0,278
13,296.935012170676,194.451760273482,0,279
13,133.655288587131,456.952772084238,0,280
13,402.707095735913,119.765647854831,0,281
13,470.508830573779,201.687735603457,0,282
13,325.560589808165,229.129740177637,0,283
13,378.523008906507,558.103053782263,0,284
13,396.191239726931,285.015127027373,0,285
13,329.223869633433,126.051982598773,0,286
13,429.722499233975,747.27595644066,0,287
13,473.268493150685,506.488127853881,0,288
13,213.476885691082,14.9874985195337,0,289
13,27.0813260264221,48.5235154129068,0,290
13,521.994622131957,308.634567789116,0,291
13,549.303017483933,338.380512869059,0,292
13,732.009273265437,121.605167413378,0,293
13,295.423127930168,12.4953387842734,0,294
13,659.570915750279,234.080215297976,0,295
13,630.911259003364,761.500745106008,0,296
13,47.3562218636967,22.6924540494592,0,297
13,416.245938439847,296.893592251545,0,298
13,687.027013186629,341.578373319333,0,299
13,21.0810155206085,766.692291088498,0,300
13,42.532248036088,139.989273095263,0,301
13,650.290329848594,162.698755307218,0,302
13,665.159239203824,214.495451067239,0,303
13,427.014516961822,428.903362502119,0,304
13,676.448756403545,690.19475441226,0,305
13,18.2070861678005,190.990513983371,0,306
13,267.143651512712,571.568456647971,0,307
13,236.175981652412,404.463267173648,0,308
13,251.383475437555,173.89050554926,0,309
13,627.522816785201,584.572226002873,0,310
13,125.633061272378,125.849873266967,0,311
13,403.087665701701,153.271204379604,0,312
13,28.8765375844735,443.668435200905,0,313
13,790.469232399554,247.705381577919,0,314
13,21.2453075689065,600.106792862252,0,315
13,27.7284985793132,744.112137776423,0,316
13,490.271100994837,583.452427059006,0,317
13,201.174099009901,759.085452145215,0,318
13,679.13435989582,662.698849264982,0,319
13,336.317168209877,416.342283950617,0,320
13,360.744208336732,454.944417253537,0,321
13,798.885725341988,487.711457688972,0,322
13,523.888635490285,527.113418500326,0,323
13,598.075149766515,527.183152932759,0,324
13,502.07242355377,63.4206647368366,0,325
13,560.101555793144,706.693316339339,0,326
13,768.209401396041,174.657890358834,0,327
13,70.4190874774331,697.765225439792,0,328
13,285.572381059084,567.117033356908,0,329
13,181.837514949523,156.033341114605,0,330
13,632.538351608653,56.9821789068809,0,331
13,447.070253423378,16.9160331277704,0,332
13,724.601113248891,756.725601517824,0,333
13,719.376928326419,383.266309959952,0,334
13,245.415520059782,330.708766521881,0,335
13,524.791907573839,665.600201544374,0,336
13,714.837079438657,546.252540913554,0,337
13,47.4094322344322,277.452948717949,0,338
13,299.782735479922,420.064429361488,0,339
13,265.920399566233,330.557609693026,0,340
13,86.25406138118,388.128205128205,0,341
13,617.87917422583,306.671196602978,0,342
13,556.962284030131,728.771927767355,0,343
13,758.212771723147,674.32960952533,0,344
13,237.316039376334,364.96340821646,0,345
13,9.97681178774929,142.155056980057,0,346
13,420.849048358267,634.366999990807,0,347
13,602.432397946459,738.060105789702,0,348
13,9.1519677702572,574.508742338721,0,349
13,340.918771988921,105.980328804551,0,350
13,486.46472643099,134.188136523159,0,351
13,598.507387569218,253.235131708327,0,352
13,115.925730071196,529.824601814376,0,353
13,728.656838764454,286.220945863993,0,354
13,503.610064173404,484.234400143469,0,355
13,362.498605814455,718.370444515547,0,356
13,317.739609771574,70.352406320502,0,357
13,604.582804467889,39.8717004993498,0,358
13,146.96083324554,148.821413207613,0,359
13,101.828271487807,409.480112797807,0,360
13,384.067606185163,135.685101454949,0,361
13,741.991930477964,425.070142768467,0,362
13,36.2875227008335,292.63092749549,0,363
13,604.768367925266,123.472453486554,0,364
13,690.556117280343,541.468292467971,0,365
13,428.373580556247,601.749789875532,0,366
13,396.604154100064,487.103032181674,0,367
13,86.0743438257431,318.163724646001,0,368
13,569.631384960664,800.901275134253,0,369
13,756.625768891486,44.7201038804891,0,370
13,65.7304282083182,270.897502517794,0,371
13,697.27902039225,579.962067062571,0,372
13,446.43943711781,52.3548632520109,0,373
13,631.366228983094,139.215322105044,0,374
13,321.72675125532,147.300629348585,0,375
13,24.7244893578198,502.667180976097,0,376
13,461.032999195451,366.37697913178,0,377
13,237.53311778686,698.189826117982,0,378
13,389.002402196294,465.535194082208,0,379
13,728.117233806165,162.216722217916,0,380
13,321.015911270983,578.467413342054,0,381
13,691.448966756514,216.15694818808,0,382
13,11.856406343922,12.3941600776807,1,383
13,362.104640151515,674.413091249029,0,384
13,514.282829254322,458.509325515139,0,385
13,349.496788141525,607.987483410729,0,386
13,206.257768361582,732.754041117389,0,387
13,54.520394485047,669.381939853635,0,388
13,767.0513580821,64.2848960190137,0,389
13,481.516418314538,264.069558380973,0,390
13,570.932191341038,267.169548400905,0,391
13,608.706400877916,607.145514423711,0,392
13,586.774229192247,592.410979000317,0,393
13,522.062690386837,643.583277828707,0,394
13,214.323347315579,448.632067284701,0,395
13,701.383863789808,162.569694193771,0,396
13,347.255840352814,213.652475896309,0,397
13,259.092991106694,62.805787019341,0,398
13,529.147479903773,208.583571700992,0,399
13,389.451263870229,178.215016171568,0,400
13,524.76351404997,474.574367736065,0,401
13,107.841757719461,304.980173988273,0,402
13,717.941800013589,207.187037320152,0,403
13,703.503135410543,300.780631841214,0,404
13,91.3533945445236,276.319172136108,0,405
13,618.140869709406,349.478047921071,0,406
13,89.2802775454574,781.698914510512,0,407
13,332.528415169312,27.450974099222,0,408
13,61.7797746818456,303.196739248457,0,409
13,320.585374195075,667.520067790575,0,410
13,345.831800262812,576.949189662725,0,411
13,252.843929750663,623.042621516124,0,412
13,254.459239481376,378.397393709217,0,413
13,652.569984677164,19.6098548795648,0,414
13,448.582894094184,328.622841962093,0,415
13,352.085026195707,15.270961495127,0,416
13,742.025930695218,248.552201885746,0,417
13,129.46893281621,791.058072416739,0,418
13,289.368506130302,534.524202389475,0,419
13,372.96751854633,590.738691616507,0,420
13,587.960733858574,500.711149787353,0,421
13,28.8815888361487,261.610545511657,0,422
13,427.06408045977,138.676037740239,0,423
13,289.128263583234,285.758151021191,0,424
13,407.957073487386,724.027764828022,0,425
13,183.273624809686,64.3969222724996,0,426
13,581.8981406956,67.2784687354941,0,427
13,604.493443726949,73.3975026119356,0,428
13,554.405325056315,45.655343391482,0,429
13,700.789953714932,748.466236997063,0,430
13,613.241873204023,670.556755367976,0,431
13,368.226311602109,796.869803600655,0,432
13,128.055769190359,349.587216085982,0,433
13,630.819092079288,686.178133149103,0,434
13,507.518975695658,131.819555374878,0,435
13,321.228427624926,204.579226796493,0,436
13,174.626939101615,180.544948880474,0,437
13,227.996629671113,642.246391236466,0,438
13,188.031506519852,130.675715772082,0,439
13,140.870274609844,232.491719187675,0,440
13,472.646186471014,123.111223513779,0,441
13,668.464756893377,530.323555686287,0,442
13,402.391738866089,546.414211886305,0,443
13,803.08009817046,59.1426900681048,0,444
13,533.16684396207,120.101693211955,1,445
13,229.963811966628,131.362273766154,0,446
13,690.510214858359,183.564788038726,0,447
13,654.58956172261,135.759440543703,0,448
13,709.763883017085,190.668064156021,0,449
13,602.86885974051,646.703811245763,0,450
13,744.836036261804,271.798717352045,0,451
13,459.984668578222,236.971370203466,0,452
13,516.486043304951,43.4340696644864,0,453
13,616.322766002142,641.53337776187,0,454
13,436.007654316658,126.226771405025,0,455
13,740.647532942539,739.921508001449,0,456
13,530.193644686838,440.391887099123,0,457
13,704.182341392011,464.920536094891,1,458
13,25.4126763608021,538.790379240423,0,459
13,731.831416432108,216.461028093702,0,460
13,429.149016615214,160.223527813429,0,461
13,547.357844435313,311.372235158045,0,462
13,717.736078891848,310.928062739258,0,463
13,661.991341898205,182.162424186542,0,464
13,377.672096760815,524.521953672598,0,465
13,396.749915626559,97.0579298341502,0,466
13,7.74968135953266,247.489195727857,0,467
13,743.57099282766,713.383339611093,0,468
13,422.490317390207,61.221028941612,0,469
13,409.418844516709,576.552955795262,0,470
13,660.935568682675,198.502082103744,0,471
13,479.64881850176,454.591000502765,0,472
13,159.952049689125,728.25961372124,0,473
13,764.31173430402,259.558392321838,0,474
13,424.125409606665,478.748506429946,0,475
13,422.251604520974,184.214063449366,0,476
13,787.282096621276,704.018661011688,0,477
13,802.66955377249,575.890667343002,0,478
13,624.198090047626,369.96617427351,0,479
13,669.91704153786,307.297569555485,0,480
13,533.492953948332,34.4131629028654,0,481
13,737.13932224152,371.628357538993,1,482
13,395.890017825312,803.141379202129,0,483
13,180.259570525091,210.471831719401,0,484
13,16.5737265904431,214.969658209833,0,485
13,138.30779021916,369.128253899895,0,486
13,7.57650562034431,701.766417086357,0,487
13,268.171911708614,545.345881172575,0,488
13,361.424425343378,74.0224755990987,0,489
13,455.46501393867,177.183356090345,0,490
13,307.156996131556,257.855630783806,0,491
13,720.708646736698,725.408957752792,0,492
13,207.241406612575,788.617878118649,0,493
13,240.011864429402,7.52457613151529,0,494
13,721.980040094052,263.643311881142,0,495
13,392.184272767462,740.659195402299,0,496
13,443.51267167901,506.236076352845,0,497
13,492.307482993197,255.815335958945,0,498
13,273.712727531989,178.390153577464,0,499
13,398.514244305395,70.2406453552048,0,500
13,565.487183560571,481.082348572965,0,501
13,148.703034482759,121.735692371996,0,502
13,363.086457905544,538.5008678987,0,503
13,407.002487671526,224.600794650395,0,504
13,577.571314889736,42.609104897518,0,505
13,764.91133127895,699.22135201659,0,506
13,7.36860144616266,476.954158612543,0,507
13,373.092495231483,123.04983613472,0,508
13,210.292711377302,110.635577085106,0,509
13,381.133844960683,727.030450105713,0,510
13,14.3927328046287,342.368850067335,0,511
13,185.287099427039,10.3242171695671,0,512
13,800.389449312601,525.303173217569,0,513
13,458.096661758638,140.680422833477,0,515
13,515.331893508223,589.4615003832,0,516
13,346.251023802938,505.773008994611,0,517
13,159.549220083118,65.8542737864772,0,518
13,99.2293963309032,367.728938463359,0,519
13,481.209758440413,154.537147266314,0,520
13,8.01841791167634,175.529516675584,0,521
13,802.719887955182,653.193744164332,0,522
13,322.269014336918,518.844187574671,0,523
13,169.970735580799,23.2357969533475,0,524
13,552.392004985755,803.609650997151,0,525
13,4.77266940451745,40.345382158339,0,526
13,695.856001917065,325.857139280528,0,527
13,795.516217225259,738.343833427574,0,528
13,701.760964912281,784.302481203008,0,529
13,759.113841967104,320.62189161785,0,530
13,600.533911002564,381.830670165593,0,531
13,639.265779645191,177.501633986928,0,532
13,440.474705882353,372.620121343619,0,533
13,722.007198010366,15.5663778888653,0,534
13,217.284568876127,703.96989710457,1,535
13,782.747406696702,6.69756382446187,0,536
13,199.320365618283,663.521845478073,0,537
13,35.6515691182133,570.753858618919,0,539
13,590.993597931136,456.517495971135,0,540
13,12.790559888382,281.51802946322,0,541
13,440.783664288927,803.324837735364,0,542
13,330.998142764858,6.24351582687338,0,543
13,445.278514588859,143.133583849101,1,544
13,412.864190094807,378.424648099216,0,545
13,99.4648950199369,94.6291587057651,0,546
13,116.882225008572,101.359301443813,0,547
13,312.688901442726,803.361383696166,0,548
13,566.29640042571,5.58551035620877,0,549
13,688.19175552963,273.203904682959,0,550
13,632.564083736147,447.097957844934,0,551
13,779.28423792588,794.249611741215,0,552
13,243.350424991981,438.955724891983,0,553
13,586.267449310203,162.011833847647,0,554
13,348.571622289767,703.453501519757,0,555
13,677.513954727239,458.927774504628,0,556
13,663.88756509479,498.460653499895,0,557
13,230.499565394781,74.7881620127163,0,558
13,508.477016849134,615.294588089137,0,559
13,376.975830996932,343.289652833014,0,560
13,539.973382978858,745.422557209702,0,561
13,141.070926374223,588.002928961977,0,562
13,44.6962863966969,414.015311273297,0,563
13,754.300541188135,609.246630312044,0,564
13,264.968321219197,712.754078321345,0,565
13,732.09876055933,330.057164527841,0,566
13,654.450387568454,717.909133719853,0,567
13,194.970690481646,347.595428421006,0,568
13,551.551781225347,207.666332941108,0,569
13,493.130451543212,440.526988007773,0,570
13,368.687272702993,371.672018671925,0,571
13,577.988006895939,117.060262965356,0,572
13,634.338431631455,662.445340714157,0,573
13,74.9035209495398,410.832166687434,0,574
13,372.779321746886,651.921202296652,0,575
13,59.5619190525166,438.655148651037,0,576
13,556.065693717943,663.044396756124,0,577
13,398.140841041551,359.471667313029,0,578
13,242.71151429207,464.017556136383,0,579
13,341.029361728879,633.063490543684,0,580
13,509.003382606428,510.416076793808,0,581
13,716.587333263528,629.874457727929,0,582
13,775.797337707093,419.752731117057,0,583
13,177.918923380044,613.836178397833,0,584
13,109.664740208338,595.3502207838,0,585
13,254.893676122931,786.310895371942,0,586
13,182.012755761137,395.500242738676,0,587
13,656.595002899518,107.035099556731,0,588
13,634.882884411208,707.153178230162,0,589
13,239.755257256959,263.473981625222,0,590
13,697.477588257828,144.44080727434,0,591
13,632.56409036317,425.202020570886,0,592
13,614.344164016958,413.689884737679,1,593
13,430.150466077263,319.08688897431,0,594
13,47.4805907817673,472.636053694205,0,595
13,366.145614585192,309.262741288969,0,596
13,401.578155030042,606.226885244885,0,597
13,143.642249645418,101.94722810417,0,598
13,489.461918678464,640.001779447765,0,599
13,114.295724846898,708.544542462986,0,600
13,80.5076013416876,620.513268132454,0,601
13,653.591674557725,378.896893929146,0,602
13,570.604602258245,214.722149121296,0,603
13,697.859115846979,434.218015876345,0,604
13,176.854121418968,778.5633993816,0,605
13,40.6299541153363,322.269303094005,0,606
13,734.241970796099,670.640411946419,0,607
13,427.126052684324,551.639346982497,0,608
13,459.650453307648,539.373651328267,0,609
13,558.121190804481,128.164138607709,0,610
13,557.811338049852,769.600424399241,0,611
13,454.606429346767,602.002007663262,0,612
13,213.387123856365,416.752570425018,0,613
13,656.018141151532,404.604873385496,0,614
13,346.089369593356,789.563227901944,0,615
13,451.12290041516,657.270594591694,0,616
13,130.985331532052,12.2004449532367,0,617
13,784.899438059502,462.250874984567,0,618
13,234.325743852506,154.940869188922,0,619
13,252.495550888496,529.966142386035,0,620
13,593.562371494504,409.190348963608,1,621
13,735.85538290788,479.245135035146,0,622
13,763.026137251665,87.5740480252417,0,623
13,596.257207434101,559.717516412747,0,624
13,596.203107137024,183.610525886004,0,625
13,443.277172570908,212.489525143546,0,626
13,518.488520383401,87.0809789927164,0,627
13,590.47791558555,357.564560359596,0,628
13,243.216504714893,496.539154961863,0,629
13,736.715024823459,543.225856594422,0,630
13,431.271721753032,235.457612171133,0,631
13,294.684996997505,345.501786131699,0,632
13,310.256561742507,484.71287850411,0,633
13,152.371916049166,801.923259493029,0,634
13,503.074053192044,205.953202200866,0,635
13,190.399171731805,278.188693981671,0,636
13,204.897202738155,383.224230076024,0,637
13,289.263169830088,41.5722941937698,0,638
13,496.851629702916,687.871501726807,0,639
13,591.136138589351,676.546999755749,0,640
13,555.554304726759,453.356321538247,0,641
13,410.051629160806,253.061445147679,0,642
13,614.76243872549,509.504003267974,0,643
13,267.659533642014,30.618870708714,0,644
13,395.254034557748,668.262406364415,0,645
13,754.499347303879,402.245465270115,0,646
13,702.780444321704,409.615781956544,0,647
13,774.438080582612,553.453106962482,0,648
13,563.001129133824,612.528868911906,0,649
13,68.1705048996025,647.061425970003,0,650
13,775.430708506794,131.629607519703,0,651
13,194.664257690008,719.595875326342,1,652
13,660.610544848941,255.778800414156,0,653
13,678.051452040873,765.717178552458,0,654
13,489.330234550396,532.031870347394,0,655
13,144.512255775701,521.469749490287,0,656
13,290.307050324397,443.137283339505,0,657
13,268.974325392409,459.731206527746,0,658
13,690.008862038425,485.654299170061,0,659
13,81.3755245922611,206.441336934103,0,660
13,125.641002415459,502.641304347826,0,661
13,758.610492669607,112.143965130635,0,662
13,736.935092248782,89.6727690902307,0,663
13,36.2882566156013,362.410269781463,0,664
13,295.535213041127,160.65230251194,0,665
13,396.855439154588,435.788685328504,0,666
13,638.291952560841,76.906930203274,0,667
13,75.801115960391,342.697910812738,0,668
13,186.684673488961,440.955690019573,0,669
13,57.0043138820851,93.6764373580512,0,670
13,159.709732233769,285.115958046529,0,671
13,51.7876133276133,760.365083178417,0,672
13,534.704618828253,624.414238066901,0,673
13,79.0169488604767,50.1400445925801,0,674
13,468.913167413885,785.954544830463,0,675
13,322.214310041507,435.313558802919,0,676
13,109.731030112612,559.412093346336,0,677
13,304.159000041963,754.793802591841,0,678
13,505.059964658971,283.188616468455,0,679
13,782.570935954966,503.749409104922,0,680
13,362.925892688151,434.99322872667,0,681
13,530.027055452252,575.930911266655,0,682
13,757.840732269662,185.941775323602,0,683
13,459.601991893801,629.026607115942,0,684
13,338.084788717512,260.918478673627,0,685
13,612.399189457897,781.976241511214,0,686
13,651.984048262624,746.296307830924,0,687
13,380.796740608648,769.052746480776,0,688
13,722.510471892817,602.294714447629,0,689
13,792.398005007431,312.309579954315,0,690
13,338.566834742202,188.495275019395,0,691
13,307.32602773604,607.923558316452,0,692
13,669.256761198329,433.467686937521,0,693
13,671.054734560238,27.620964786371,0,694
13,190.993989486966,543.984097443063,0,695
13,682.651267199902,616.383701081793,0,696
13,209.042290803645,312.426366105127,0,697
13,133.409858288424,302.624963669444,0,698
13,392.071979280894,315.820049123182,0,699
13,479.464392803598,758.597867332359,0,700
13,91.2727851737754,239.84343192626,0,701
13,313.694180901873,297.943821062923,0,702
13,374.601940035273,252.683757292091,0,703
13,50.2608398545899,605.826324023199,0,704
13,354.174640718149,756.674513465289,0,705
13,220.667797250603,352.330608297909,0,706
13,794.007639943615,605.190808739589,0,707
13,101.947055522546,69.6967386281112,0,708
13,124.066067898222,661.280584890033,0,709
13,502.894137249494,169.398735980879,0,710
13,481.842528867063,720.261510515715,0,711
13,527.956901363657,248.992419079515,0,712
13,227.451360234735,547.144373734809,0,713
13,766.542534016371,442.833041958042,0,714
13,34.3132971642673,692.423898207131,0,715
13,467.611914458968,83.6819578587159,0,716
13,721.460723964382,434.131571815718,0,717
13,446.429779248091,569.990881725691,0,718
13,563.331221684102,641.438218533513,0,719
13,235.448025154511,99.0500187026932,0,720
13,217.034460713181,229.495817176931,0,721
13,589.386652784962,141.073246329527,0,722
13,68.2758796921078,226.187888613985,0,723
13,350.786383245456,351.288533222367,0,724
13,656.263273615922,570.247741456873,0,725
13,777.969741159315,199.37365187143,0,726
13,784.959161152417,36.2845843659772,0,727
13,82.1705579522107,587.446177350067,0,728
13,49.0324381869756,195.669190939052,0,729
13,281.934527808884,367.07702285583,0,730
13,513.682458034526,744.307030262903,0,731
13,450.834767697788,473.579251742577,0,732
13,369.206934255277,485.137883089262,0,733
13,622.008636692371,190.631094278578,0,734
13,437.243112089494,98.1272579641592,0,735
13,483.234819252572,287.430609092237,0,736
13,466.935253679839,345.550349760576,0,737
13,771.278286653043,581.569545723908,0,738
13,302.662839119304,583.580673835125,0,739
13,246.879182389127,228.297101701245,0,740
13,420.05024430596,769.081952811679,0,741
13,211.80530918876,577.08212909411,0,742
13,106.13443644282,337.085218094021,1,743
13,10.9979721453918,87.9474292177232,0,744
13,643.461999127718,520.626987478883,0,745
13,106.901271898248,159.938785912052,0,746
13,544.628156132615,545.350534868528,0,747
13,454.356627541212,433.951063715304,0,748
13,567.310909704977,293.843305659389,0,749
13,63.0014104892283,384.04461763519,0,750
13,128.3077129219,738.514965851564,0,751
13,243.121931642578,303.966586673939,0,752
13,674.376102243696,360.401543323033,0,753
13,209.190693530702,181.484420687135,0,754
13,741.806869686751,454.605259601344,0,755
13,746.100948509485,765.990963950337,0,756
13,528.292369230361,178.14318214958,0,757
13,667.817170963772,551.297169763529,0,758
13,535.911319532146,415.18885463355,0,759
13,88.0132095450477,540.560781261852,0,760
13,269.474555408583,397.820693709583,0,761
13,59.7759658773794,577.516482506438,0,762
13,421.392741935484,44.957219105501,0,763
13,397.72563229211,204.817249706648,0,764
13,66.163444745501,520.10767656077,0,765
13,444.809734920343,287.121959060061,0,766
13,700.446362965137,38.8143623661558,0,767
13,424.633354700855,351.933920940171,0,768
13,596.877069829363,13.8563497111358,0,769
13,225.899965457792,670.096060650788,0,770
13,593.825529539302,304.251635302187,0,771
13,535.040584555858,697.483794613947,0,772
13,165.34670995671,356.332862390135,0,773
13,261.405043735343,126.260491890257,0,774
13,743.301663249032,303.921216393256,0,775
13,128.527238127698,78.667958986594,0,776
13,8.4628332953676,412.662822197691,0,777
13,6.00330182941663,444.225170899625,0,778
13,4.38848626348192,122.714390073138,0,779
13,6.9419142938973,370.889804818983,0,780
13,555.724094832773,96.2963815476982,0,781
14,534.189701954567,782.349140453203,0,1
14,565.469672242831,397.490360635674,0,2
14,702.089595025182,114.503195600781,0,3
14,749.870214263708,643.942547128443,0,4
14,289.408143150647,470.101984721925,0,5
14,302.432294044408,687.330441135782,0,6
14,713.409228919185,356.514182877568,0,7
14,316.313765301318,176.947996115819,0,8
14,108.908826538137,246.164843265418,0,9
14,179.277297465887,803.300113840156,0,10
14,693.322962000016,643.815706712264,0,11
14,261.254127070323,596.091292095541,0,12
14,756.015282660637,520.691733594627,0,13
14,270.157402019695,648.81210004158,0,14
14,571.356047876485,237.453091515683,0,15
14,688.724240633042,382.525735088132,0,16
14,602.005872486979,704.644455342228,0,17
14,764.848867600287,767.810786652303,0,18
14,674.211034364568,735.199258545758,0,19
14,24.2148975228341,716.458402494966,0,20
14,143.8198859992,549.976171977957,0,21
14,465.405727356445,162.192154591094,0,22
14,692.348890253419,514.31133284722,0,23
14,705.345354523227,673.117563162184,0,24
14,495.140841200052,376.771854390275,0,25
14,13.5720432193791,307.513653487598,0,26
14,80.4868683449017,667.914939312264,0,27
14,580.060234352875,434.254671127159,1,28
14,368.782089682957,222.366814094704,0,29
14,68.4740100005025,151.543812503141,0,30
14,117.604769089705,390.27496502857,0,31
14,795.880826444845,378.943035262834,0,32
14,219.71914262518,501.333899668589,0,33
14,513.954867505627,417.773102107632,0,34
14,187.943707482993,107.064095638255,0,35
14,588.627185385996,773.2823932879,0,36
14,306.209616664021,123.015620629305,0,37
14,453.164320601026,698.292046972696,0,38
14,342.445431592134,651.197488002924,0,39
14,254.609214742166,85.0570788100611,0,40
14,516.270471151424,16.4800586901427,0,41
14,77.1256589948153,175.570015305439,0,42
14,416.934240389005,457.941678080496,0,43
14,394.068261057698,633.814649999767,0,44
14,581.454095621407,710.750019072553,0,45
14,736.640356882074,33.4805152814648,0,46
14,11.0457884036912,783.495868703477,0,47
14,633.660241019157,325.827054984582,0,48
14,410.367316290957,334.123491005413,0,49
14,607.736933737348,217.708158894406,0,50
14,243.077044330559,652.411589769258,0,51
14,120.088512466586,214.205285805952,0,52
14,638.584594923807,790.24570406692,0,53
14,267.996798075355,423.912104660185,0,54
14,704.256212457714,86.6617858180353,0,55
14,146.753154842258,776.492202889855,0,56
14,737.384413108127,176.093462423898,0,57
14,758.602681706751,13.6729858212416,0,58
14,763.020315735285,729.39659730254,0,59
14,721.821096117312,500.937968012192,0,60
14,139.106136902946,35.7140348252121,0,61
14,788.08291574974,356.461197964423,0,62
14,105.010009691497,29.4337420830892,0,63
14,43.2775262267948,244.34542861906,0,64
14,159.785650261696,663.587535449955,0,65
14,561.154462703204,521.658041549613,0,66
14,97.9221228711417,128.06600467473,0,67
14,231.778764239587,30.0556755512187,0,68
14,730.711342876827,784.912211847786,0,69
14,295.297732967887,663.688798637817,0,70
14,284.247453703704,625.225154531234,0,71
14,357.806426850451,413.060509516072,0,72
14,370.083327654584,28.2286348054043,0,73
14,429.255020763588,529.472890254834,0,74
14,441.698416496587,398.293170082603,0,75
14,471.708572949947,52.0709142966881,0,76
14,575.280439299436,745.978759503529,0,77
14,309.828323415996,714.431074507457,0,78
14,653.645883129069,694.313584276617,0,79
14,479.883889882805,398.330919321137,0,80
14,464.424407537832,302.143693886615,0,81
14,178.259846156602,703.003452861363,0,82
14,242.586607349045,573.994842673707,0,83
14,786.181533824684,79.0299194292108,0,84
14,26.0532263729246,154.083866538953,0,85
14,371.812672303152,623.763459660633,0,86
14,496.096146225529,336.632413679288,0,87
14,367.549131702606,154.811015768652,0,88
14,104.572046210957,634.079169866871,0,89
14,547.184774233318,271.142057988244,0,90
14,733.235547216066,579.513230921641,0,91
14,95.1110271394089,504.873937022449,0,92
14,622.855860393447,393.156224913266,0,93
14,566.747427065854,576.273600194295,0,94
14,45.067936187554,167.967032080068,0,95
14,764.129543804054,291.828804383706,0,96
14,616.712678660238,89.2415309821898,0,97
14,226.804421168743,738.115782813853,0,98
14,479.895093387058,180.638857640558,0,99
14,135.923792342702,616.706520529212,0,100
14,347.498025247575,237.836591065342,0,101
14,778.15423085901,640.115478135699,0,102
14,335.020799081741,48.5179490738369,0,103
14,627.029226277372,158.227224655312,0,104
14,223.236873467646,766.80132609271,0,105
14,480.793849206349,611.189790764791,0,106
14,574.559036016018,21.665784782636,0,107
14,54.5299926172019,722.047944473587,0,108
14,542.521481503796,68.364896373057,0,109
14,743.420876671935,145.532689203164,0,110
14,366.982794624822,189.296944598802,1,111
14,476.521472392638,323.816291751875,0,112
14,517.682788819857,550.513102788266,0,113
14,305.166249504665,529.643566410894,0,114
14,659.184069306017,329.903609496124,0,115
14,26.5886553209029,395.567624440033,0,116
14,119.91300483855,184.400705484788,0,117
14,117.184907704817,277.195409340265,0,118
14,159.112590444681,423.58010043589,0,119
14,677.710360583645,95.8663190472559,0,120
14,44.7258655457411,785.783526781347,0,121
14,291.485169436678,508.926056444375,0,122
14,152.894734525447,754.409970961333,0,123
14,778.867569548559,667.155149092121,0,124
14,144.040850251114,402.736200967456,0,125
14,246.780589730971,730.104113353018,0,126
14,717.192122484257,232.235208344358,0,127
14,656.76094253646,776.798726045006,0,128
14,266.955042261099,276.252468846541,0,129
14,92.3409183344214,689.18924532691,0,130
14,336.361404313357,81.5167322340936,0,131
14,210.573076143855,154.276823652452,0,132
14,341.006068426354,165.557885165673,0,133
14,625.994009427187,37.3137105513991,0,134
14,125.691369099919,430.485181117398,0,135
14,62.3859787472036,359.847201715138,0,136
14,147.679901244837,171.412236765695,0,137
14,440.416084608753,728.405238443835,0,138
14,801.646910524025,175.286631857054,0,139
14,633.316752532349,243.740740740741,0,140
14,182.23772424941,751.660023413929,1,141
14,537.816973091012,494.543411583075,0,142
14,575.120326646172,541.057501839938,0,143
14,236.493049594329,201.690555224804,0,144
14,213.901262855414,472.780308529946,0,145
14,665.057321488237,59.2236657744291,0,146
14,142.182002823204,481.897157648932,0,147
14,550.834894398531,21.7332185491276,0,148
14,177.879826764373,580.993516158455,0,149
14,794.35570519982,404.708090564592,1,150
14,34.8075604483657,642.062237161877,0,151
14,305.832410847287,226.495670238159,0,152
14,158.831531118635,254.511640227285,0,153
14,753.49969580478,354.50692517689,0,154
14,264.128710218848,205.611531832445,0,155
14,333.882235480421,728.554553473447,0,156
14,695.870034229477,15.4532067492911,0,157
14,632.865622961513,119.858218509975,0,158
14,41.3952003522677,69.5814619110524,1,159
14,193.717460065588,500.221228080781,0,160
14,118.705797831237,683.043526647158,0,161
14,162.060766225093,87.7984360515535,0,162
14,481.670184125834,225.751305250474,0,163
14,637.065827094386,551.992747395618,0,164
14,174.070676576427,320.064376687211,0,165
14,788.057802739624,767.291748688576,0,166
14,427.408794119261,271.184331424792,0,167
14,153.873180890926,703.438996630647,0,168
14,653.422793329186,644.813046891199,0,169
14,280.079722385543,112.298099566655,0,170
14,195.899493610557,83.6537224588683,0,171
14,646.435894163737,297.949989080627,0,172
14,217.776188389904,51.6827660508499,0,173
14,753.008348620939,217.781984847402,0,174
14,51.6210569590003,627.065963397683,0,175
14,783.507109772816,272.966686741089,0,176
14,290.181526848027,788.221314231907,0,177
14,454.732263274683,262.031124806698,0,178
14,137.848030077474,330.225508406761,0,179
14,309.096795812944,632.355915656203,0,180
14,99.5666819118161,198.543425250429,0,181
14,670.700115863478,129.845206394093,0,182
14,386.66451265482,388.042003231018,0,183
14,525.435893548139,271.917997101375,0,184
14,276.039343146314,751.480335293183,0,185
14,506.349547198647,236.072724612233,0,186
14,385.134052029861,412.988514555888,0,187
14,786.987307817319,334.488226527383,0,188
14,769.242472180109,481.141085612844,0,189
14,718.932250563519,701.947694110743,0,190
14,274.622957724472,11.7527859865082,0,191
14,653.116430855316,472.693096189715,0,192
14,420.043572984749,700.26279956427,1,193
14,510.451855410999,786.896870277285,0,194
14,81.2945007307078,294.501212330985,0,195
14,401.016244725738,514.916033755274,0,196
14,281.421870975822,77.7251133825849,0,197
14,366.271346225772,54.5540195366642,0,198
14,322.794699872286,370.396732372118,0,199
14,134.027502681297,260.800797238952,0,200
14,498.82981009953,312.225499175673,0,201
14,180.321306200903,242.513903977938,0,202
14,417.588141517445,19.614990318927,0,203
14,626.185697106187,730.635034236716,0,204
14,179.17937626293,647.071650808944,0,205
14,691.987484181845,717.954007012557,0,206
14,303.354961342895,61.7380933930228,0,207
14,493.954077879249,99.8502699296043,0,208
14,555.767561807332,165.887827770266,0,209
14,381.938047724633,691.76723022912,0,210
14,773.084982087952,386.042632083721,0,211
14,494.391397655355,25.81431722737,0,212
14,685.028847727301,121.338289717156,0,213
14,301.989538191239,388.560623703725,0,214
14,43.0145873896379,500.670530105433,0,215
14,343.677674118686,549.523211165958,0,216
14,590.893286118509,97.2991018048197,0,217
14,671.750926358056,151.055470626641,0,218
14,31.5265811208063,121.890241239326,0,219
14,317.697363836953,550.761035994934,0,220
14,298.612320534915,91.9067729913155,0,221
14,441.029188571625,193.721538157578,0,222
14,44.315324895027,218.07529850003,0,223
14,702.923192651044,56.9791400977735,0,224
14,394.628170937351,27.1333847381769,0,225
14,323.780465748302,775.688862995793,0,226
14,350.219716347002,141.322169810181,0,227
14,69.5677156493096,247.259742019975,0,228
14,656.552492494721,603.016530458655,1,229
14,225.087122945136,610.946316350578,0,230
14,170.943181818182,467.742822966507,0,231
14,12.2930159491113,667.515757522647,0,232
14,194.555042272851,48.7521110820928,0,233
14,275.940203882139,243.381180468277,0,234
14,336.318867585991,472.641050476667,0,235
14,274.591721660203,150.815806148554,0,236
14,110.537589299286,475.841427268582,0,237
14,803.060444279082,437.698214631148,0,238
14,546.624605690833,235.929192497961,0,239
14,104.217000137405,438.929384532454,0,240
14,702.97447271296,249.538765693371,0,241
14,163.361929668172,498.14907066305,0,242
14,167.730032648511,136.913623011449,0,243
14,253.758332867615,669.742554326059,0,244
14,703.431554202143,265.508095223667,0,245
14,629.246298602463,264.744786416019,0,246
14,86.4381367695211,452.694890691035,0,247
14,712.236261625833,131.985556302413,0,248
14,787.39249147825,104.716954596831,0,249
14,618.591925522501,534.570605380552,0,250
14,523.454455348926,339.031516335731,0,251
14,608.419530226988,478.124876704583,0,252
14,726.625881724472,61.3998626829483,0,253
14,169.702694786175,113.928529584066,0,254
14,210.659572387229,642.074755750153,0,255
14,620.994068071313,14.9996732427951,0,256
14,630.273866593895,620.850612243242,0,257
14,631.583835187643,488.772556710752,0,258
14,677.744223250853,169.457921372758,0,259
14,147.3360125458,204.801662163486,0,260
14,322.876663158877,400.551376959699,0,261
14,213.320693285726,680.868632769137,0,262
14,476.826215405681,475.147057948042,0,263
14,441.510307419814,782.690638250854,0,264
14,84.8066399705114,725.847516363961,0,265
14,775.716929634693,229.158283967494,0,266
14,330.641805922523,690.640906971523,0,267
14,453.83310265199,115.267255809909,0,268
14,604.079995795228,238.131767055608,0,269
14,533.563768388368,147.434246282875,1,270
14,287.009707837889,727.191680592451,0,271
14,568.459520526961,356.307455916394,0,272
14,583.107231559893,626.234768373239,0,273
14,272.727978051455,689.942525532628,0,274
14,471.705356171447,11.9702281446162,0,275
14,78.8122704893299,14.8413789547262,1,276
14,364.105597887384,101.835561016595,0,277
14,541.651122306873,377.846878328009,0,278
14,295.522432608101,193.079367217433,0,279
14,133.13923497919,456.995655984746,0,280
14,401.261147818623,118.417426088119,0,281
14,469.989920669332,201.469388238506,0,282
14,326.313280467416,229.826742026444,0,283
14,377.074317956349,557.680530753968,0,284
14,396.296342333697,286.530102068971,0,285
14,329.946681590127,126.959277722845,0,286
14,431.07392398058,749.513280339429,0,287
14,473.850928794496,507.825650404987,0,288
14,214.059642874567,15.1676475012603,0,289
14,24.8572381158588,48.1178571465928,0,290
14,522.587897582462,309.197559988521,0,291
14,548.826813402405,339.911004166025,0,292
14,730.442567438184,121.997344446776,0,293
14,296.483714342688,13.0125492452617,0,294
14,660.840953073388,234.79353816602,0,295
14,631.629796039694,761.22261746881,0,296
14,45.6709091844081,23.5114734104854,0,297
14,416.644318834624,296.80945584641,0,298
14,685.746403397679,341.483167031252,0,299
14,21.9339798828064,765.202376252102,0,300
14,42.9466622827993,139.241162521919,0,301
14,650.847607576813,163.249274436963,0,302
14,664.693211248503,214.701115228981,0,303
14,428.284366637433,430.010105354292,0,304
14,676.877959845855,691.719257734465,0,305
14,17.7926419155233,190.514970630437,0,306
14,267.718665222708,571.988252392313,0,307
14,235.983326625444,406.410967196387,0,308
14,251.628649675833,174.007459572248,0,309
14,628.551978114478,585.538089225589,0,310
14,125.561227434455,126.262387304624,0,311
14,404.193652552932,151.423393529132,0,312
14,28.4824182690942,444.482089525547,0,313
14,790.928525353683,247.912815053317,0,314
14,23.262655395163,599.708555530884,0,315
14,27.7980557488495,742.889968471603,0,316
14,490.795191863153,583.708969024503,0,317
14,201.647065155734,759.609017249381,0,318
14,680.718142897677,663.577044042099,0,319
14,336.902250843096,415.072506212283,0,320
14,361.464467500593,455.670992018668,0,321
14,799.267713580332,487.843053308549,0,322
14,524.301794023278,527.517701671679,0,323
14,598.365593821341,527.2626947221,0,324
14,500.428443963271,63.8879596874635,0,325
14,560.40343632297,705.948068661909,0,326
14,769.99057890956,170.175591432113,0,327
14,70.4867730669528,698.323566953846,1,328
14,285.77134907194,565.585323795157,0,329
14,182.361382490737,155.534172788413,0,330
14,632.737197633618,57.9813254679934,0,331
14,446.616946689379,16.3250877337796,0,332
14,724.668377024886,756.818062752312,0,333
14,719.38172647188,384.752507491798,0,334
14,244.893958818959,332.065552965553,0,335
14,525.044250158605,664.973072538716,0,336
14,714.840192565009,547.032323960346,0,337
14,47.6589743589744,277.849078822412,0,338
14,301.021675351463,421.611157927591,0,339
14,266.023906955668,332.617244904479,0,340
14,85.5835675951955,387.246571258199,0,341
14,618.818859063914,306.420629522074,0,342
14,556.926218499156,728.151807320024,0,343
14,757.888012708267,673.852014353178,0,344
14,238.63545607064,364.358978807947,0,345
14,10.5362176582405,140.292926293089,0,346
14,422.671481159318,635.300227778235,0,347
14,602.442622521597,738.592123009487,0,348
14,9.17772838698827,574.753868971278,0,349
14,340.905925465517,105.756585864864,0,350
14,486.885430273316,134.275839958964,0,351
14,597.931751440952,252.223342378729,0,352
14,117.030908271529,530.822584981459,0,353
14,726.974567283217,287.426040075796,0,354
14,505.076915059312,483.768387558604,0,355
14,362.151111033055,720.051762509977,0,356
14,318.842444687185,70.5543061534837,0,357
14,604.986865836722,39.551041341542,0,358
14,146.861549712971,148.676686169149,0,359
14,101.321800499819,408.893503995265,0,360
14,383.474576041243,134.506227106227,0,361
14,741.246253352541,424.227667100008,0,362
14,36.9406009038286,292.61040614219,0,363
14,605.423097962461,123.785170129479,0,364
14,691.279771634396,540.67823396047,0,365
14,428.740733894983,602.046300388869,0,366
14,398.03830499668,486.952392979823,0,367
14,85.8551316016995,318.373323328887,0,368
14,570.300157723053,801.486362780944,0,369
14,756.80188657166,44.6823456486738,0,370
14,65.6329104616474,270.747267390561,0,371
14,696.715873947518,580.484630866966,0,372
14,446.664021004166,52.2465757077977,0,373
14,631.799506457583,139.552054477836,0,374
14,323.013583045094,149.021496193811,0,375
14,25.3613306248391,501.351341012839,0,376
14,460.607377964064,365.508295087341,0,377
14,240.035911438809,698.400861093735,0,378
14,389.785737958462,466.09791267737,0,379
14,728.277011458688,163.143792609095,0,380
14,320.356031391103,577.50662983127,0,381
14,692.745792153339,216.10075771189,0,382
14,10.41905375198,11.8075207374181,1,383
14,362.29716335784,672.467545937791,0,384
14,516.039119225508,458.887769703272,0,385
14,347.923032242769,608.123067804647,0,386
14,206.536809287584,734.541221693996,0,387
14,54.3803130048477,668.503532106451,0,388
14,767.379454763095,64.8294341065339,0,389
14,482.289275825272,264.881232694226,0,390
14,570.852053140097,266.722496706192,0,391
14,609.276343286119,607.638307126531,0,392
14,586.122250964934,592.747655415948,0,393
14,521.815005588002,642.195043802725,0,394
14,217.16439478234,447.733880841179,0,395
14,703.071048312853,162.955453041401,0,396
14,347.459039003386,214.755937099387,0,397
14,261.747174582629,63.8935240115534,0,398
14,528.373396193687,208.339317172856,0,399
14,388.884398428209,177.950263171501,0,400
14,525.85188009075,475.130498836695,0,401
14,107.693862356286,305.942747602547,0,402
14,719.233499743984,207.00839733743,0,403
14,703.644100711392,301.664868248955,0,404
14,92.5472222222222,277.166792929293,0,405
14,617.844349663236,349.207674100902,0,406
14,88.3619245899117,788.316305253162,0,407
14,332.41970024206,28.0071759838905,0,408
14,61.9498864076818,302.716111153549,0,409
14,322.243886033636,667.909105888142,0,410
14,344.145288949685,578.509865326756,1,411
14,254.008984915138,623.927762297701,0,412
14,254.248038994957,379.20551678074,1,413
14,652.053288972272,21.7767468930688,0,414
14,448.715316166752,329.477870351304,0,415
14,351.5262569221,15.0718030657882,0,416
14,742.132661088887,249.455759805368,0,417
14,129.855839192687,790.500041402501,0,418
14,289.765728476821,535.682671081678,0,419
14,372.084371020594,588.23006596183,0,420
14,588.065244118832,501.228902984042,0,421
14,28.6386823361823,261.826004273504,0,422
14,426.025,138.494868421053,0,423
14,289.629842180775,286.775227164036,0,424
14,406.25912836816,724.11991796729,0,425
14,184.542354768691,65.1119978363534,0,426
14,582.507323476955,68.9545879709677,0,427
14,606.42664411825,73.7589023912017,0,428
14,555.327685304762,45.3873117988127,0,429
14,700.743114825352,749.501654615141,0,430
14,611.856264596785,670.635692224716,0,431
14,368.205117791354,796.127552531704,0,432
14,126.968979400201,350.663482036168,0,433
14,629.743049335123,684.572823646782,0,434
14,507.894244105409,131.346991061797,0,435
14,321.591686527219,204.749675711787,0,436
14,176.38233690882,179.777152606472,0,437
14,230.399809120611,642.206190140192,0,438
14,188.3463101841,130.46354321277,0,439
14,140.224731410951,233.882241627375,0,440
14,473.350538859651,121.511691232327,0,441
14,670.103191529878,529.728612052659,0,442
14,400.982909170689,547.003589943607,0,443
14,803.544267792209,59.7520911067438,0,444
14,534.009592650901,119.994072306017,0,445
14,229.734790600725,131.032004830918,0,446
14,691.536413079137,183.999391924191,0,447
14,654.836394176521,135.832714814652,0,448
14,710.724753025594,190.962705390906,0,449
14,602.499934333286,646.442148129963,0,450
14,745.130210818811,272.464394374138,0,451
14,460.821088278404,236.845663367368,0,452
14,517.181636057694,43.5922989338205,0,453
14,613.990801150514,640.651084205527,0,454
14,435.217978112333,126.568428099815,0,455
14,739.777505913633,740.42208812347,0,456
14,530.381452062055,440.380705347598,0,457
14,699.075524550951,471.966446662987,0,458
14,23.6171774456972,538.695613244369,0,459
14,732.406357141679,216.987053077926,0,460
14,429.73070996076,159.617746420311,0,461
14,547.422234380794,310.846756092964,0,462
14,717.082835145718,312.716939978938,0,463
14,662.215873559885,182.309407432795,0,464
14,376.035895981087,522.282524822695,0,465
14,396.216103875371,96.9828122747711,0,466
14,8.04740454740455,246.899785499786,0,467
14,742.317316763536,713.73615884824,0,468
14,422.036636367187,61.5448613192402,0,469
14,409.305210957378,576.874352823525,0,470
14,661.455504404153,198.478426298237,0,471
14,480.546851107977,454.105386494256,0,472
14,161.436412858544,728.413650443364,0,473
14,764.727825531407,258.305136516501,0,474
14,425.05152394775,478.631503400453,0,475
14,421.770599481929,183.766150064318,0,476
14,787.110102105963,704.410828500377,0,477
14,802.587203742841,574.713138025213,0,478
14,623.759994445526,370.389285636997,0,479
14,670.701620706338,307.881763022093,0,480
14,534.885950375465,34.3539589978735,0,481
14,736.743711904696,372.490385878262,0,482
14,394.395897874159,802.952915226645,0,483
14,183.476644129242,212.073599853886,0,484
14,15.737163838111,214.140644327182,0,485
14,137.400022199135,369.39082443148,0,486
14,7.11825319315984,700.607517409982,0,487
14,268.571126363468,544.308799223516,0,488
14,361.183258501534,73.6056358914976,0,489
14,455.033896877834,177.455927858901,0,490
14,307.90468339586,257.578048443157,0,491
14,719.998285299249,726.26884735669,0,492
14,207.612943667465,789.452699615535,0,493
14,240.171041458541,7.04897602397602,0,494
14,723.148090051758,263.25745827115,0,495
14,393.066754193743,742.534070072037,0,496
14,444.541074455178,507.019379348117,0,497
14,495.371219256934,256.002680388395,0,498
14,272.999928653986,178.49563838035,0,499
14,396.297609939954,69.5171879300563,0,500
14,565.777424537434,481.316157877883,0,501
14,148.538770670827,122.069956526261,0,502
14,360.820105105105,537.748960960961,0,503
14,405.972397123427,225.620846914539,0,504
14,577.644989619268,43.4843790106202,0,505
14,764.114123384804,699.100921426772,0,506
14,7.03491312240664,477.067216675311,0,507
14,372.072776898719,124.061111497511,0,508
14,210.964489386874,110.178021601464,0,509
14,379.638442596441,730.499593098024,0,510
14,13.779460092101,340.912483362147,0,511
14,184.480007334712,11.0939922838827,1,512
14,800.426351181722,525.07397288741,0,513
14,313.150474607908,11.370833428179,0,514
14,457.059216072897,141.022667678363,0,515
14,515.215643998463,588.036291725993,0,516
14,345.623005248823,503.108532973716,0,517
14,159.51276296915,66.1926067296136,0,518
14,98.1385533380788,368.062178985819,0,519
14,481.712322490451,154.80948283935,0,520
14,7.88517020700006,175.140370107866,0,521
14,802.495057018623,653.726067414413,0,522
14,321.181188349773,517.463284605587,0,523
14,169.381069430103,24.38441205605,0,524
14,553.855428295594,803.939503247323,0,525
14,3.95146665537656,39.0342595924742,0,526
14,695.980652131761,327.194670037512,0,527
14,794.818930067211,737.504360125404,0,528
14,702.25,786.027936507936,0,529
14,758.922009174113,320.360732220887,0,530
14,599.754338517832,380.551881190986,0,531
14,639.265629934347,177.384235020361,0,532
14,441.139303482587,372.879738941903,0,533
14,720.758798054253,16.1209060299969,0,534
14,219.191331389699,701.937512147716,0,535
14,782.991660057144,6.24274624849892,0,536
14,200.213119514713,662.868369256582,0,537
14,35.5355171679501,569.090823088965,0,539
14,593.853293972342,458.18561597133,0,540
14,12.6049235402902,281.140229777413,0,541
14,440.690969786714,803.476586061692,0,542
14,330.406297526763,6.68838685861942,0,543
14,445.529017354068,141.740421455939,0,544
14,413.650359078064,378.233867413342,0,545
14,101.05473391228,92.9670647133449,0,546
14,117.392338479131,100.867998039696,0,547
14,314.27207649179,803.210412090468,0,548
14,567.058291817878,4.38733052372343,0,549
14,688.311309387687,275.209451866497,0,550
14,636.447666013831,446.729532811846,0,551
14,779.788753597152,794.030945091853,0,552
14,245.032727025311,439.853243722721,0,553
14,586.884277587779,162.370097308737,0,554
14,349.560445403184,703.100840267078,0,555
14,675.921278719996,459.647780249696,0,556
14,663.44206828781,499.689015071312,0,557
14,228.959813841986,74.2730481410807,0,558
14,506.49812094632,614.481345472339,0,559
14,377.571242637159,344.421853280122,0,560
14,540.713137752533,744.597901786613,0,561
14,139.729836131762,588.004851732635,0,562
14,44.3288646198327,415.509674354261,0,563
14,755.42740648881,609.220844832687,0,564
14,265.126927235511,713.307616913452,0,565
14,732.38101010101,330.689696969697,0,566
14,654.730629902253,717.426066921947,0,567
14,194.687186565447,347.921897454634,0,568
14,551.523330050158,206.684797272039,0,569
14,494.064778505507,440.585803388277,0,570
14,368.300070851407,372.751236203807,0,571
14,578.313718597144,117.552100579861,0,572
14,75.0025614568625,410.742924314833,0,574
14,374.641749723145,651.022148394241,0,575
14,60.3267356344014,437.724730293344,0,576
14,556.238440684619,663.554930898647,0,577
14,398.528872468528,359.324630541872,0,578
14,242.853625808908,463.428013576957,0,579
14,341.334677402925,632.9339664059,0,580
14,510.688878684702,510.33028184724,0,581
14,717.607343893017,630.830282522652,0,582
14,775.970009158883,420.037623909883,0,583
14,180.367312501481,612.776135168811,0,584
14,109.967348801429,596.015426857907,0,585
14,255.853665521191,785.544735029761,0,586
14,180.773626348192,394.838051428042,1,587
14,657.518942369672,107.26514231327,0,588
14,633.146106754315,706.566228424249,0,589
14,237.473756878468,263.359475715039,0,590
14,698.411291366187,145.012028987212,0,591
14,633.692624638601,424.02855123052,0,592
14,615.834956179745,415.100238834,0,593
14,431.269617548687,318.644663691175,0,594
14,47.1600854228801,469.724838175191,1,595
14,365.736397075406,309.93031542785,0,596
14,399.912209631737,606.596631335289,0,597
14,142.657531342183,101.700212020649,0,598
14,489.662076044079,641.485563523712,0,599
14,116.176412362669,709.725060603451,0,600
14,80.3674371888073,621.621348195233,0,601
14,653.096869204275,379.317900144249,0,602
14,570.969351703728,215.154308547843,0,603
14,698.131876828495,434.032535648641,0,604
14,176.551103434243,778.462930436472,0,605
14,41.0074637625437,322.171105606301,0,606
14,734.501418916544,671.83354821416,0,607
14,426.188677909087,551.393616754452,0,608
14,459.982103607509,540.389814011951,0,609
14,558.015354742134,128.171006326611,0,610
14,557.822289871283,769.636034635189,0,611
14,452.852640310595,603.619708903085,0,612
14,212.795459346315,416.272001542676,0,613
14,656.266883259566,404.646282345063,0,614
14,347.896129110613,790.311358033798,0,615
14,450.909263005342,658.954918517382,0,616
14,131.087159959619,12.9312559481906,0,617
14,784.909994382255,462.428988885332,0,618
14,234.265800730629,153.956426500252,0,619
14,251.97765046144,530.036604295497,0,620
14,596.347929125744,404.061266003572,1,621
14,737.338777515723,479.115306603774,0,622
14,762.61593639894,88.633025440012,0,623
14,594.21107532153,559.228328756878,0,624
14,595.637496555374,184.095904261316,0,625
14,443.581872335429,212.43616357456,0,626
14,590.881105231349,355.424990864114,0,628
14,245.529671802496,494.961203177145,0,629
14,737.241851851852,542.251588613407,0,630
14,431.393202813798,234.380411475549,0,631
14,294.443002559936,344.764200335034,0,632
14,310.938773425456,484.800083579428,0,633
14,151.352324456477,798.98294248667,0,634
14,502.257151805229,205.228074651152,0,635
14,191.125981070734,277.564009532057,0,636
14,204.023904109873,383.953117548756,0,637
14,288.65170217232,42.5957096149878,0,638
14,497.824470694024,688.512732711457,0,639
14,592.068476138047,673.568563520463,1,640
14,557.013652096519,453.013286744022,0,641
14,410.959249697201,253.488919965577,0,642
14,614.880188277843,510.0005218121,0,643
14,269.239506121621,30.9860650145665,0,644
14,396.733762727188,667.71022524004,0,645
14,754.237956943576,403.240215453456,0,646
14,701.74410270118,409.519185909485,0,647
14,774.094621491132,553.847016087657,0,648
14,561.286476169165,611.978041906254,0,649
14,69.2760035735557,648.737455330554,0,650
14,774.681064373251,132.373853971359,0,651
14,198.565050367657,719.421985123136,0,652
14,659.7278431087,257.664139391512,0,653
14,678.293596534261,767.646530080545,0,654
14,489.157295482295,532.838277678394,0,655
14,145.226921070425,520.762349322095,0,656
14,290.052761814587,444.643537574501,0,657
14,269.429615188646,460.565617924258,0,658
14,687.980332534584,488.232338240657,0,659
14,79.9128235185732,208.037068628666,0,660
14,127.010024833089,502.305725180481,0,661
14,758.418370483112,113.464704680474,0,662
14,736.896911687798,89.7504742245346,0,663
14,36.0888916776014,360.003235640332,0,664
14,296.059926375896,160.929418653586,0,665
14,396.439437537024,435.660166300457,0,666
14,637.993815419806,78.3589667089331,0,667
14,75.3553779342288,342.423677653842,0,668
14,188.345875094265,440.502170304555,0,669
14,57.9957001828081,94.1712370345261,0,670
14,161.002720444431,286.477010266478,0,671
14,52.7306129206129,760.382836875337,0,672
14,533.473932642705,623.517090072455,0,673
14,78.4746974272107,50.1015803751166,0,674
14,470.081475448879,785.486137013176,0,675
14,322.259276816428,436.675534805256,0,676
14,109.79474917622,560.900707559471,0,677
14,309.09509599368,754.880776464182,1,678
14,505.93668193419,284.298459575244,0,679
14,783.001838534625,504.016520303406,0,680
14,362.690465621364,436.761931453393,0,681
14,530.229232854758,574.903219873808,0,682
14,756.519042768553,185.908240228236,0,683
14,459.951299126154,631.09739800897,0,684
14,339.561838186698,260.262263088411,1,685
14,613.549008136832,782.37863947889,0,686
14,652.884210567102,747.619560298197,0,687
14,381.35771145453,769.584949798565,0,688
14,723.93671532974,602.894000313955,0,689
14,791.754962665661,312.089576686906,0,690
14,338.379614325069,188.976044302018,0,691
14,306.420021250759,608.405954007286,0,692
14,669.241971013106,432.971153522991,0,693
14,671.271891505649,29.075612685076,0,694
14,191.351350103428,542.540681639086,0,695
14,682.759572349989,616.910649522515,0,696
14,209.238544316855,310.904793124052,0,697
14,133.267152781701,303.466623196857,0,698
14,391.241245031859,316.825574622001,0,699
14,476.976600101456,758.247608586046,0,700
14,90.128486303489,240.40358239326,0,701
14,313.651660115396,297.001826583094,0,702
14,375.74420323685,253.354214549067,0,703
14,53.2878462702251,604.987684024248,1,704
14,355.230839597502,758.213632687693,0,705
14,219.716210258029,352.215589671236,0,706
14,794.012872044417,604.466346698827,0,707
14,101.68188222943,67.7953496352893,0,708
14,126.342621792793,661.297263941232,0,709
14,503.028951002256,169.165106449187,0,710
14,482.899315286392,720.081490714252,0,711
14,528.092939877777,248.091000913015,0,712
14,228.502795576127,547.398395220343,0,713
14,766.593404052768,442.239248762933,0,714
14,34.0883455478076,692.084414199079,1,715
14,466.981277805773,83.9765888382244,0,716
14,722.221228396798,431.783219262176,0,717
14,447.113482899181,570.634453844563,0,718
14,562.357247149151,641.65692868515,0,719
14,235.119275572969,99.5040023592855,0,720
14,215.232559639046,231.821527525837,1,721
14,588.876309888144,141.363328974155,0,722
14,66.2331420114071,226.162172406324,0,723
14,351.138963963964,352.371562221562,0,724
14,656.993457582783,571.423027762915,0,725
14,777.613501843075,198.674239478268,0,726
14,785.452476572959,36.5100401606426,0,727
14,83.4424879042526,586.880976936229,0,728
14,49.0000016648553,195.919753641371,0,729
14,281.560532925843,366.290705098295,1,730
14,515.229375088921,747.991654281449,0,731
14,451.674765176566,474.207851695144,0,732
14,369.804336122541,484.27943570168,0,733
14,621.846912213475,191.101986975905,0,734
14,435.472550494199,98.7935332878317,0,735
14,483.338677838599,287.192956678889,0,736
14,468.023807334764,345.521775291994,0,737
14,770.868024592633,581.088175685193,0,738
14,303.576818829449,585.512887085643,0,739
14,245.533631128052,230.923532118811,0,740
14,420.797641998735,770.793246679317,1,741
14,211.724064504478,575.800014083024,0,742
14,103.882569013267,340.1166884185,1,743
14,10.7695866752185,87.8254683931221,0,744
14,644.177440052746,520.90506417766,0,745
14,105.400339213739,160.637699494989,0,746
14,544.560141158786,544.949032516445,0,747
14,456.832313672197,432.826218609579,0,748
14,566.584876153526,293.061627456024,0,749
14,63.6922725140713,383.552896341463,0,750
14,128.687011009266,739.604689173286,0,751
14,244.124517128697,303.129834253172,0,752
14,674.046634166111,360.980107922073,0,753
14,211.036892361111,181.818603098291,0,754
14,742.698239958005,454.827938231803,0,755
14,745.62012716281,766.374589132743,0,756
14,528.154431570608,177.592367300456,0,757
14,669.301252599337,551.820215268801,0,758
14,537.985763807549,416.524108280625,0,759
14,89.3664300260029,538.995393741101,0,760
14,268.985615079365,397.381384220355,0,761
14,60.7304527553732,575.242142715045,0,762
14,420.57962962963,44.827644617862,0,763
14,395.877198919841,205.504205709612,0,764
14,67.5009762014929,517.76700549121,0,765
14,445.812151857258,287.489054044662,0,766
14,699.95507637692,38.8634512594984,0,767
14,424.565578723905,352.974718707144,0,768
14,597.068396947844,13.9654635150631,0,769
14,227.506733835658,670.198464045646,0,770
14,593.147850783001,303.975206920914,0,771
14,535.617964397324,695.554616097888,0,772
14,165.044802259887,357.698248587571,0,773
14,260.675617775736,126.297414954667,0,774
14,743.010913225826,304.004155221809,0,775
14,128.070819302858,77.2754186078694,0,776
14,8.64877301347889,412.260686154804,0,777
14,5.86153341264821,443.628177615132,0,778
14,5.0972978536275,120.359539849174,0,779
14,7.45812494899684,371.771786800965,0,780
14,555.863448838808,96.5596362989149,0,781
15,534.674443166427,782.858718410862,0,1
15,565.728964161907,400.523540824367,0,2
15,701.83576680301,114.2673902944,0,3
15,748.869051298616,644.156746217735,0,4
15,288.304278416347,471.379285739393,0,5
15,303.580285534834,687.453880004509,0,6
15,713.354111779144,357.059440171394,0,7
15,316.996075736754,177.115071003207,0,8
15,108.916275988015,247.767534247969,0,9
15,179.119689890237,803.246193414211,0,10
15,693.652856600565,645.088000740385,0,11
15,261.126183488803,596.924142377554,0,12
15,756.061791141043,520.523254133789,0,13
15,272.411097986718,648.881032627241,0,14
15,572.213786270638,237.080198562887,0,15
15,688.638988557881,381.287892258115,0,16
15,600.745048245492,703.791001729992,0,17
15,764.691155100914,767.823052351697,0,18
15,674.891191123188,736.335638998682,0,19
15,24.4852022171054,714.318529009018,0,20
15,143.685652117649,550.437276706474,0,21
15,465.248465063992,162.975952669203,0,22
15,692.803953736444,514.093008118839,0,23
15,705.433696546347,674.441906221008,0,24
15,495.204060626283,376.295038472816,0,25
15,13.7152126937416,306.402868406743,0,26
15,81.7110382220488,667.671955526833,0,27
15,582.931608811749,436.264727043465,0,28
15,368.147252646951,222.080509918462,0,29
15,69.9027224802772,152.477786994028,0,30
15,116.683699492212,389.732020718132,0,31
15,795.337404081169,378.531700739562,0,32
15,219.544161760634,504.558813402198,0,33
15,515.092906652369,418.160420438622,0,34
15,187.697640093962,107.005497847842,0,35
15,588.993871913201,773.823917060339,0,36
15,306.373273912389,124.119347155126,0,37
15,454.913988694069,700.839599501772,0,38
15,343.381299667203,651.237033360557,0,39
15,253.54498093231,84.7232807717397,0,40
15,516.647289318304,15.8179099175902,0,41
15,77.5590700392048,175.13843125583,0,42
15,417.806517037088,456.491856396804,0,43
15,394.945497755639,634.770326539061,0,44
15,581.07479403615,709.984810515045,0,45
15,735.729361085962,33.4299045894561,0,46
15,11.3666893777172,783.790254525988,0,47
15,633.755838708,325.604235246687,0,48
15,411.510692433576,333.874678695394,0,49
15,607.713022973081,218.641243012185,0,50
15,244.998755905512,651.829165354331,0,51
15,118.985139450713,215.417725760004,0,52
15,638.303364056105,790.455724521086,0,53
15,268.074185772404,424.240928228331,0,54
15,703.270476594887,86.661079523645,0,55
15,147.433955194601,775.99278876334,0,56
15,737.827904643305,176.197957813136,0,57
15,758.147407472331,13.6160182912842,0,58
15,762.815653660811,729.586652541966,0,59
15,722.555764743668,502.177601616973,0,60
15,138.7184399326,34.1991108256553,0,61
15,788.197511767672,356.529167264711,0,62
15,104.137762757305,27.8348080435077,1,63
15,43.4224894092004,244.797315825555,0,64
15,160.735569735836,661.365895127269,0,65
15,559.622930925229,523.422908088146,0,66
15,99.0210777926164,127.371761792392,0,67
15,232.452914798206,28.4854260089686,0,68
15,730.856193377574,786.062152243745,0,69
15,296.780546625237,663.613014301075,1,70
15,286.077777777778,626.314497123827,0,71
15,358.792035006191,413.133748132922,0,72
15,369.39355562967,27.6417998317914,0,73
15,428.374957758854,529.666676804542,0,74
15,442.630337002769,397.629261810605,0,75
15,471.154726796101,49.4432723445731,0,76
15,575.320338328176,745.80649407505,0,77
15,309.37026706965,714.120397321595,0,78
15,652.532779649031,695.961424058117,0,79
15,480.379521806143,397.104493527283,0,80
15,464.193011570036,303.246199597796,0,81
15,179.719793868154,703.657966157641,0,82
15,242.388489100177,574.349818394722,0,83
15,786.501912960306,79.6554280248685,0,84
15,25.8383494363929,153.532785829308,0,85
15,370.759728389859,624.150868845479,0,86
15,497.680215297002,336.763034686846,0,87
15,368.301280686855,154.065159154188,0,88
15,106.161577245053,632.182437758208,0,89
15,546.90771212499,270.264417494747,0,90
15,733.729593008002,580.153672716173,0,91
15,97.8566687163963,504.874115068666,1,92
15,622.928792390865,392.31852047986,0,93
15,565.132459962959,577.94885790028,0,94
15,45.4538613744619,167.192402065165,0,95
15,763.512604749319,291.751375827238,0,96
15,616.824054333815,91.4373949676152,0,97
15,227.319569701136,739.221536680552,0,98
15,480.130684415106,182.510894581225,0,99
15,138.892354021125,616.422097562061,0,100
15,348.964980102828,237.416304651701,0,101
15,778.476657383137,640.994049135964,0,102
15,335.090068951729,48.7760213195272,0,103
15,627.741168929702,158.221547235957,0,104
15,222.878827935182,766.27202033874,0,105
15,480.50977482378,613.426886856599,0,106
15,573.878228220863,20.8144726754811,0,107
15,56.159155382461,721.999388459157,0,108
15,541.994209750059,69.7962533031333,0,109
15,744.699595738932,145.572147375691,0,110
15,367.579170847896,188.880036218093,0,111
15,477.225231105399,323.869041171922,0,112
15,517.713181961833,549.315771869018,0,113
15,305.14801507902,530.310218935769,0,114
15,658.03724314489,329.724527896227,0,115
15,28.001937880627,396.368553315363,0,116
15,118.214910964517,183.982211622551,0,117
15,117.46116602775,278.77084432999,0,118
15,161.769533269907,422.660884980259,0,119
15,677.82713396936,96.6353732868933,0,120
15,43.699932414166,785.225918416389,0,121
15,291.64149063931,507.988672330969,0,122
15,153.083444595206,753.970924167044,0,123
15,779.128965517241,667.050574712644,0,124
15,143.816303099885,403.698048220436,0,125
15,247.989641682448,730.465116781288,0,126
15,719.236010443457,233.416460692297,0,127
15,656.668758850759,777.74821384911,0,128
15,268.765625837964,275.46589537877,1,129
15,93.0286536288936,689.823195026279,0,130
15,335.906593559909,81.768850258261,0,131
15,210.506992342493,152.658208908772,0,132
15,341.784161679244,166.055646630237,0,133
15,626.930885628049,38.4866009289241,0,134
15,126.055797281157,430.809536830079,0,135
15,64.0727158894646,359.871147092689,0,136
15,145.52099446073,170.887398161099,0,137
15,436.810422137512,727.815280890224,1,138
15,801.007147089923,175.309681285956,0,139
15,634.730486726977,244.027835557867,0,140
15,182.890988564033,750.844340592588,0,141
15,538.240211814654,494.772836448085,0,142
15,573.824072792112,542.546698482624,0,143
15,235.621041520056,204.630673821253,0,144
15,214.648484467538,472.065219577606,0,145
15,665.663564356812,60.4678889155133,0,146
15,143.717783995319,481.708763075123,0,147
15,550.66580988456,19.7161976911977,0,148
15,179.131703481189,578.931463998164,0,149
15,792.951670640826,404.646845673147,1,150
15,33.2564563097763,639.508897370771,0,151
15,305.155932524417,226.975886731668,0,152
15,158.517142805783,254.987621281778,0,153
15,753.160330851944,354.792543106191,0,154
15,263.17191361685,206.187591217792,0,155
15,333.697514456012,727.86028294782,0,156
15,694.664483984963,14.9670558992055,0,157
15,634.460666666667,120.7418336437,0,158
15,39.1558070852598,70.5852752779612,0,159
15,194.214077847281,496.24741127728,0,160
15,116.68422675737,682.275873015873,0,161
15,162.074415018438,88.4570276008492,0,162
15,482.164851940375,225.935337390949,0,163
15,638.809819110776,551.66821871892,0,164
15,176.604936159731,320.92841962705,0,165
15,787.673058999196,765.801778250139,0,166
15,428.384296134335,270.889204134636,0,167
15,155.069951504526,703.159957197315,0,168
15,654.211512356769,646.339880399848,0,169
15,279.52512993298,112.029549186689,0,170
15,196.019088852928,83.8008739554647,0,171
15,646.742174150214,297.865998023559,0,172
15,217.275569687334,51.4801271860095,0,173
15,753.386928809689,218.460676461347,0,174
15,51.8784540430483,627.888661254015,0,175
15,783.516529329443,272.782021869589,0,176
15,291.574835501653,788.193598959926,0,177
15,455.99556281131,262.541573558846,0,178
15,134.245308775024,329.550622122073,0,179
15,310.911129932869,631.711207054726,0,180
15,97.0696189009429,197.435862040329,0,181
15,671.074914575233,129.783612191194,0,182
15,387.77881427942,387.340136304191,0,183
15,525.409919873234,272.191445811568,0,184
15,280.78818187749,752.439565423141,0,185
15,506.777573203657,236.098477030366,0,186
15,385.254486234022,413.39021921453,0,187
15,787.666185349779,334.141873312848,0,188
15,769.171592238476,481.957867051999,0,189
15,719.026996452831,702.833351248328,0,190
15,274.99872406419,12.1640833863566,0,191
15,654.44983241477,473.648573772561,0,192
15,419.206783618261,701.039809137553,0,193
15,511.60717392109,789.289873880376,0,194
15,80.5009806867759,293.878477569864,0,195
15,401.101145764815,513.707985593044,0,196
15,281.311304413111,77.9321794461269,0,197
15,366.510468866286,54.2213726949475,0,198
15,321.527049004635,369.150104828122,0,199
15,134.430745967742,261.695134408602,0,200
15,499.628358226116,312.908318673611,0,201
15,181.115998923236,243.291045096984,0,202
15,415.35143095469,18.2202688767594,0,203
15,626.883686628827,731.225001491809,0,204
15,181.359204716051,645.216672005829,0,205
15,692.373064173271,719.113905494675,0,206
15,303.192771983165,61.9550516353945,0,207
15,493.764635138963,99.6061317010767,0,208
15,555.994312169312,165.220601781642,0,209
15,381.026168276168,692.118381618382,0,210
15,772.369050882724,387.221832087362,0,211
15,494.962974598842,26.6632826297283,0,212
15,684.897472858316,121.661037618222,0,213
15,299.998980054533,388.796849835883,0,214
15,42.393662820865,498.623238867015,0,215
15,341.75175701647,549.898494360406,0,216
15,591.168510727171,97.304274766078,0,217
15,671.920487838893,150.910139152283,0,218
15,32.0195107115703,121.007244211876,0,219
15,317.529893123341,551.423473647227,0,220
15,298.862657091562,92.5694195092759,0,221
15,441.069783475317,193.738470674967,0,222
15,42.2158552140838,217.612319065319,0,223
15,702.510760858755,57.2113960990527,0,224
15,392.837441754632,24.2074687358046,0,225
15,327.276187800327,776.846078007593,0,226
15,350.685377236048,142.507649116867,0,227
15,69.2285907760768,247.60347114976,0,228
15,658.380631609445,603.217943544215,0,229
15,226.256284209156,610.129288004275,0,230
15,173.314159589197,467.197654196794,0,231
15,12.7097612081879,666.10456967478,0,232
15,194.455229511159,49.1018049155146,0,233
15,275.785117356602,243.261364200036,0,234
15,337.158135048891,471.551018698078,0,235
15,273.707232362668,151.415624392076,0,236
15,111.478839276066,475.700701388299,0,237
15,803.15383508368,439.073035033447,0,238
15,547.788317229841,236.000826419863,0,239
15,104.702807309694,438.119719962886,0,240
15,702.942106621531,250.333537405167,0,241
15,163.625857676002,499.818293211541,0,242
15,167.875475697525,138.435778369319,0,243
15,255.294390760668,669.059393606737,0,244
15,702.880762120217,267.174487338539,0,245
15,629.999011857708,265.099858052575,0,246
15,87.5841268217805,452.797868536614,0,247
15,712.073805763751,131.942716558461,0,248
15,787.272655418757,105.575929906846,0,249
15,619.257334315303,533.912640589909,0,250
15,522.992789865424,341.923538037361,0,251
15,609.982640137646,478.306142114535,0,252
15,725.883893425357,61.2845328370097,0,253
15,169.53437867819,115.084065074733,0,254
15,212.605663559051,641.033411484931,0,255
15,621.300297579509,15.9557350479581,0,256
15,631.069915359763,622.523303233241,0,257
15,633.041796838704,489.031671123317,0,258
15,678.954135603789,169.38640477566,0,259
15,146.057750834611,204.446088269401,0,260
15,321.145517233253,400.909263137637,0,261
15,215.107786131997,680.840644945698,0,262
15,477.346045189238,475.368319779772,0,263
15,441.97177979655,783.082115843427,0,264
15,85.7231591518714,727.344755494156,0,265
15,776.106919348767,228.080839450405,0,266
15,331.706355880594,691.217106209417,0,267
15,453.712138255212,115.192651248074,0,268
15,604.313573328805,238.230851304692,0,269
15,533.577619057645,147.191940245437,0,270
15,287.562800191528,727.697299617769,0,271
15,568.073376736111,359.009296875,0,272
15,581.381562938845,626.076794763932,0,273
15,274.03112941227,689.948206647453,0,274
15,472.111376805708,11.2050734371162,0,275
15,77.4056788997026,14.6362834549878,0,276
15,363.652852569136,102.161738457927,0,277
15,542.258945502515,378.597568327974,0,278
15,295.243383979758,193.060833262029,0,279
15,135.116660463142,456.829052611684,0,280
15,400.124972167916,117.890636200717,0,281
15,470.10273850284,202.002469046587,0,282
15,326.721276917406,229.798594018335,0,283
15,373.859143839575,555.656830308984,1,284
15,396.221709914147,288.399985790441,0,285
15,330.17730489636,127.625944389511,0,286
15,431.592169957414,750.828573041683,0,287
15,473.90465141129,509.566521108158,0,288
15,213.95232879029,15.8007272905472,0,289
15,20.9290386276688,47.3148048422021,0,290
15,523.061638886398,309.470252691547,0,291
15,547.785147838102,340.908889517692,0,292
15,729.423595589959,121.565275903325,0,293
15,297.11193353491,13.2920269600457,0,294
15,662.917142710893,235.109652265902,0,295
15,632.46952024043,761.387243673148,0,296
15,44.6136604700497,25.4908400552921,0,297
15,416.382544357391,297.74348837415,0,298
15,683.298782610517,340.126837797444,0,299
15,22.2919262616299,764.291130726042,0,300
15,43.1819677871148,138.152322595705,0,301
15,651.272720047116,163.036949882211,0,302
15,665.192316084283,215.026186799082,0,303
15,428.89883192716,430.634686081965,0,304
15,676.063920839415,694.817548413788,1,305
15,19.9058444037258,187.617966483433,0,306
15,268.234219199485,573.405566377655,0,307
15,236.084556870223,406.856560162323,0,308
15,251.247549298797,174.421580863235,0,309
15,629.227396325506,586.645626102763,0,310
15,125.092057321208,126.398178819114,0,311
15,404.625448872547,151.955130446388,0,312
15,28.1786991296166,444.453268675344,0,313
15,790.886497871184,247.837601156506,0,314
15,24.9109602471498,599.433283512881,0,315
15,27.4404054077967,740.710944550618,0,316
15,490.85992751829,584.613242103808,0,317
15,201.982413461937,759.910958079647,0,318
15,681.217460550449,665.467686370742,0,319
15,337.231811317181,413.062929162534,0,320
15,362.554791521765,455.538255416665,0,321
15,799.309998158297,488.29563707975,0,322
15,525.869945874962,527.572797839496,0,323
15,597.570005142281,527.932669177703,0,324
15,499.459859043837,63.9966727060985,0,325
15,560.656869566279,705.142807118728,0,326
15,772.020372649153,169.264493059457,0,327
15,71.1895571023524,699.046310624935,0,328
15,286.171439794844,564.095507033694,0,329
15,183.611705232437,153.985237301091,0,330
15,633.014966443348,58.7634094029332,0,331
15,445.275362411709,15.3519180672287,0,332
15,723.959397422181,758.131418986002,0,333
15,718.636442787688,385.631013874251,0,334
15,245.361987781748,333.807163336421,0,335
15,523.80333190975,664.65530695119,0,336
15,714.951402155887,547.079710613599,0,337
15,47.8063463220944,278.498265174118,0,338
15,301.817391090085,422.233867479247,0,339
15,266.989074634894,335.839352693561,0,340
15,85.0437541512075,387.051003701152,0,341
15,619.738925488414,305.649736932146,0,342
15,556.841105428147,728.379155804873,0,343
15,757.618458504801,673.391932441701,0,344
15,240.269179166667,364.046216666667,0,345
15,11.147274614752,139.350151223042,0,346
15,424.358134936287,635.66559207078,0,347
15,602.88041580815,739.338846916972,0,348
15,8.08032166661486,576.362843234443,0,349
15,340.922092997464,106.02232885524,0,350
15,486.503829450138,134.26505088169,0,351
15,598.796221559338,251.892586627562,0,352
15,118.228193153656,530.72749535316,0,353
15,725.39897892154,287.854045995221,0,354
15,506.686369602486,483.140627343834,0,355
15,360.644170912825,720.938412924122,0,356
15,319.457859279176,70.781577595843,0,357
15,605.3380940047,39.1529066029338,0,358
15,145.84506911596,148.651487030946,0,359
15,100.676601894927,408.175780336305,0,360
15,383.320753303858,134.361132854968,0,361
15,741.543988872762,424.172599177552,0,362
15,36.7545164189952,292.45302513053,0,363
15,606.24220316843,124.314260879814,0,364
15,691.498458449665,540.363728464996,0,365
15,428.988901672036,602.098462187452,0,366
15,399.823066982203,486.217410383698,0,367
15,85.6866321174673,317.0352191438,0,368
15,569.792915876028,801.504340607211,0,369
15,757.320759660278,44.5989600399283,0,370
15,65.7258489484044,270.352678197796,0,371
15,696.180214271612,580.42174983342,0,372
15,446.058228270346,51.7846377517239,0,373
15,631.324673688147,139.748370303826,0,374
15,323.460592121827,149.800875617219,0,375
15,26.9302475440132,500.047315593124,1,376
15,460.124871797277,364.442082856482,0,377
15,238.309003558241,707.530189728097,0,378
15,391.868683532781,465.137318868734,0,379
15,728.647832091351,163.277456159864,0,380
15,320.644096728307,577.275659870397,0,381
15,693.663330209842,216.356465343442,0,382
15,9.13863055103464,10.8650507633884,0,383
15,364.642676178353,670.683581291326,0,384
15,517.268099547511,458.871786192344,0,385
15,347.122951566024,608.379881688918,0,386
15,207.114892544274,735.441379907985,0,387
15,54.760360422924,668.368711069444,0,388
15,767.702434815194,64.858814914892,0,389
15,483.401906222417,265.095401492067,0,390
15,571.304706621048,266.379192396809,0,391
15,609.534075903346,608.033235581623,0,392
15,585.765732048748,593.242704216074,0,393
15,521.225529596313,641.403013770892,0,394
15,219.482834758087,445.990319881721,0,395
15,704.465286434391,162.548403548255,0,396
15,347.777861442077,214.914370819861,0,397
15,261.261415525114,64.1971080669711,0,398
15,528.235181817076,207.261855501762,0,399
15,387.686447829345,176.599263958935,0,400
15,526.918832899503,475.14659180664,0,401
15,107.2618180649,306.201374431414,0,402
15,719.827202209234,206.01452932012,0,403
15,702.669192065765,301.952955775688,0,404
15,92.4522819038297,275.999253130226,0,405
15,617.905898182895,348.52339823776,0,406
15,86.758288378873,790.569700693735,0,407
15,332.193694985199,27.6538521388382,0,408
15,61.4763447434282,301.858773048218,0,409
15,322.867210354915,668.894557703984,0,410
15,343.595628415301,578.542970690512,0,411
15,256.261615918105,624.804493413311,0,412
15,255.690791398803,379.376201876894,0,413
15,651.434035354069,23.0850875238677,0,414
15,448.336284997544,330.755652851942,0,415
15,351.356572760223,14.5305890606746,0,416
15,741.252414052668,250.786288710114,0,417
15,129.356414632472,788.384025316917,0,418
15,289.965986524952,536.701486791705,0,419
15,370.978807159211,585.913116123642,0,420
15,587.578123872116,502.110135220205,0,421
15,28.1551479102229,262.056583392815,0,422
15,426.193058918483,139.118424132365,0,423
15,289.626914938637,287.850357991942,0,424
15,405.93565939189,724.456946100164,0,425
15,186.437052313883,66.1452045606975,0,426
15,583.119190376549,70.3011329767773,0,427
15,607.523630465236,74.741995686795,0,428
15,555.426821942564,45.6304507678821,0,429
15,701.364274110176,750.531545685029,0,430
15,610.121828123747,671.678517102359,0,431
15,368.636833370404,798.781578942366,0,432
15,126.444407460867,350.102263394968,0,433
15,628.566112808656,684.263629702029,0,434
15,508.3089569161,131.324319727891,0,435
15,321.897184817423,204.482918282373,0,436
15,177.734514113805,178.654282173708,0,437
15,232.240666800237,641.92380669567,0,438
15,187.713621591582,129.766444976019,0,439
15,139.800006644429,235.385241887408,0,440
15,473.424339111883,121.218435279993,0,441
15,670.53633087101,529.328439623859,0,442
15,399.605870020964,547.675262054507,0,443
15,803.570086514252,60.2409761863576,0,444
15,534.10973157736,118.670489706556,0,445
15,230.723209859586,129.608911785973,0,446
15,692.089036619119,184.192954368036,0,447
15,655.369780173146,136.49993398593,0,448
15,710.889883276924,190.802889149238,0,449
15,601.163887733407,647.678401545264,0,450
15,744.615780034862,272.902176633593,0,451
15,461.778633022835,237.061249066541,0,452
15,518.581165393411,44.2199640955735,0,453
15,614.283457402812,640.772855824903,0,454
15,434.217904095232,126.83131967978,0,455
15,739.437307221265,740.978023224168,0,456
15,531.261330932242,440.258569050189,0,457
15,698.312052522271,476.069184839045,0,458
15,21.8324464598475,538.255005077837,0,459
15,732.593469485558,216.874656701012,0,460
15,429.767646804922,159.573314474305,0,461
15,546.844134416094,310.981903485255,0,462
15,715.882527653783,314.508052470097,0,463
15,662.781851996453,182.186255905524,0,464
15,375.208207131232,520.196517828081,0,465
15,395.699570936623,96.8616603720851,0,466
15,8.09440885972678,246.454396014512,0,467
15,742.028351002451,714.216669698671,0,468
15,421.317075303986,61.6053675091633,0,469
15,408.841048879568,577.338322577929,1,470
15,661.768748123133,198.591060155384,0,471
15,481.119367796148,454.047743781626,0,472
15,163.075843932187,728.994390249055,0,473
15,765.17361551264,257.322947522281,0,474
15,426.77353506244,476.9223710071,0,475
15,421.745490971643,184.063275753736,0,476
15,786.395875952713,704.433893085811,0,477
15,802.790278756271,573.963093723866,0,478
15,623.728428329768,369.657616141705,1,479
15,670.140790402258,307.858312749941,0,480
15,535.843379306748,32.6166770982356,0,481
15,736.549107096262,373.774443957374,0,482
15,393.032311681102,803.140295276561,0,483
15,186.328044718656,214.731336643262,1,484
15,13.8947841693477,213.151222420001,0,485
15,137.564896449372,369.921667323199,0,486
15,7.2475316919666,699.224144302002,0,487
15,268.280863429315,544.109563201562,0,488
15,360.815993073625,73.6107210799017,0,489
15,454.53916816692,177.844942990352,0,490
15,308.530402198194,257.545964847244,0,491
15,719.702680968744,726.826330296154,0,492
15,208.528309575129,789.78006219825,0,493
15,239.614881507382,6.30505050505051,1,494
15,722.727558048013,263.984051554506,0,495
15,393.825418038564,744.042258980182,0,496
15,444.861273279006,507.498838516129,0,497
15,497.246786150358,256.747578347578,0,498
15,271.546150115847,179.645377579611,0,499
15,394.769305489037,68.869497888832,0,500
15,565.664458827501,481.965577189527,0,501
15,148.962380897551,122.448853583666,0,502
15,357.736358818712,536.140105345988,0,503
15,405.342092875709,225.870497365892,0,504
15,577.785718011842,44.1668459029462,0,505
15,763.968459804557,699.311029451463,0,506
15,6.89539197467768,477.310546749102,0,507
15,370.823698226307,125.424095144693,0,508
15,377.693937914434,732.127159218215,0,510
15,13.4027454713155,338.334563394337,0,511
15,184.266767364319,11.1801746140146,1,512
15,799.956498073686,525.24796138468,0,513
15,313.229083971649,9.79657562168773,0,514
15,456.826569343542,141.197836502373,0,515
15,514.225255278095,587.27614118111,0,516
15,344.962015372181,501.202226546613,0,517
15,160.025625248114,66.3774160822196,0,518
15,97.5508387783107,368.037810384694,0,519
15,481.911916313835,154.944707679914,0,520
15,7.24854411461554,174.517771996809,0,521
15,802.639097649738,654.099529325717,0,522
15,321.057492099946,516.998026686138,0,523
15,168.843955266409,23.5639094466054,1,524
15,555.123332261507,803.719067324675,0,525
15,2.56572846779032,36.57369224895,1,526
15,694.843191777662,327.167200023064,0,527
15,794.957328703468,736.808345529378,0,528
15,702.49194068343,787.218374013693,1,529
15,758.344993711496,320.405801614202,0,530
15,599.641139221003,378.483493569991,0,531
15,639.016497804355,177.722001714736,0,532
15,719.749468431597,16.0204891112122,0,534
15,221.141192751965,701.805082973515,0,535
15,783.138995746382,5.88351154405631,0,536
15,202.18961600697,661.987322110198,0,537
15,434.027116451632,177.35927166779,0,538
15,35.7512129399298,568.72826065893,0,539
15,594.782970699566,459.955956705312,0,540
15,11.6101127463914,281.451405468715,0,541
15,440.580322055575,803.502972698735,0,542
15,329.861201814059,6.44514739229025,0,543
15,445.113410260859,141.716076696165,0,544
15,413.1263586371,378.691561975961,0,545
15,102.251166106795,91.2172037931276,0,546
15,116.917358724982,101.282271465455,0,547
15,315.177295719465,803.396672319468,0,548
15,568.281584316067,3.2117977807633,0,549
15,688.542207214841,276.846470719915,0,550
15,641.009526270456,447.961602067183,0,551
15,780.071031812883,793.698627379742,0,552
15,246.707717367985,439.797606498445,0,553
15,586.995420784195,163.457785547523,0,554
15,350.014152394066,703.003468433238,0,555
15,676.016626267719,459.558713891421,0,556
15,662.851136117345,501.131223650817,0,557
15,227.538078203213,74.7829952564405,0,558
15,504.193161543305,615.774403418675,0,559
15,377.159044455358,344.874806324876,0,560
15,540.593886116152,744.220764140956,0,561
15,138.802257131814,587.07830240477,0,562
15,44.3918235344679,416.033732307604,0,563
15,756.616095240885,609.137439154593,0,564
15,265.3975564101,713.933245844269,0,565
15,732.258094098884,331.511472620946,0,566
15,654.275824050633,719.164849367089,0,567
15,195.000758265089,347.456056307873,0,568
15,551.771783061257,205.191289033394,0,569
15,494.96013208203,440.392891901286,0,570
15,368.231415241885,373.696393094374,0,571
15,578.853427975259,117.608350100604,0,572
15,74.9025194899278,410.915308854643,0,574
15,377.435670815065,651.020560535338,0,575
15,61.5750662568378,436.974701733728,0,576
15,556.411190297897,664.761772041039,0,577
15,398.837103174603,358.605704365079,0,578
15,243.069332181076,463.376655756996,0,579
15,340.705237334838,633.740432775651,0,580
15,511.433452640017,510.485354246614,0,581
15,717.218460918871,630.852047147671,0,582
15,776.162778838898,420.898261629095,0,583
15,180.61786603382,610.739456018119,0,584
15,110.101525066311,596.807428534189,0,585
15,256.934713341163,784.913741354561,0,586
15,178.779604669793,394.013576626389,0,587
15,657.933533438973,107.016909434422,0,588
15,632.62881603099,707.126354590123,0,589
15,233.535596718663,262.372221313034,0,590
15,699.056290890947,145.442121183771,0,591
15,634.488566835463,424.202994936098,0,592
15,615.422061357211,414.579073089943,0,593
15,431.822591955122,319.297634984382,0,594
15,45.8270965059328,467.211796648816,0,595
15,365.180679427771,310.25050906346,1,596
15,398.923735245716,607.916879637736,0,597
15,142.410544004676,101.091009101536,0,598
15,491.801425511833,644.840462460372,1,599
15,117.331595345749,710.453107990385,0,600
15,80.7698224621357,619.799187187352,0,601
15,651.8760818526,379.064758823037,0,602
15,571.584645669291,215.841644794401,0,603
15,698.522949218314,435.554748823832,1,604
15,176.756818845112,777.906735459662,0,605
15,40.615721661693,321.842626051415,0,606
15,734.057039212668,672.613549575894,0,607
15,425.638730686621,550.837495092265,0,608
15,459.308256597265,541.460671406647,0,609
15,557.972841859095,127.867034029389,0,610
15,558.440603791576,769.592228251725,0,611
15,452.270269766749,604.706773045682,0,612
15,212.313845260249,415.427820577776,0,613
15,657.393347989602,403.712903047398,0,614
15,349.497394480143,791.287900407954,0,615
15,451.367989779277,660.593200112399,0,616
15,131.459902813522,12.314897095655,0,617
15,784.265070434936,462.916739302694,0,618
15,234.299170664104,152.94766805838,0,619
15,251.130850966192,531.114484252801,0,620
15,597.047242433829,396.322226992664,0,621
15,736.805389492754,479.829811076605,0,622
15,761.754009618369,88.9810520484219,0,623
15,591.336332841101,559.509128097628,0,624
15,594.5628695393,185.49420388715,0,625
15,443.484837516088,212.168721705728,0,626
15,590.911986750623,352.859174537584,1,628
15,246.703924646782,493.983176347462,0,629
15,737.19288015288,541.513256893257,0,630
15,431.633528265107,233.90604288499,0,631
15,293.485410792464,344.551388402811,0,632
15,311.822219148348,484.661732033794,0,633
15,150.576659889919,795.69818680683,0,634
15,501.603978165505,205.263635525804,0,635
15,193.007110105168,276.087010438082,0,636
15,204.221121851131,384.702700959106,0,637
15,287.288094553126,43.0730211244452,0,638
15,497.577478149124,685.715885754368,0,639
15,590.294880582688,672.924575460066,1,640
15,558.115545024702,452.42622818735,0,641
15,410.950608703266,253.656547151586,0,642
15,614.721361196285,510.064400044553,0,643
15,269.064416797118,31.5868576309987,0,644
15,397.764034307691,669.834783674205,0,645
15,753.044588924066,403.772429519071,0,646
15,700.172158000668,410.781201561433,0,647
15,773.594524337894,554.294544141374,0,648
15,559.258444173641,612.098312416617,0,649
15,69.3588765121571,649.453024314289,0,650
15,773.491066108736,133.006716721169,0,651
15,200.801988583193,718.919672936553,0,652
15,659.915084109958,258.907889338257,0,653
15,678.656701053905,769.440830706531,1,654
15,489.262125220459,533.208828937834,0,655
15,146.425165250236,521.411237016053,0,656
15,290.37984020215,445.309009982917,0,657
15,269.441927024743,460.706236712448,0,658
15,686.793913644783,488.961763460798,0,659
15,78.8545129361186,209.175732420522,0,660
15,128.805601436309,501.455592260158,0,661
15,757.864058740969,114.183137072368,0,662
15,736.3716416824,89.1544840425105,0,663
15,36.1960592144564,357.456051546273,0,664
15,295.786234906308,161.01898594818,0,665
15,397.586365062178,433.650768459143,0,666
15,637.94601251044,78.9789972899729,0,667
15,72.9603360720189,341.18742158888,0,668
15,189.86348736111,439.265271090289,0,669
15,59.6384111240307,93.6520480699947,0,670
15,162.694161222919,286.394098537336,0,671
15,53.1554595874796,758.881361837591,0,672
15,533.082479689587,623.535167680458,0,673
15,77.7147114872975,51.1342372944277,0,674
15,471.073944232294,784.12557309293,0,675
15,322.72602504774,437.563327805526,0,676
15,110.421500795016,562.380599416007,0,677
15,313.583178397317,755.605695125805,0,678
15,506.413570467226,285.340503948518,0,679
15,782.914751447538,504.018236305122,0,680
15,363.010591095413,437.262291775685,0,681
15,529.858508998465,574.210745150921,0,682
15,756.665463190718,186.409003760021,0,683
15,461.558248838192,633.613845554064,0,684
15,341.490203739798,258.893992227811,0,685
15,614.495943508311,782.300265139853,0,686
15,654.012589692496,749.58221773175,0,687
15,381.738079669684,769.225362201716,0,688
15,725.06733744079,602.486344695088,0,689
15,791.567439927733,311.505443541102,0,690
15,338.80827300489,189.586136203472,0,691
15,305.872086720867,608.543117660343,0,692
15,670.367168023909,433.258406960111,0,693
15,670.949118570296,29.1337778910409,0,694
15,190.787318318083,540.718324878904,1,695
15,682.328359901058,617.309051348999,0,696
15,210.41297104762,309.886588798298,0,697
15,133.067086970579,303.247959827781,0,698
15,391.798963885888,317.960036446523,0,699
15,474.943738327215,756.631447248979,0,700
15,89.6471281261665,240.517133258679,0,701
15,314.008364926368,296.564474662007,0,702
15,377.034768538995,254.108470809376,0,703
15,55.3062952597306,605.506538156127,0,704
15,356.896504718158,758.710789372509,0,705
15,219.158309758398,352.763055636848,0,706
15,794.649811113338,603.217121219483,0,707
15,100.756216882272,65.9989504043006,0,708
15,129.148238482385,661.081477961966,0,709
15,503.181036340113,170.238244140988,0,710
15,482.95616783288,719.603029487072,0,711
15,528.607530320661,246.740120503881,0,712
15,228.02078909731,548.418581116184,0,713
15,766.175020885547,442.330800960735,0,714
15,34.318981812951,690.569991532544,0,715
15,466.042767300037,83.72993311004,0,716
15,722.256487711223,432.185871365033,0,717
15,447.368222633348,571.060082749771,0,718
15,561.887463796814,642.458715078156,0,719
15,235.717047215001,98.9629508855966,0,720
15,211.809822918607,235.083352861067,1,721
15,588.524465659732,142.071273867199,0,722
15,64.4419247289618,226.498490554046,0,723
15,351.378164556962,352.340490100617,0,724
15,657.749017026505,572.576663156047,0,725
15,777.819447004608,197.105858836504,0,726
15,785.865276443818,36.6953525504642,0,727
15,83.9264174635371,586.981050696141,0,728
15,49.030737677236,197.013891478083,0,729
15,280.673554065297,366.020024090498,1,730
15,515.653117765631,751.421450195038,0,731
15,452.557236101664,473.55837638105,0,732
15,370.070067391291,483.167202148561,0,733
15,621.867712450593,191.878094806763,0,734
15,433.424729981378,99.4829092843841,0,735
15,483.415063980598,287.635094956137,0,736
15,468.522418274738,345.419757247335,0,737
15,769.69539192926,580.457296468411,0,738
15,303.95839362845,586.234087178909,0,739
15,244.389394195522,231.893084994819,0,740
15,420.722412299092,770.266368273934,0,741
15,210.916573472287,573.221429637101,0,742
15,101.71884699471,340.731324641523,1,743
15,10.101421268526,88.5554788292714,0,744
15,643.971889182347,520.932355219639,0,745
15,104.915833782557,160.246630421234,1,746
15,544.856319502735,545.624616380564,0,747
15,458.335483970066,430.842652338347,0,748
15,566.260470259155,292.034913523749,0,749
15,63.8108067989988,383.63804451171,0,750
15,128.522963505164,740.381555601387,0,751
15,245.732087681287,302.658079224648,0,752
15,673.372454694637,360.348963121551,0,753
15,211.99358974359,182.940384615385,0,754
15,743.454696145495,455.604633758499,0,755
15,745.088403382955,766.560079605828,0,756
15,528.512356053532,177.050472321061,0,757
15,670.120687518227,553.38094237063,0,758
15,539.030912956065,417.827411011813,0,759
15,91.054984362251,537.557353413127,0,760
15,270.323629207383,396.2249225586,0,761
15,61.1036762212855,573.917104244439,0,762
15,419.911174838806,44.0049857549858,0,763
15,396.306326416114,204.935319553631,0,764
15,68.1171907344859,515.197569427709,0,765
15,445.708797823532,288.718110378038,0,766
15,699.70992391417,38.6187290893468,0,767
15,423.572306605633,354.768031250456,0,768
15,597.807609375215,13.8131384318929,0,769
15,228.506887437536,669.630425317262,0,770
15,593.029614005131,304.202861794334,0,771
15,534.72429602909,694.622824497205,0,772
15,165.713461477764,359.314530400109,0,773
15,259.863113873674,125.464621518099,0,774
15,742.247853635843,304.546395300106,0,775
15,128.13786753469,75.3117561434073,0,776
15,8.93554766992267,411.082401683964,0,777
15,5.82636869421221,442.822988610202,0,778
15,5.33892281270871,119.506969754794,0,779
15,7.99601029510443,371.10465391275,0,780
15,556.605624576189,96.3473106170687,0,781
16,534.740222141584,782.651489971899,0,1
16,565.397316731506,401.559001953262,0,2
16,701.89285617499,113.219697057685,0,3
16,747.796284816393,644.306709285807,0,4
16,286.877003869541,472.611200876352,0,5
16,304.445361445072,687.002709314078,0,6
16,713.002166628877,357.53517852694,0,7
16,317.11688437119,177.458974967938,0,8
16,109.049655539816,249.036557577519,0,9
16,178.645174453995,803.030377754256,0,10
16,692.990364925298,646.057597712865,0,11
16,262.288018312132,596.825907538744,0,12
16,755.605011887168,519.564361519844,0,13
16,275.099847211612,649.332095464448,0,14
16,573.515060619234,236.536745278462,0,15
16,688.680284898336,379.728443610618,0,16
16,600.156910340861,703.232730995193,0,17
16,764.251189723846,768.053600254002,0,18
16,675.260507369782,736.820003677487,0,19
16,23.9847672381363,712.507554167036,0,20
16,143.674090816024,550.565870682067,0,21
16,465.468220338983,164.203742937853,0,22
16,692.204129118237,513.926536395781,0,23
16,704.932470401044,675.774051383759,0,24
16,495.128830238012,377.032912654448,0,25
16,13.6622524631743,306.293325041459,0,26
16,83.5649360306401,666.511498696166,0,27
16,584.056272893773,437.982493894994,0,28
16,367.241133765833,221.729324992277,0,29
16,70.7904962355288,153.442480388146,0,30
16,115.316289704551,389.380499690782,0,31
16,794.996946108546,377.973975782552,0,32
16,218.170629177912,508.643530001253,0,33
16,516.21018260763,418.641759701821,0,34
16,187.377200201587,106.697853670768,0,35
16,589.543260527807,774.685979313705,0,36
16,306.808563922455,124.441457700101,0,37
16,456.569354455069,700.403023167309,1,38
16,345.864853953594,652.239094623245,0,39
16,254.06035707791,85.8905076897098,0,40
16,516.916500706563,15.5759464655427,0,41
16,76.6282860418004,174.639105691272,0,42
16,419.845754032767,454.500245490512,0,43
16,395.310441699323,634.397391701774,0,44
16,580.762206835362,709.516024302537,0,45
16,734.711823303981,33.0143221495034,0,46
16,10.3613604928958,784.632130956872,0,47
16,634.078603489589,325.681485606291,0,48
16,411.56240932814,333.873544484643,0,49
16,607.319487100034,219.669493198486,0,50
16,245.354503401361,651.129721088435,0,51
16,117.45068127546,216.193540266596,0,52
16,268.131577084716,424.629463245595,0,54
16,702.051651037317,85.7267775606229,0,55
16,146.482362643567,774.210035165828,0,56
16,738.086475747325,175.591609000182,0,57
16,757.541639735035,13.535140498626,0,58
16,762.744098277609,730.272667829937,0,59
16,722.544236111016,502.021434504396,0,60
16,139.298337482711,33.8581991701245,0,61
16,788.916217484924,355.411265530101,0,62
16,102.521251821544,26.8464376746581,0,63
16,40.5407979317587,245.080285654085,1,64
16,161.825415317896,659.929205664664,0,65
16,558.002269288956,524.065052950076,0,66
16,99.3428220538541,126.537244232765,0,67
16,233.21096441425,26.2846619449951,0,68
16,731.119645660363,786.476477980234,0,69
16,299.143926601373,662.84422946331,0,70
16,288.317524723677,626.872400814427,0,71
16,359.431917330005,411.669384841888,0,72
16,368.870170770376,27.0730324913237,0,73
16,427.742232372747,530.250571895425,0,74
16,443.10981313009,396.524007119575,0,75
16,470.467665769036,46.4820206972849,0,76
16,574.424013885835,745.805816330827,0,77
16,309.538098930448,713.737560462283,0,78
16,651.871548516738,695.895542698845,0,79
16,480.713738312742,396.489064281594,0,80
16,463.482900259349,303.366084120291,0,81
16,179.807452467573,704.05535596019,0,82
16,243.338142708446,573.82253842542,0,83
16,786.004418493119,80.3383531678177,0,84
16,25.0737234859392,152.838066673065,0,85
16,369.34919322388,625.272764936226,0,86
16,498.99848542317,336.308721848457,0,87
16,368.648554453454,154.053210263735,0,88
16,106.977895934119,630.678247423022,0,89
16,547.081735084913,269.906619231838,0,90
16,734.027106054317,579.662211152622,0,91
16,100.20957357223,505.424732686374,0,92
16,623.157312184692,391.959204306043,0,93
16,562.817066485285,580.247830353729,0,94
16,44.8988787987145,166.609863895092,0,95
16,762.508594621817,291.291355239192,0,96
16,617.77051362725,91.8000243765554,0,97
16,227.340205759748,739.326349702608,0,98
16,480.086283273346,185.50183478578,0,99
16,141.304224635405,616.732201054118,1,100
16,349.601413290709,237.08470773065,0,101
16,778.042946753215,641.361494090762,0,102
16,334.948371663589,49.3932869911131,0,103
16,627.759413228068,158.145389502251,0,104
16,223.620705494574,764.70750684089,0,105
16,480.740489199308,615.866685554904,0,106
16,572.93026010312,21.2275973652122,0,107
16,56.9682197099463,720.970963229416,0,108
16,544.440342420512,68.7852857246125,1,109
16,745.479125924805,145.082741889674,0,110
16,367.588635607519,189.335968132887,0,111
16,477.567426061091,324.016621267355,0,112
16,517.307442416341,549.611353759235,0,113
16,304.752030211638,530.22018983458,0,114
16,656.618397848324,329.631581568042,0,115
16,29.0083737885329,396.095854359222,0,116
16,116.235369768962,183.717549202585,0,117
16,118.051928275309,279.628447594435,0,118
16,164.738547251229,421.155300450317,0,119
16,677.146391308063,97.0016208960977,0,120
16,43.1109782428168,784.642763291443,0,121
16,293.222846033166,506.663012536559,0,122
16,153.074066519143,753.06556995377,0,123
16,779.466829913753,667.424762223604,0,124
16,143.270272797395,404.488723782978,0,125
16,249.08759281065,731.896488731888,0,126
16,722.512506901091,236.552785765854,0,127
16,656.804978589147,779.007415742089,0,128
16,269.973020977344,273.750175641857,0,129
16,93.6228640582284,690.650429225652,0,130
16,334.265227399201,81.8829554120317,0,131
16,210.476221661996,152.218090382499,0,132
16,341.743068783069,166.550598290598,0,133
16,626.988973706531,38.9775401919963,0,134
16,126.691685395612,431.167679176904,0,135
16,65.5945707281743,359.261998347169,0,136
16,143.703242322524,170.231203420648,0,137
16,433.292851762174,726.065180130604,0,138
16,801.002405627866,175.024982073167,0,139
16,635.450935637426,244.152821312853,0,140
16,183.886553456657,750.117593226975,0,141
16,538.432029268846,495.287963081021,0,142
16,572.851431833007,543.157602739726,0,143
16,235.849178135527,206.179375518426,0,144
16,214.662654251134,470.637443284081,0,145
16,666.403037059997,60.3418672325299,0,146
16,145.900425889027,482.166969590895,0,147
16,550.385158886389,19.2826396700412,0,148
16,179.628422716536,574.996547285863,0,149
16,792.151729261907,403.626746941799,1,150
16,32.3925657611702,635.010555803099,0,151
16,305.012371586177,227.947965314833,0,152
16,158.473325968838,254.638535578648,0,153
16,753.226629595304,355.28981606901,0,154
16,261.889133402612,206.268160237993,0,155
16,332.944308386986,727.967630814463,1,156
16,693.786294960861,14.8789505239136,1,157
16,634.867380867498,120.843839572193,0,158
16,36.7847169018817,70.6568867607527,1,159
16,195.146932183657,494.455559964861,0,160
16,115.007573573574,679.944234234234,0,161
16,161.921890838207,89.6294444444444,0,162
16,482.328013380645,226.370461844146,0,163
16,640.206282539192,552.31600743689,0,164
16,179.884526584527,319.780571280571,0,165
16,786.923481205266,763.728077779536,0,166
16,428.641783457686,271.108254352356,0,167
16,155.468630367603,704.019397744569,0,168
16,653.948854061341,647.49152190297,0,169
16,280.03814016852,112.080648414259,0,170
16,195.734963270933,84.6999924523086,0,171
16,646.697107260653,297.803928639177,0,172
16,217.450455979537,50.55032021919,0,173
16,753.640092123174,218.689800919546,0,174
16,52.6393900343643,628.590990587181,0,175
16,783.514192457444,272.3997810149,0,176
16,292.82069004785,788.248821413872,0,177
16,456.879570169414,263.210917467949,0,178
16,135.235850025681,329.510651495397,1,179
16,312.642009046363,631.629551332655,0,180
16,94.5335385990883,195.375733782536,0,181
16,670.787556404948,129.419219267045,0,182
16,388.31416861267,386.836907834542,0,183
16,524.983472899572,272.072617279529,0,184
16,284.050386520257,755.153715706273,0,185
16,506.852484320114,235.800865859108,0,186
16,385.138628722382,413.168375995932,0,187
16,787.04028223079,333.280509665664,0,188
16,769.561502549109,482.441407689174,0,189
16,719.592442892182,703.251493110893,0,190
16,273.285841783013,12.5865901583423,0,191
16,655.247155350466,473.634907782276,0,192
16,419.335142665342,701.182596404716,0,193
16,512.19240265613,792.531992458709,0,194
16,80.2224790581114,292.925708840223,0,195
16,401.147876630858,513.039860816859,0,196
16,281.15325700628,78.1008093786295,0,197
16,366.478839979452,53.882364348552,0,198
16,319.966348712666,367.715179909797,0,199
16,134.810140651438,262.616924703892,0,200
16,499.109239173735,312.8915053305,0,201
16,179.396254445903,243.33365346,0,202
16,413.351414624427,16.7146675964668,0,203
16,627.494979017661,731.861123397509,0,204
16,182.982758943798,642.581330934578,0,205
16,692.684070302434,719.254165707588,0,206
16,301.546568028921,61.2139672963202,0,207
16,494.012684651456,99.2861889051582,0,208
16,556.016034534351,164.323514143351,0,209
16,381.853313956575,693.108347268673,0,210
16,772.106178166881,387.847751822193,0,211
16,495.335764736649,27.3112804939908,0,212
16,684.901668089184,121.280696185157,0,213
16,297.810301740722,388.289758123103,0,214
16,41.9051315062116,496.710478310203,0,215
16,339.235613547403,548.206492197877,0,216
16,591.330020367304,96.9675798544344,1,217
16,671.965402154949,150.080445570689,0,218
16,31.7550765650072,119.968609286914,0,219
16,317.517170353859,551.661060043694,0,220
16,298.481849452294,92.87269429917,0,221
16,440.597098214286,193.208333333333,0,222
16,40.019216166544,217.801500703901,0,223
16,701.883920646123,57.0030486944248,0,224
16,392.237010357065,21.317627184158,0,225
16,330.806479360231,779.120028495468,1,226
16,350.542138047138,143.049915824916,0,227
16,67.5385474860335,246.962844890916,0,228
16,658.727742392074,602.832297037711,0,229
16,227.384024872773,610.453769739205,0,230
16,175.898363153663,466.937157627087,0,231
16,13.0128163327204,665.042417808782,0,232
16,193.545537634409,48.9496071133168,0,233
16,275.43589983153,242.861119317103,0,234
16,337.066873726235,470.114824767116,0,235
16,272.135131354621,151.718486904033,0,236
16,112.998475741952,476.174554277087,0,237
16,802.728121105987,440.09736324372,0,238
16,548.527736131934,235.385807096452,0,239
16,105.707002559653,438.043494436442,0,240
16,701.881668115132,251.23772296025,0,241
16,164.599442397302,502.091701273128,0,242
16,167.477350462097,138.985836246849,0,243
16,257.203070435211,668.093584170002,0,244
16,701.960708432988,267.944027371778,0,245
16,630.354539982405,265.537524308932,0,246
16,88.378352611485,453.512940477436,0,247
16,712.180099876143,131.676754201035,0,248
16,786.657311554687,106.122760302926,0,249
16,618.857017134079,533.424808109862,0,250
16,522.536841310584,343.951537571091,0,251
16,611.327956995112,477.68542740189,0,252
16,725.318769178248,60.5644817853783,0,253
16,169.000395690156,115.186740543444,0,254
16,213.650679508014,639.859089315872,0,255
16,621.300838883197,17.284233051571,0,256
16,630.263041020006,624.288054687474,0,257
16,634.651248790784,488.887729018263,0,258
16,679.314757671958,169.128088888889,0,259
16,144.285976433591,204.317748603993,0,260
16,320.033179630304,399.20743976594,0,261
16,217.132222222222,681.940221183801,0,262
16,477.854471949471,475.525443316119,0,263
16,441.47519143195,782.028349732453,0,264
16,85.198682378865,728.783029692267,0,265
16,776.738899868248,227.117491687057,0,266
16,332.380860512587,692.173043389433,0,267
16,453.126781744955,114.883552925987,0,268
16,604.378418803419,238.032044807045,0,269
16,533.211691725439,146.760682270273,0,270
16,288.570158454596,729.130093513529,0,271
16,568.009704749679,361.416403508772,0,272
16,580.780105781737,626.152618069224,0,273
16,275.345851059961,689.683555230026,0,274
16,472.051407309166,10.3603164077302,0,275
16,75.6553791736333,13.9117362061104,0,276
16,363.512734543839,102.274208845846,0,277
16,541.290189030123,379.595195549299,0,278
16,295.37826220743,193.755840761416,0,279
16,138.875700628653,456.350851982317,0,280
16,400.354515896882,118.076802374894,0,281
16,469.980418539361,202.059898685652,0,282
16,326.362250845846,230.434522239481,0,283
16,370.883419633225,552.249576798606,0,284
16,396.043493343625,290.204402833784,0,285
16,330.858013178171,127.761379456932,0,286
16,431.192875159173,750.330706974238,0,287
16,474.137094695669,510.405620906505,0,288
16,214.480937671295,15.7808488831537,0,289
16,17.5459544070845,46.6579500978474,0,290
16,522.88426190272,309.574103390391,0,291
16,547.367354620837,341.334251083555,0,292
16,728.618544835561,121.506509239383,0,293
16,296.484904254711,13.2953788787866,0,294
16,664.496045281616,235.171481368829,0,295
16,633.271921282385,762.07008347553,0,296
16,43.0544775457787,28.1549616280451,1,297
16,417.093423390862,298.60357368754,0,298
16,682.042247923627,338.710413602759,0,299
16,21.6914494566621,764.063813738186,0,300
16,42.8946354857733,137.560423730896,0,301
16,651.336288228474,162.204829010656,0,302
16,665.800192999285,215.041201474112,0,303
16,429.221474098047,429.499289717107,0,304
16,674.086765814237,696.75440449568,0,305
16,21.5759009009009,184.773925848926,0,306
16,268.729864527466,573.539720159722,0,307
16,235.243696152875,405.12640410516,1,308
16,250.5639759611,175.211811594702,0,309
16,627.910151005002,587.089834178784,0,310
16,123.808889282746,125.733524829283,1,311
16,404.732911473705,152.295269778304,0,312
16,27.6682808686243,443.009873776453,0,313
16,790.911960080381,247.594844092212,0,314
16,25.6902893766727,598.360190722023,0,315
16,25.1515855320203,738.708184026119,0,316
16,490.167142974762,586.626871465539,0,317
16,202.482075372731,760.353959256047,0,318
16,680.862889557298,666.455042312696,0,319
16,337.875813809845,409.727807714929,0,320
16,363.68573938886,454.76570869824,0,321
16,799.206365078271,488.43597081722,0,322
16,526.456345667531,527.814114895524,0,323
16,596.097238853725,529.050576558768,0,324
16,498.481280044665,63.5973815798605,0,325
16,561.048898370567,705.249903028288,0,326
16,771.708185658228,168.571793841057,0,327
16,71.8783305396199,699.825973143511,0,328
16,287.158761003592,562.796608982607,0,329
16,185.017095155178,152.044835945235,0,330
16,633.427633535763,58.4421198233865,0,331
16,444.010220954576,14.257434639793,0,332
16,723.427943760984,759.207674282367,0,333
16,717.99103422991,386.248720961237,0,334
16,243.818085405298,334.342088788328,1,335
16,522.077088799096,663.52204856789,0,336
16,715.166342244975,544.527218240425,0,337
16,48.4673763839865,279.300853018373,0,338
16,302.20928734265,422.288152112862,0,339
16,267.613642182478,338.212968435524,0,340
16,84.6341617538421,386.554774975738,0,341
16,620.034764351573,305.442356208339,0,342
16,556.785273245273,728.687213157213,0,343
16,757.655196262433,672.788748844924,0,344
16,240.8235011388,362.209478831726,0,345
16,10.7068870523416,138.349586776859,0,346
16,425.600910430249,635.591941153349,0,347
16,602.20291623759,739.331359579637,0,348
16,7.50786548457364,578.166508057833,0,349
16,341.235653257906,105.740238674968,0,350
16,485.580399861834,134.740604939792,0,351
16,599.526669332267,251.67968907675,0,352
16,119.660338215384,529.966608007481,0,353
16,723.350245763308,288.210608482368,0,354
16,507.476463161022,482.373369726679,0,355
16,360.806833922782,722.093385278515,0,356
16,319.272031762318,70.2654294827471,0,357
16,604.650941288142,38.59002158581,0,358
16,142.983339533934,149.180225312796,0,359
16,99.912734395216,408.559117179657,0,360
16,382.476365296804,135.476085235921,0,361
16,741.802545285764,424.375903833609,0,362
16,36.5308817619162,292.701328269432,0,363
16,605.830597354578,124.857181814933,0,364
16,691.307066373564,540.047042184718,0,365
16,428.884467270877,601.35311343228,0,366
16,401.586990311872,485.468379768365,0,367
16,86.9494124803893,316.01560715696,0,368
16,568.842254158186,801.39828532659,0,369
16,757.273409160101,44.2221628817784,0,370
16,65.3700463201235,269.482576927276,0,371
16,695.179081689204,579.416876647208,0,372
16,445.338575517661,51.2261334911571,0,373
16,629.778535674073,139.737615599685,0,374
16,324.111352633773,149.561946822267,0,375
16,27.1315427912955,498.675215489818,0,376
16,458.99769113914,363.943832365163,0,377
16,235.516252187029,713.925979487179,0,378
16,393.839347839136,464.011632742366,0,379
16,728.719877855158,162.60018733687,0,380
16,321.060728744939,576.687764282501,0,381
16,693.363715619088,219.191145965211,0,382
16,8.06044886821478,10.2055481283422,0,383
16,367.477653536432,669.994125755959,0,384
16,517.408282354983,458.561258905885,0,385
16,346.593273256205,608.451225462598,0,386
16,208.049545566976,735.760647731519,0,387
16,56.6141823039755,669.597163684415,0,388
16,767.495654892365,65.2632269966992,0,389
16,484.202061991069,265.333714210665,0,390
16,570.857206589515,266.108794869486,0,391
16,609.158151880269,608.416118339747,0,392
16,585.995341054922,595.242470184681,0,393
16,519.63700198312,640.335393670194,0,394
16,220.465856063552,443.731220372016,0,395
16,705.078280217699,161.831974739145,0,396
16,346.730452988457,214.30621887641,0,397
16,259.25023500092,64.6339220900865,0,398
16,528.167271053608,205.621899829434,0,399
16,385.201705694099,174.835844931916,0,400
16,526.78676566143,474.977504491075,0,401
16,107.02737776547,304.21414419589,0,402
16,719.326217977059,205.231797122541,0,403
16,701.608030920398,302.734642563948,0,404
16,91.8504476618281,274.564674604381,0,405
16,617.552401071508,347.798653336899,0,406
16,85.6998211324585,788.715575592532,0,407
16,332.59985310751,27.4430677458669,0,408
16,61.5637387091116,300.79854314654,0,409
16,324.167061370003,669.358915104503,0,410
16,342.990436241611,577.467312385601,0,411
16,258.689491431076,625.477887049766,0,412
16,256.475523436224,379.482682508574,0,413
16,651.148321430045,23.1071679876414,0,414
16,448.638737371822,331.372424315223,0,415
16,350.401832311093,14.1461862362124,0,416
16,741.652423360015,251.628032627762,0,417
16,127.695887204044,784.743447725459,0,418
16,290.200507344013,536.604313921187,0,419
16,369.461174180604,581.036431064572,0,420
16,587.196071611221,503.553613120253,0,421
16,29.7742559979024,264.189599265831,0,422
16,425.205394876488,139.014165602181,0,423
16,289.534836391242,288.168547174095,0,424
16,405.602907253921,724.157802473742,0,425
16,187.719323062558,67.7241363211951,0,426
16,583.286009673027,70.9653979285632,0,427
16,608.367914999047,75.7481346483705,0,428
16,554.278832385154,46.4504624791981,0,429
16,701.561538005761,751.248838200525,0,430
16,608.416288359477,672.824182006097,0,431
16,368.585535224317,801.407747251224,0,432
16,125.323505786741,350.042887292887,0,433
16,627.066199358387,683.597660394659,0,434
16,508.168972235901,131.149924008924,0,435
16,321.791134811214,204.564025897833,0,436
16,179.548498632983,177.950547982394,0,437
16,232.972111992945,642.077573853616,0,438
16,186.668165718357,129.013348616432,0,439
16,138.627202731957,235.800161770019,0,440
16,472.900413590497,121.09583330338,0,441
16,669.638019336335,529.076445894593,0,442
16,397.994308371421,547.201641991224,0,443
16,803.154910768268,59.8058809721956,0,444
16,534.570512083874,117.652267100792,0,445
16,230.447851054774,128.411701720327,0,446
16,692.680842237172,184.060740007915,0,447
16,654.955258889316,136.964149272207,0,448
16,710.65074024779,190.591724177594,0,449
16,599.365967144018,649.357633599093,0,450
16,744.428569347319,273.055846930847,0,451
16,462.525562114653,237.573456644366,0,452
16,519.696497450448,46.188690990213,0,453
16,613.028238607271,641.394982078853,0,454
16,433.155400421262,126.332417438635,0,455
16,738.286772126079,740.972586636321,0,456
16,531.904012926997,440.008851631141,0,457
16,697.894831324343,475.921957671958,0,458
16,19.7688922642915,538.153984462945,0,459
16,732.520803324416,216.483440793836,0,460
16,429.773785289864,158.658900669643,0,461
16,546.131667928159,311.608802502234,0,462
16,714.789048494928,315.602571171187,0,463
16,662.839713895645,182.302540897601,0,464
16,374.174828343354,518.468110420674,0,465
16,395.266381462516,97.016039477976,0,466
16,8.05269214301006,246.926568186684,0,467
16,742.268150503445,714.297827239004,0,468
16,420.66204330864,61.838060935574,0,469
16,407.397747749476,576.941831675254,0,470
16,662.007720769536,199.004367892248,0,471
16,482.166927757397,453.493779988579,0,472
16,163.873656527708,729.018315337874,0,473
16,765.692849232841,256.348620218903,0,474
16,428.477133547288,475.542165394944,0,475
16,421.290965542632,183.860669531531,0,476
16,786.02633743502,703.889875273002,0,477
16,802.753533818635,572.950706206823,0,478
16,624.465492410604,368.659870793934,0,479
16,669.115672402513,307.496680207525,0,480
16,535.580634672909,32.954145532579,0,481
16,736.513361277279,374.317175348258,1,482
16,391.350450143463,801.722575324335,0,483
16,186.898772618495,216.337615715482,0,484
16,13.2341318744601,212.415148286784,0,485
16,137.373698799775,370.258237841686,0,486
16,7.52239350190211,698.56239105985,0,487
16,267.639318045904,543.541417661656,0,488
16,360.08692188129,73.9058646807115,0,489
16,454.121108743874,177.889019525325,0,490
16,309.04636622777,256.87199554119,0,491
16,719.25064471503,727.392857505702,0,492
16,208.082112226025,788.837799838084,0,493
16,237.652628907141,5.04020077572439,0,494
16,720.741538661993,265.941359111814,0,495
16,395.120115653056,745.85843320782,0,496
16,445.34457107992,507.725644832463,0,497
16,498.142079380772,256.780949634756,0,498
16,270.389111460243,181.146913459021,0,499
16,392.831340580281,67.6681867812559,0,500
16,565.743903525746,482.419244241441,0,501
16,148.947334364656,122.17431774706,0,502
16,354.677176974998,533.611098821478,0,503
16,405.108544338881,225.390493221954,0,504
16,577.060716172848,44.9654281703201,0,505
16,763.92259837963,699.024117476852,0,506
16,6.74709753646089,477.044240242932,0,507
16,370.900250431779,125.421007484168,0,508
16,377.870344833926,732.715533844471,0,510
16,12.3578258825323,335.602139034319,0,511
16,185.240198834118,12.2761954580941,0,512
16,798.784627231743,525.792238210507,0,513
16,310.953526493,8.54204323941166,0,514
16,455.921316011808,140.499622032269,0,515
16,512.207988039754,588.154636191449,0,516
16,343.506731984829,500.146381163085,0,517
16,160.991813483674,66.8017500587268,0,518
16,96.9707022577877,365.647253909593,1,519
16,481.011367591271,154.756110859755,0,520
16,6.79975228234246,173.410234720649,0,521
16,803.003930218017,654.797910525701,0,522
16,321.398584877557,517.516217904475,1,523
16,168.438509304288,21.3529754966976,0,524
16,695.85059601645,328.557758637027,0,527
16,794.712279239311,736.350831616543,0,528
16,702.43537017061,788.256916443486,0,529
16,757.879435189588,320.076047579356,0,530
16,598.680200501253,378.085181704261,0,531
16,638.523215460044,177.448007483467,0,532
16,718.139357619522,15.6921685044904,0,534
16,222.098184774965,702.867967651195,0,535
16,783.553660311505,6.13062523624314,0,536
16,203.439738130829,660.977162152867,0,537
16,432.809579139041,177.682644441508,0,538
16,35.5968310813838,568.54331201231,0,539
16,594.626488892005,461.275890036037,0,540
16,11.010180397491,281.918285095623,0,541
16,439.802014051522,803.518505074161,0,542
16,330.439376085162,5.96302479150656,0,543
16,442.709161894846,142.764115911851,0,544
16,102.692985123342,89.7680976430976,0,546
16,116.634530751811,101.107231984193,0,547
16,315.153216441189,803.1892525345,0,548
16,568.93400621118,3.19115847920196,0,549
16,687.452553222713,278.091407447891,0,550
16,645.621481481482,448.852592592593,0,551
16,780.074063745317,793.560608466309,0,552
16,247.18982005836,438.462258889861,0,553
16,586.615091952721,164.062420225822,0,554
16,351.139807468436,703.018087573992,0,555
16,676.138777057725,459.572918697788,0,556
16,662.90524893518,501.581175059952,0,557
16,227.296813067383,74.82975216298,0,558
16,502.529540394122,617.940909044695,0,559
16,376.775830512036,343.809347583836,0,560
16,540.012477865797,743.693324596148,0,561
16,138.341444884146,585.961595835479,0,562
16,44.9658556503011,415.56889829156,0,563
16,757.616134970997,608.583333665705,0,564
16,265.750848852965,715.013990514905,0,565
16,732.266852919971,331.963131677263,0,566
16,653.671464989518,720.441232285115,0,567
16,195.977852900412,345.65929709786,0,568
16,551.587363679469,203.762508749351,0,569
16,496.39815579411,439.651513900358,0,570
16,369.155226185728,372.224260896358,0,571
16,578.856128609577,117.09193411952,0,572
16,75.2494543837377,411.524133479092,0,574
16,380.575355264092,650.459006456342,0,575
16,62.647402198658,437.377639737599,0,576
16,556.465838693848,666.427341167761,0,577
16,399.284514537902,357.657135903427,0,578
16,243.182712462766,462.568119692122,0,579
16,340.624825119888,634.834980005798,0,580
16,511.047556888812,509.770943383714,0,581
16,716.796178341351,630.863830771433,0,582
16,776.144406628163,421.633064608544,0,583
16,179.522484669158,608.530233819008,1,584
16,109.816070596215,598.273323152837,0,585
16,258.53631804488,783.756880441572,0,586
16,177.696206436417,392.634398686137,0,587
16,657.151064391354,106.414340386803,0,588
16,632.339072166658,707.227312810646,0,589
16,231.497671285338,262.350452408307,0,590
16,699.085685425685,145.133997113997,0,591
16,636.661565544986,424.248246879317,0,592
16,432.497656617002,320.354505242064,0,594
16,44.6492822079326,464.67492129811,0,595
16,364.725817098188,310.153378163915,0,596
16,397.385843381786,608.962898562409,1,597
16,141.670655220215,99.8671760814863,0,598
16,493.162766814502,647.180831995616,1,599
16,118.126165876423,711.108360827806,0,600
16,81.6209584509201,618.190328467796,0,601
16,650.786363335567,378.255698659674,0,602
16,571.315126859143,215.88378127734,0,603
16,698.548751894657,436.319210243779,0,604
16,177.14317016317,776.636953423935,0,605
16,39.8007473904728,321.322557949901,0,606
16,733.056693500261,673.703619982407,0,607
16,424.302117131489,550.708468024312,0,608
16,459.611704419923,542.161703205992,0,609
16,557.744006187162,127.017981438515,0,610
16,558.925795505118,770.163983459427,0,611
16,452.201806363571,604.554168462257,0,612
16,211.479879823808,413.63621410182,0,613
16,658.904723917058,401.916164060126,0,614
16,350.471645030622,795.451488255706,0,615
16,454.011306604705,661.111418826908,0,616
16,131.731645922212,11.8220063479497,0,617
16,782.709903862515,462.972262633997,0,618
16,234.766159324942,152.051778582429,0,619
16,250.05825078285,531.919729691076,0,620
16,596.588784627351,395.666359200388,0,621
16,735.309179930919,479.669580732624,0,622
16,760.552372906527,89.3862183124441,0,623
16,588.97556320359,561.144564550672,0,624
16,593.760980264356,186.37475507072,0,625
16,442.102255316541,211.149241830445,0,626
16,590.260518834399,350.918570836295,0,628
16,247.175858449543,493.180484330484,0,629
16,737.324964905734,541.332175666791,1,630
16,432.020103125196,233.387606112054,0,631
16,292.673392205827,344.393924180265,1,632
16,312.880434346112,484.933942526243,0,633
16,150.306301824212,793.369904861657,0,634
16,501.224725206925,204.726903934746,0,635
16,195.577386331369,277.719358682138,0,636
16,204.144993359264,383.627574602873,0,637
16,284.842909731114,43.4717594286256,0,638
16,496.691297201529,681.193616928723,0,639
16,587.092639973941,673.809178586379,1,640
16,558.229332690388,452.086394726156,0,641
16,409.969052608758,253.691743347626,0,642
16,615.486914122726,509.504477592764,0,643
16,267.02236531469,31.7928110268498,0,644
16,398.551438591961,671.975581974784,0,645
16,751.699723076172,403.35280461621,0,646
16,698.728948107756,412.545217883147,0,647
16,772.332241893354,553.825868857169,0,648
16,556.890512233762,613.70754810915,0,649
16,68.8089896086871,649.509500236062,0,650
16,772.351786484441,133.691116224023,0,651
16,202.127089886569,718.783832570775,0,652
16,660.261306069817,260.135021513441,0,653
16,679.123634877122,770.681499222495,0,654
16,490.592660792001,532.363126430073,0,655
16,147.845062478539,522.726822715469,0,656
16,290.553848557749,445.284599135593,0,657
16,269.20157062078,460.110829992938,0,658
16,686.954565654556,489.036513823589,0,659
16,76.9421446508043,209.300376449528,0,660
16,129.64324659684,500.523276522755,0,661
16,757.379036443303,114.429300948879,0,662
16,735.65652357073,89.1101322826415,0,663
16,36.1042930825243,355.5736518235,0,664
16,294.619734340452,162.619800398474,0,665
16,399.004573402633,430.799255943098,0,666
16,637.9457636304,78.3885109599395,0,667
16,69.8609345226617,338.713677898521,0,668
16,191.435529697548,437.61336414766,0,669
16,59.6682358198376,94.0208975376366,0,670
16,164.777696094168,284.669745318352,0,671
16,52.678848956449,757.009939028254,0,672
16,532.741366953678,624.312369827154,0,673
16,76.293386276949,51.1417495709417,0,674
16,471.243078398361,782.119982840114,0,675
16,323.197432196443,437.613580609905,0,676
16,110.734508992777,562.54199144975,0,677
16,317.135718466491,757.137312387642,1,678
16,506.20474522161,285.755867895758,0,679
16,783.459767752543,503.914411967644,0,680
16,364.555873116023,436.734474381091,0,681
16,527.698151492589,575.518190675348,0,682
16,756.562164579606,186.38064727854,0,683
16,463.111010223298,634.921625500483,0,684
16,343.041125381104,257.154807478308,0,685
16,614.638407512864,781.80912238079,0,686
16,654.659784413494,750.563740298162,0,687
16,381.497658655871,769.380703696939,0,688
16,724.951795778193,601.367047374909,0,689
16,791.254552223671,310.23010343329,0,690
16,339.298236814106,189.362857343295,0,691
16,306.751020627149,608.684312411724,0,692
16,671.300455595082,433.270663005263,0,693
16,670.283625216603,28.1894757829245,0,694
16,189.923264104295,540.307060156735,1,695
16,681.611618970036,618.13441004935,0,696
16,210.192009997853,309.575127783623,1,697
16,133.81191626409,303.079007807402,0,698
16,392.672612104717,317.774757229875,0,699
16,473.159953100101,755.099185438698,0,700
16,89.4784929869661,240.134171627655,0,701
16,314.061083004045,295.03114687194,0,702
16,377.401922821383,253.228232864659,0,703
16,56.9501082393465,605.732667086601,0,704
16,358.240047993395,758.498218460458,0,705
16,218.399841824096,352.62616020533,0,706
16,794.358032113185,602.097883825082,0,707
16,100.080802089573,64.6673584593691,0,708
16,131.183641567591,659.629046932812,0,709
16,503.424609106401,170.281845994399,0,710
16,482.496418371479,718.957814185327,0,711
16,528.205902574897,245.956252410128,0,712
16,226.596034756094,549.533491433928,0,713
16,764.659108625657,441.725049779698,0,714
16,34.3423759481771,688.279142036601,0,715
16,465.412260982602,83.0422652976162,0,716
16,722.666221374046,432.92460853396,0,717
16,447.570269417836,571.192969411857,0,718
16,562.250665146332,643.082668187001,0,719
16,235.395099540582,98.0125723957674,0,720
16,208.196280952629,237.569651794263,1,721
16,587.495329702719,142.012103123652,0,722
16,62.0228325728326,227.305576225576,0,723
16,350.720149694966,351.48890590986,0,724
16,657.883754183017,573.500020384243,0,725
16,778.042636659781,195.36177542949,0,726
16,785.916427423107,36.7311760829257,0,727
16,84.4090905917855,586.655770761158,0,728
16,48.4258473128884,197.561194500304,0,729
16,280.220296362515,366.31681041293,1,730
16,515.226333283351,753.035320330192,0,731
16,453.583905806229,472.556135931442,0,732
16,370.708299533417,481.826852379226,0,733
16,621.116487859966,192.435457055022,0,734
16,432.505003695491,99.8673966846162,0,735
16,483.306309341235,287.695212499318,0,736
16,468.669743888192,345.513023031729,0,737
16,767.758190050645,578.808990296938,0,738
16,304.093717532763,586.104040595058,0,739
16,245.90661840521,232.075966953734,0,740
16,419.765707252894,768.840226838256,0,741
16,209.073578368607,569.900533407493,0,742
16,96.7620501667651,341.729348458997,1,743
16,9.43969518112781,89.3936257744983,0,744
16,643.162630118472,520.793323700253,0,745
16,103.926895071587,158.397207820958,0,746
16,545.163754315984,547.01205178108,0,747
16,459.368391764388,429.347809401001,0,748
16,566.242101634519,291.19192114029,0,749
16,63.9673448179753,383.370216809071,0,750
16,128.696963018802,740.674177167945,0,751
16,245.066126838569,302.802725869778,0,752
16,672.713282193519,359.423285332187,0,753
16,212.820541695542,184.30770963271,0,754
16,743.851277504105,455.994648713738,0,755
16,744.681951433821,766.522667830612,0,756
16,527.755671106246,176.032176675855,0,757
16,670.162521083767,553.338202552267,0,758
16,539.365018170919,418.139189239819,0,759
16,91.786298445861,536.621756373922,0,760
16,270.819100221876,395.163022597947,0,761
16,61.9057390715239,571.867755516822,0,762
16,419.100662856236,43.7500251382604,0,763
16,395.481480437449,204.751585884687,0,764
16,67.3630910016189,513.158683389202,0,765
16,444.946582610965,289.678313302712,0,766
16,698.861966384055,38.1172467648371,0,767
16,422.033492544268,355.50197349443,0,768
16,598.451343147086,14.1198587455842,0,769
16,230.034471568343,670.587164583939,0,770
16,592.391049252102,304.784258867416,0,771
16,532.829140752958,693.877336815219,0,772
16,166.964432029795,359.416387337058,0,773
16,258.963668038409,123.953268404207,0,774
16,740.960158063733,304.954926328769,0,775
16,127.616639233877,73.0902741408549,0,776
16,9.20519464308723,409.893251312653,0,777
16,5.60317024983113,441.09205761505,0,778
16,5.29537530553732,119.734867789041,0,779
16,7.91364775739731,370.038733101259,0,780
16,557.387523372429,96.3494119300723,0,781
