Radial_alignment	Cell_speed	Linear_persistence
0.00142939159554387	1.75266387646926	0.338494080347681
1.5809195154071	2.02238458130358	0.41946119979908
0.973061719153645	1.26621856954898	0.107407745788938
1.9917182098401	0.90387912226432	0.176201970908587
1.93898002212464	6.52278772144211	0.590314360062189
0.873504175733001	7.39797605258521	0.656866308920577
0.914735043846799	4.31876109554677	0.551933653668001
0.765467834337227	5.80133095842471	0.221089078592947
0.744410241827586	2.6142022845078	0.352308848251578
0.580656759222269	0.709748819671913	0.541343316903923
0.651860859330997	4.22997314030485	0.372502537184076
0.843872311659272	3.50746398991133	0.810512878309291
0.328697728493521	2.36311868890278	0.340838412541685
0.116678420714832	0.73052380592125	0.589319286290521
0.425215174960337	3.3499365170134	0.0990754486902632
2.4986967813124	2.71211335998913	0.518562183337881
0.524843249137344	1.28428446659694	0.219374515933105
1.02123440643033	2.98156320245805	0.381038204226573
0.73809659747502	3.55226145132185	0.294897965822717
0.604160489864555	5.53249196754853	0.542354571747186
0.462978458419019	3.04578658786966	0.244656772067193
2.49210928784002	1.39757202916722	0.122916969220952
2.62648627409834	1.33293871511835	0.570902850960267
2.39930977358976	9.50454674366892	0.516795086430171
2.37896347400216	10.228655880309	0.549659981529598
3.00520903917399	3.65324839117886	0.325154870112949
2.5795893120227	1.51037542970258	0.391626691874482
1.90381596615538	1.96697473517198	0.823624939611855
1.65163962829583	0.715193422884067	0.208931076200178
1.19389101533957	2.02116814975137	0.237890179109107
1.49453594247548	3.69719883121027	0.349559650910143
1.88346087269596	5.0991464696184	0.156178568254743
3.08245143567394	5.75633633706614	0.490989772931225
2.75443844103108	3.01552530565641	0.641768938917111
2.32946551606456	0.481687546755556	0.235575620405364
0.130172781426153	0.841690519649866	0.219476826684005
0.161235230981064	1.16164304833003	0.237391951822182
2.32499532456514	1.83202980720748	0.479094374037183
2.57392722695839	1.16409773137536	0.384856590215539
2.97576591168726	3.52547159743051	0.303170771432621
2.66530852435177	1.07505283623051	0.0462974051712967
2.53785008051606	0.448497674135342	0.511738468522168
1.66685235274796	3.45672818227692	0.231801439072453
2.77741446993332	2.80464893289743	0.428921463969236
2.36037882211682	4.42145626453754	0.358355717563046
2.11036666299647	4.21012229033644	0.119370747212833
1.62818451479979	1.92651969766233	0.0565197418757679
0.749836504253252	3.33356719355463	0.210698721885397
1.10495682326306	2.57104172570563	0.278085841452839
0.616355028031717	0.399890645125358	0.269895234868378
1.04058632985264	0.80857965062007	0.548059779760764
1.17991949725699	1.66186250771715	0.136517109603635
1.28308048496156	3.44003707084692	0.107819818547639
2.81010981140496	3.63954363592059	0.3518988541549
2.20929255579824	1.38733919145148	0.156042257381408
1.8367979153484	1.68732943725705	0.328428536728732
1.73713477116425	0.411530209724166	0.597846307252288
1.43422454988055	3.25892802011355	0.28332483329599
1.57179444403224	5.59786377780158	0.107430441428828
2.28472111086494	8.59477936297529	0.245861957263922
2.73465707172958	2.52199536949839	0.492011601319894
2.67511699484345	1.28438785587967	0.281832564027672
2.32135593677671	5.27226127689572	0.224488797884599
2.39149205364043	5.08456073066023	0.269864484939159
1.31386423949611	5.67234802027987	0.758524152834749
1.00195109056588	6.33493898925059	0.478750996169505
1.35340378992138	2.887243392986	0.426639866854937
2.78483136474243	2.37129105822478	0.234356978039182
2.37889336774704	2.1399904858876	0.285649718888375
0.0902347051504581	0.444196136944027	0.544723558750395
0.539186753742539	4.23978480806285	0.627494387927047
0.14162261389679	6.51650862189568	0.280009928157129
0.377784362439355	2.32103632501288	0.146195741013103
0.392147441030529	4.45944031479599	0.337188205350212
0.761948999897304	3.94320385705409	0.36027434349068
2.31713226146456	2.08683216347034	0.444250376036462
0.38841694201589	6.76330821714687	0.203305825270901
0.492971311703811	6.45560539131429	0.182110425314873
0.310206896102148	3.87948576496486	0.203363214679884
0.161883022543182	3.2782156831303	0.876889430608636
0.53427343605305	1.94563435310709	0.24370289197291
1.60445169882336	3.06551672722631	0.486010441840556
1.26461319227519	3.32117812280302	0.387157474674351
2.46787916758865	10.2836030927364	0.263415922979191
2.42426650453376	3.9691374906282	0.481572795713516
1.27937255555032	6.6178912437837	0.205812398526683
0.148229546836952	5.58585759162938	0.590654972682533
0.101810601842562	6.47892554416539	0.343585428473502
0.422893104588889	7.00106915067995	0.404107751674867
0.862957869525265	5.87347004429564	0.467735517838149
0.363841177429023	3.12469755108695	0.229048189359401
1.75513112567368	4.51688435470632	0.653562712232336
1.96799529316048	3.57001916408493	0.161709467539135
1.72612213789709	1.84140083217135	0.289783793930701
1.79570176654529	1.98834901361286	0.135436960899364
2.38131927484556	2.49092455185105	0.348627148894476
1.33726756137272	1.02884058296743	0.28106564744391
2.19799772696253	0.41313258133239	0.304287107649183
2.19100011808506	2.86133060239796	0.185296781811639
0.341784253482187	6.48826541478085	0.672621155227197
0.291661688285145	6.53513610271924	0.296659295780311
1.90512708538634	5.59000345391744	0.318327208208049
1.91319807970866	2.70611628669818	0.134284084396836
2.17526478665021	0.289534917280753	0.220674600805447
2.4631753142842	0.651906417572907	0.312144922026024
1.70298580101135	3.09417150357419	0.272364284597981
1.22246933639809	3.85030853885817	0.230408119772745
0.828088906915987	2.36029309529204	0.525173893588669
0.903127542182974	1.22474034010232	0.20280684072707
0.963218219421268	2.24966394670942	0.423868669162341
1.81488780077642	2.11065500791561	0.0769427399091493
2.34973944975602	3.05712397506229	0.187992186874771
2.84869760213736	3.18197740070438	0.227277495730226
2.07520615805582	7.83394947294843	0.369488436054327
0.869488575977423	6.87215460168916	0.11771014879045
1.17653791288186	3.31823210655333	0.794413462257396
1.15758931576841	4.46312077138407	0.325793556173657
1.03698951774299	4.46730985388305	0.370850559574895
1.74805569550509	2.89828347276156	0.324796374248223
2.17509399203694	2.10159018142014	0.083418461960901
2.31739056771952	5.38509987224007	0.0774756867918355
2.49481196116839	4.28740518041236	0.575182243749505
2.51491041381289	2.76104337052574	0.505307395140114
0.529482172291541	2.14845013900496	0.34627641912982
2.54864539890119	3.23445142495595	0.487640789045926
2.51365226053348	1.33981642945602	0.399239098201418
2.17232571914981	5.23559441746983	0.351948858414516
3.11798867502453	6.89272411147483	0.302122165111066
0.271906335014712	3.6970106713968	0.29248331890894
0.788547277911772	3.13740188542369	0.530922765782292
0.0335658461885154	0.879153800905812	0.162883399379477
1.65625149470391	1.34834247698308	0.0735870225483449
1.99279573916002	0.559695324300664	0.143866479107229
0.113590616546516	1.75152806470237	0.108397488916534
1.40785376025664	1.96221133506829	0.26549177113458
1.69024027776784	1.89898090217678	0.470919530437452
1.41933499973946	1.24440336978149	0.460087806534889
0.826017434003582	1.43566091142842	0.366457659052628
1.33700985770216	5.43527650495802	0.406101148184438
1.90308273738364	6.26406722920771	0.531113751962203
1.20074784874035	6.73161358199057	0.435749247285851
1.7012617241445	5.38238968167739	0.87591288425882
2.05986319199163	1.96637277417755	0.126795706164806
2.15672457282961	1.96180783306192	0.345175719593539
0.53657722632656	3.59984648053672	0.575517201932603
1.81690867000352	5.70554740830099	0.221355343342202
1.61177432069899	4.41627558788325	0.269962526495741
2.39825247498913	3.94569523777702	0.253999389094873
2.53171981520046	0.87472075353245	0.730034708834746
0.656875122278289	2.95257972582713	0.159158122790548
0.56089588168237	1.49162082728323	0.536567711119232
0.262797540143272	3.35306915295588	0.111276460123409
0.486117157524192	2.77331634331767	0.344308539678368
1.12089452199979	1.43720643265493	0.143005632215943
2.2253595972634	2.53735366625743	0.205937139047017
2.13431373448675	5.34385137277563	0.188407750068402
0.0402802211554071	4.95411382085805	0.281707599774096
0.988958818150857	4.81716960797757	0.0773540907493345
1.39339905837673	5.59052701177141	0.626392007185873
1.4894800446071	3.38946665670947	0.849584756566267
0.479260017128792	2.83120457152306	0.301862457063592
0.786015116424355	3.91769406773853	0.302845855637843
1.81361232883005	1.1576984527671	0.399528475549619
1.31879943142832	0.897395688872189	0.248427956332049
1.35754272825364	0.452474497103284	0.406181877929842
1.90809873315739	1.57219743553222	0.260655438694312
1.42877290925703	3.22717095535303	0.574921533409922
1.67152462913038	6.28381837646778	0.589138987151002
1.36190728736845	4.79047065607381	0.349971289009288
0.813215058957345	2.99091804105612	0.0992161999588917
0.95084500936628	0.525819977762601	0.0532871443589341
1.09669271019838	3.17098490211135	0.350452083232018
0.238212536147594	4.66879930861414	0.115722727615162
0.200513024954577	1.17450955878125	0.267637330706759
0.622265124479809	0.587263866956026	0.327001630940197
1.47229705990255	3.56876027180833	0.0481614888915352
2.0551386591604	1.13174587017912	0.471651200563568
2.32921860001364	1.40783152706952	0.447866352629794
2.76645936754243	1.45307708133471	0.518676424288478
2.53506548060419	6.50680809489266	0.514705334102701
2.68782273318909	4.07359417867634	0.236981753915129
2.8286204071461	4.98532358817	0.336217475801076
2.78069355374398	2.94566723417477	0.189078726785385
0.274001864248395	0.113673279629302	0.530893191898944
0.957794260513034	1.93753701923997	0.695183987874047
2.01647940762062	6.49086059730261	0.474839968211103
2.03877162363215	8.0983300302145	0.26359038263538
2.81678828602646	6.59276526524341	0.156648146038925
2.62112212262111	7.57595973969578	0.196477554801865
1.55651156186424	9.16044095241506	0.551690284889006
0.47337646162869	1.95594490704201	0.159487995054313
2.27726556467416	1.10065108401134	0.14824436236416
1.1273026326911	1.98805574361076	0.293257089399068
1.59579096380977	4.53262936402763	0.595382742763588
0.33949739239866	7.91873707866996	0.0842111706859738
1.09531861078029	9.77967987148812	0.507466723390582
1.03665034090814	6.18038355360918	0.217825612790665
2.86607261879723	2.01508504900252	0.333415043590194
2.80866552976822	1.57033388949955	0.262212047316933
2.23469507017959	0.736738302402042	0.198939372488111
2.43879637095665	1.96409007799243	0.113762321256962
2.54494349603502	2.29541073813917	0.369130446944068
0.945952735810295	3.14256887288808	0.315049524450335
1.09752677225247	4.73826290148066	0.141138577520367
1.25656383055677	1.23805679417773	0.767464247851963
0.0230939201226226	2.59746368318436	0.153051689224181
1.62448344534473	4.27237107941632	0.110550142090767
2.33633138111991	4.67945659985516	0.0969501092948492
0.469445296970184	6.78375101037627	0.509144870808338
2.44219055640108	7.00196175906895	0.221033217390321
2.70194675969703	7.57348814657353	0.25645774643795
2.48203900606182	4.23379047356388	0.224260843831631
2.68851410297668	3.29130613097665	0.332661222485511
1.87148994211551	4.94623091619679	0.408784094411529
1.22825930177251	4.32787041957418	0.709922932944868
0.0181430833426919	1.42313127640655	0.486377778445146
0.870672870185467	4.16900425389983	0.0545093805185862
1.41453649692505	5.24158435434498	0.258366241456862
1.94110930152471	4.60808313694123	0.286834570184175
2.54371857948071	2.36955918212707	0.0902832098212844
2.26387391060949	2.51642741086553	0.191162748048478
2.00308165011222	7.69389004436182	0.134398189623429
2.02359133119307	5.17126155529753	0.0874585599119032
1.87863825511612	7.26226481530094	0.297255363395325
1.33571582668995	8.14807039992956	0.45985053408998
0.555368751832494	1.83778010214884	0.745378747390731
1.5684351768905	2.47163405169281	0.35375265089795
0.121442406007595	2.61819089922964	0.134974456911351
0.129579231850373	3.07488577990466	0.348136299153943
2.57786702420254	2.58221226873424	0.806668507776462
2.95252220567644	1.47197647264429	0.578975484917053
3.04748693871844	5.11566023264759	0.545045435615644
2.820117557327	2.72465217221939	0.572480566547799
2.45405060018468	0.863440401123079	0.166367111688608
3.0582793159518	2.50084528188011	0.278933760053777
0.0250569277313796	2.22971601232137	0.0889009817280503
1.81500633674842	3.99369242874256	0.35095270031713
2.24309988747232	3.76805848739881	0.330762954150781
0.359511563293129	6.88699653615994	0.28411101738301
0.371828030022039	3.59231996827997	0.208206551530228
2.3308230328758	1.07155711763434	0.0744978013226683
1.11741080164088	2.59869581159992	0.228102741787221
1.54368222890984	2.2789400915348	0.16393805502358
1.13378503060354	4.56249301095004	0.883037403282502
0.857247467300525	0.462094179194798	0.230923755932376
2.53352240069395	0.53151419164961	0.618943680251958
2.77759446137466	1.66894913166582	0.181800222057241
3.0172685280375	0.487207496396489	0.149287149849018
3.04066445157335	0.651181018101923	0.187858707335519
2.87520786858298	0.606230066159589	0.251499937422564
3.10952428643054	10.2868912652614	0.200363896518063
2.04184654128972	3.99787393547454	0.558696348351296
1.7582116366918	5.97147382101864	0.355340116036721
2.50048077585046	7.75263783651574	0.113701853651991
1.56742608252568	5.8098261851516	0.703766783384291
1.46678908522911	3.26859763623986	0.0469784242229337
0.723519852471644	3.18836978395406	0.349140509610931
1.47832712746744	1.90720185325223	0.280044882454449
1.58888190571602	0.201863473121203	0.279147040981576
1.62116887288791	2.21917402921365	0.195286051916202
1.60383120139024	4.44990584720176	0.553094040754758
1.96070990457776	2.04657826741044	0.546368629521205
1.79777536092586	1.49251998108216	0.245853131087168
1.57214037498409	2.05244617494588	0.109570679953656
1.59734690785617	0.658767557585123	0.420375352764789
1.29651874225115	2.55834401074332	0.438354146772125
1.83295575043494	5.74701581294606	0.526989286954115
2.47567418305972	4.67432759913121	0.125619954066009
2.22579842220933	3.02299337670449	0.108537334274936
2.71352139096514	1.23313991337965	0.222621756541182
2.74821469328615	3.05445237136601	0.534417031603468
2.91200051414765	6.79990617689251	0.302192731897179
0.796277143269114	6.62497131992752	0.475881449742964
0.759242633986788	6.10237659178688	0.51061417886137
0.360029714805128	7.24711043574161	0.586454213752177
1.43807397578647	6.31292502320423	0.222839580104457
1.64879275899154	3.36595454691521	0.219994853905578
3.1239040958963	1.20896748966035	0.268616310375339
1.85910056546269	1.26791875111586	0.0872730180490119
1.70719901891159	5.98793924003673	0.188761123305754
2.42635162395985	7.2554703093872	0.409951443878082
1.52897983624916	7.99500175025937	0.123996691657138
0.0252189875092082	4.93518483109664	0.212375796914735
1.81013838655287	3.22352719658334	0.243410961925194
2.28189160706665	1.15455135848745	0.410681443333711
1.79968998527883	2.34313171177629	0.367068486314438
2.27427920840551	2.63994628733167	0.141029755132743
1.86830010327561	1.61380939327463	0.619400160424842
2.68714589676849	1.61362685770136	0.250525320985015
1.7168275915353	0.433818476209006	0.494104254178704
1.85071557044891	3.65031043546425	0.2385271755536
1.67742683744768	0.824297532944994	0.196084185827168
1.524543164687	2.31973922766785	0.205741051782839
1.2586283580238	9.63171670564682	0.289266407655858
1.34967487358625	0.688411052698504	0.304076927223976
1.44752205189076	5.89066133969213	0.235500056654839
1.39098388805743	8.19504844242467	0.285597692529274
0.726340558420391	6.44434092537756	0.33817200618996
0.690997430402809	3.74844415411799	0.144733666296923
0.867149136215188	2.77458769304397	0.344036467621888
1.48053504811014	3.0125075119074	0.549933001172451
0.433590264201582	4.56566337791128	0.348136865014555
0.145215546636234	1.0096996425831	0.284549789255416
0.0330683358322024	2.68604808864035	0.483652931292657
1.39256371498721	4.1909334343416	0.0685746037871494
2.66656417133109	1.04000604431279	0.383936315237996
2.96481679844368	2.6639097201467	0.467231967709
3.00079949066989	3.41498466555585	0.383801086213531
3.0248631509528	0.777125951890934	0.0767610394738808
0.335163137347177	3.99952665247036	0.121626154277823
0.0379875436847031	1.33880249552041	0.286221463779118
0.220303530657865	3.48809228779252	0.304098287969685
0.736791152316999	1.60134739576747	0.442750705264235
2.13621842821452	1.80348244046428	0.0797269122427641
2.52524980268206	2.2157744003069	0.439305534161541
2.65812853966591	4.37312666881683	0.396466539799404
2.95588688032303	4.15808312659828	0.208319881179221
2.64793247964952	1.6958797778283	0.260086714542327
2.38761678777897	2.09158962900536	0.428425709032929
1.98885321163188	1.79680141441891	0.338637831562913
0.0360297585688813	2.09393965257538	0.0954978769837264
0.22938249511416	1.8720855601197	0.321450792578379
2.43671276536206	4.81567813047898	0.469788970831085
2.93154072212899	5.76978818518897	0.20206838686447
2.77768497040172	5.43905425537917	0.284144083479575
1.31995282470181	2.98160476601321	0.216981788937889
0.710089975573993	3.44196091670377	0.158110695376344
0.158707088545548	5.85274811908167	0.23565073000082
0.185636159980833	3.85456099805514	0.367560529596529
1.18434713329526	3.24895356762021	0.293835795060257
2.15906904190642	4.92884229916272	0.0895265945484348
3.09056482725802	4.45968187729227	0.499286848308885
3.12481853964268	4.78235350146327	0.271443018091062
1.72183889705808	1.85944114145641	0.158319067785147
0.765949660694633	1.79003491577018	0.228221327791191
0.959214815557603	2.05119503019215	0.257202573805606
3.02336038575295	4.6067726492327	0.0601415280169116
0.375636012608889	4.35428101724138	0.289565087286421
0.639128508931301	5.25346099523677	0.326320424174045
0.749119428666154	2.92260907396414	0.289890755866709
0.754356679937956	1.81382847694605	0.335956183533511
0.731817855551172	3.64200384691426	0.828171972371441
2.84179624234892	6.0362366503691	0.401995513296489
2.60378653244064	8.10966471011357	0.510250758772413
2.42959496593596	4.66914202133598	0.135306242208615
3.029421849459	1.61612198124155	0.34342391562963
2.25842087707414	2.49210980115909	0.590261311553982
0.0232604471999323	2.07415822797596	0.211464060186858
0.379506960405998	3.06457962030748	0.241052489663733
0.0123002539980313	1.94629396979587	0.324681193069401
3.08092229974591	1.11636613858189	0.0612429435287663
2.70366185080087	4.70607797104223	0.468856986095307
1.29763772036099	4.938156998845	0.142163868334783
0.18455765234711	3.60621009571114	0.449682827729644
1.56841934753903	3.32100907052299	0.612542393590189
1.25336516088709	1.63760416144981	0.328029778848813
1.11557511668229	4.4333410977485	0.291856197583427
1.59094059132021	4.39710551072267	0.366107838321215
1.13679720805467	3.4204229810183	0.193436435386075
1.18611288999161	3.76311149031987	0.0920379610529136
3.11120431865661	0.408824261999786	0.152861196305515
2.40583643558817	1.59173706081713	0.0832016101549927
1.23274573888013	2.239661339182	0.485331638865568
0.918246276342282	1.73451985423129	0.221934202358778
1.44359871011353	3.75656148908625	0.284593293986286
1.20561785972546	4.78383416875593	0.112894475806118
0.81523964888181	6.63420642964791	0.522267899682224
3.04421042164043	7.11058260957414	0.133611054804678
0.460667147266736	7.4321339419442	0.284874783360168
1.0728453545062	5.84275389256184	0.258302973363724
1.11845247567546	2.38094697675769	0.116462053869572
1.3024609659771	4.20387196279593	0.0273481142099575
1.33280322627692	4.11749549446635	0.452469070959242
0.92201359257434	4.19345366114915	0.112742953309038
0.712997782235044	7.34880250638618	0.296566428331277
1.13689044396975	1.2607954124129	0.611424599430753
1.71193768367713	0.425132807514383	0.643472922652912
1.08829710029346	3.96445449576005	0.204502179484259
0.467556531056631	3.66994466491021	0.145926270811016
0.550870564974125	2.64699740419406	0.157641145815879
0.566451578071255	3.28898176194098	0.264691797783809
0.0374012794461843	3.36076817671222	0.194748713501133
0.772555492138166	6.74780227936216	0.682577976702351
1.195785786992	8.62244984826403	0.54022403150721
0.684183411165482	6.89872091813394	0.597199043369945
0.35310548027596	1.52963181141341	0.268827595131293
0.524696236451847	0.150802401876498	0.500298501456832
0.459763217184794	0.76041279055946	0.613136044652947
0.610164448262681	1.39940210679713	0.343593820666292
1.97182822801966	6.87780312795979	0.579441689876221
2.86516305526941	7.38455902397727	0.146193070495284
2.80126917988006	5.52081906376077	0.261221956778294
3.07145989435648	4.99275053829737	0.21172256672133
0.00155048314834609	3.63300765437324	0.366013080968697
0.092740003632275	2.48460334772966	0.140763832301618
0.123378854268827	0.96876063567211	0.350619821326586
0.292787184825096	2.33994062877438	0.152034682168926
0.110325308586087	3.26522559375654	0.521052042689037
1.16987585536811	2.43031572064439	0.235621047656675
1.93433337142738	0.844866902218914	0.19454148371995
2.3828247284566	1.51641418673145	0.566809548266008
2.97995894968117	1.13851529501097	0.297121231883269
2.40852854291133	6.49900142350072	0.230961064601891
2.39393436713902	7.91593888058916	0.0985436047154334
2.48189839160233	5.84212621498201	0.321282982397782
0.312846670850368	5.54651509533614	0.312171764027885
0.682474521374983	5.65617009527136	0.179401934224161
1.35994593096123	7.7293194667268	0.284993807498966
1.06618553403642	4.96975826522103	0.194062466242145
2.26951286745336	5.7352037728559	0.554892054754388
1.82039681248553	4.4050299484023	0.157567758879814
0.577056638378698	4.68111158067753	0.687852602186971
1.01096735106605	2.82671842624319	0.152242139413114
1.65224600120291	1.95602885519448	0.0653834802643098
1.45757751690116	2.63488862788812	0.260028901815963
0.87882839389793	10.0329694656996	0.115040967807767
1.26039911954007	9.4975106383448	0.0578296802722586
1.24999873615134	5.7690969488031	0.487234350445359
2.24060997632308	3.96396228191359	0.201914455703043
3.11295403188271	3.39986215013799	0.131871704200888
3.13106372876821	3.81834890188529	0.181946052367161
0.365755681822692	3.52939225740942	0.167369658742891
0.589603334425091	3.3628604326252	0.126898189677544
0.532340055692222	3.59246342809917	0.140120431270204
0.513200693942677	4.74388279918808	0.20423156253876
0.897679383335844	1.17208041196858	0.191953326010017
0.937992393600419	1.87559797754631	0.307384469742998
0.065858663172107	1.95548936243744	0.289332276544384
0.483125926303023	1.26838704938494	0.0442217998319534
1.19012636634906	5.5786427215147	0.235307580293694
2.64507713928073	4.58751193806107	0.18008143895035
3.00771958399392	1.42369470869291	0.187028784244669
2.55049420054603	2.070037085579	0.207606236944782
1.10993209822665	2.36830240036742	0.175545402294118
0.110771222464805	1.68017569419385	0.0709295092148735
0.239076366538039	2.28999210798868	0.0545071381706738
0.658440023508802	2.19551964219939	0.24066284223854
2.16636856010679	1.26811591249073	0.653481716404524
1.79398892548094	0.585073150380631	0.20619152756643
1.87666045032906	0.973975597445499	0.445623382660353
0.857868160794311	7.7151890108865	0.0932568691896475
0.289359489784636	0.258267564510659	0.453296267023641
0.0133768494741058	1.82295004103557	0.0704206073770832
0.0538711056631333	3.27757184648611	0.0623197769388048
0.112514748357488	5.21481053758939	0.32040732540295
0.114939696162114	3.28231188584783	0.366521430031664
0.423584945624869	2.30272959241153	0.37271143575961
0.795976972971467	4.74855173808292	0.267496744652343
2.42266282261359	8.39451001672341	0.380379976199478
1.88640846031574	3.59026731826714	0.453258529184102
0.30766011345136	0.893034592806161	0.174356616469947
0.894760054170075	2.22360201750262	0.572127724788524
1.03434676552474	2.55687159779971	0.300504230963653
0.856286089742238	7.61968135777019	0.341631086838334
1.86841976405289	7.35305855187671	0.0599486142505144
2.25452014671853	5.24268375161664	0.0647397691669025
2.22422493442985	4.91408661958251	0.413921270978691
2.17250467412851	6.31233431900615	0.57472327166771
2.97964110995966	5.99449957313434	0.212076068601614
2.81759703522024	8.40740151251628	0.156938574932288
1.40073875943669	7.15742818809232	0.130956377987091
1.12647692395684	4.03920159323466	0.155939978843249
0.961140095449121	4.08760681790544	0.450574416005451
1.01057343511097	0.250574469062962	0.122498282275529
1.67740445216082	1.08832422634628	0.320955591487895
2.53491291392507	0.93257348748883	0.442203529543591
0.683909945392673	2.93664969158667	0.187343017925938
1.71847674996718	5.89435399091329	0.1727820997287
1.83669496384664	4.98666974555654	0.0927373686402755
0.629967983113943	6.57425307299262	0.0608649428346486
1.10241514168217	3.85959411298906	0.279585067426523
1.49278606441318	2.74568942750834	0.195449320541399
0.991537602324492	2.34289638953299	0.666928733203395
0.856362169343907	1.62045695913878	0.291896877095411
1.91238491591983	1.43367078554231	0.541555812798761
1.20513351969325	0.849906410958908	0.0158072254305998
0.77738070205121	1.49256125818143	0.209353796695429
1.2923833723398	0.713901974870238	0.54331419191555
3.0762105355769	1.20406335411169	0.287672024566427
2.95848716997967	0.714442698073215	0.251196212914334
0.571218950791141	1.66644570350151	0.118069533843792
1.02102120340801	3.61998538568402	0.635857247375204
2.70577558779894	8.58153044783074	0.558687083350151
2.31584132498915	7.7600693077981	0.472399844099057
2.29718623291503	2.82491215682707	0.267959090682815
0.487014352946078	5.28485260936123	0.43431656425103
0.679557914730123	2.81107336057701	0.432128383076671
0.94473514939427	2.44802882672768	0.566143792988032
0.727523332486896	5.60186886969338	0.433619132978708
0.813986590272023	2.19741689435629	0.0197452093073396
0.788798267225586	3.43473389566405	0.259117116348561
0.206605976444404	2.9975824938835	0.336134486070466
0.365316641718493	4.04131318357403	0.114899247031987
0.136351486504274	2.83609584303864	0.14813623819035
0.489670660741316	1.18134241778223	0.16037263162958
0.20763181612831	1.95727150107237	0.379611597104746
1.59449903428373	4.30264995926944	0.571178557882362
0.826808165839393	3.96171421203722	0.575509074257639
0.825217061228014	2.13181388756695	0.073739111363176
0.182931319175159	2.43809475412509	0.57497245621648
0.323212925167975	4.0240013037729	0.61783348890856
2.31795006959056	1.93338543905419	0.455498161502983
2.72348209569753	4.44748225803847	0.164413698015543
3.00836678553497	3.74906737070216	0.333902889427003
2.52835115641785	1.81947209825875	0.171930629479423
1.44909134881095	0.437597213986393	0.302139803135655
2.32884084163092	2.33701900162548	0.299274992939103
1.03874306830181	3.61857929767521	0.550762462835335
0.261928462132243	3.81976795961871	0.211028360085353
1.52308253741246	5.63410910584754	0.0557615080341124
2.4340750310351	7.62640786741267	0.42680941009313
2.05779800930584	5.38728173506813	0.347002574242901
0.455271064103065	6.18130301889587	0.0950226980026523
2.59719504964381	6.3118976461128	0.0469437198364864
2.76614865220944	2.78656333798098	0.182551790840725
2.91393259510061	8.31894696254676	0.440462671330818
2.85528538021979	10.3841735393566	0.228139566147401
2.71600929656692	5.75221274052192	0.64583831799484
2.41670636482956	2.98731854487651	0.446188967215125
1.13219150859952	1.93479347759375	0.116684590277815
2.30320254406227	1.00043784489127	0.213916491848175
2.51584674616086	2.05176660427265	0.370661862368851
2.22815856541247	5.72961682169331	0.342326382085134
2.89578941053564	5.44799075173435	0.353407716203766
2.19931580011475	3.29094844175072	0.421721862613122
1.83739646700317	2.01910300481382	0.46685600692852
1.00450323476946	3.72046317428705	0.359851969278274
0.720737463541963	1.17118988770958	0.413400735425529
1.83377263760444	2.08737997234691	0.363134108018677
1.48185612224737	1.70781412227392	0.165647970914094
0.292413586885921	3.14732275980846	0.265111034854568
0.511032056080204	8.99838404326336	0.101236316048558
0.611856302262747	2.20173416261339	0.372555672977536
1.5132067695701	2.12472168401831	0.707350480739258
1.53183844768701	3.50373327551086	0.474195370641248
1.59406248190888	8.65144045088373	0.184793148467185
1.74466220267589	4.58617733191521	0.412702909154253
0.655458766730676	7.88659644721211	0.203273338971619
0.98837726226732	8.41776176036555	0.131662961967292
0.848883073035508	5.67648840781514	0.788651211537649
0.0937236251211463	4.63837963048516	0.254498162968808
0.206563644447496	3.68206213665233	0.0284284384915855
0.186107500984797	6.50391863320058	0.163996138767242
0.262092299215959	4.30067692000389	0.482123461045184
0.392917010109832	8.47473938168743	0.342901925718996
2.3294539842517	3.74758972183788	0.325492504181892
1.74881862382009	4.28716941515286	0.232215645926179
1.2926807486419	4.12526006008691	0.468817143467374
1.42368418269762	3.1760318424353	0.0963801719969314
0.608924751596801	3.817874381886	0.296246711226332
0.967659756540706	0.975666793626868	0.332191829072624
1.5360804473645	4.07896621648172	0.310514880593611
1.794048552738	7.70004565733208	0.119892157933307
1.59083599422725	5.37630248311424	0.246888089629357
0.987590680474793	3.68016107524879	0.612143784964864
0.0225356768053831	2.07051830662627	0.0951433183877579
1.75248442751506	3.66477985311788	0.276461904483889
2.92137092687244	2.75059100019727	0.278956772183261
0.708747504543304	2.38020006751708	0.402569325809274
0.177287138257787	2.5598546018547	0.180785809438988
1.43546780126154	1.21621364343751	0.359288201745384
0.914003483720458	1.06902430402359	0.414368730551408
2.16131662546112	0.662593537094157	0.465817672202378
1.81855183769531	2.28622785216386	0.498158253278289
1.70483128698285	9.1562065940991	0.371963858861115
2.70661640448407	8.93420706868723	0.184574656546014
1.81343224112191	5.71674222321859	0.118567835671484
1.31868546549409	9.18029463836442	0.219157591764787
1.47737068720691	7.65247792344117	0.339249555716011
1.02084549513315	7.8901628543384	0.547567107538123
0.903298177633762	6.86457176645943	0.170057758364369
1.43273739842391	2.23948684152637	0.058342398619983
0.0347126503116581	7.14094328913558	0.239136062724281
0.265481475778431	5.12694345870712	0.607432666440483
0.129244556857746	2.055128076884	0.566905886259469
0.101171621523631	3.54903309365129	0.887263370384471
2.87642060148634	3.3600515050318	0.294437530871518
3.04223327377724	0.979998850518695	0.14293984695657
1.92951080038166	1.31840128775749	0.442650081771027
1.1822164921113	4.11451038537863	0.154593136172121
1.17049024498404	6.67244640092963	0.801344906639727
3.10261689315394	8.69503351602276	0.0593596546910687
3.11786158853739	3.38079428442643	0.153342294282593
1.40534439536672	2.21552309279469	0.771149300350821
1.47491234974956	1.20448578863426	0.286220855260609
2.62674473867007	0.638243475322296	0.546253189558938
0.00681949044183235	0.239066369411806	0.535523142467118
0.0988945518653429	0.641259943170034	0.125366563094731
2.82088734085204	5.68510556836117	0.181157461971172
2.8514835945894	9.57747447058699	0.43692704803524
2.95736230636248	1.82858941835481	0.299783912576706
2.53824988138313	3.22452248678776	0.196922514584861
2.18982098979073	3.81280031898718	0.251967022748801
0.0712960351840024	9.38360307632377	0.0860807756881912
0.885952611624554	8.7026200879208	0.591862161743385
2.04049220116207	6.32796679802857	0.189935278494863
2.21047292214452	4.05222556567226	0.14348573190087
1.20196333424296	3.08614096872724	0.2013976610855
0.648391131371379	4.20258603335677	0.27889081540389
0.57011829479054	3.77993393397019	0.784305204800021
0.134645185967773	3.64007100610658	0.0725964239237041
0.613018965889608	4.34301796162555	0.159953676338854
0.555496358525555	4.35876558096627	0.347157876646536
1.54786054952177	1.75321334005906	0.139361850806426
1.49676789380412	0.658058298466333	0.0950319646115471
0.434709885176842	1.61194161092104	0.261628262256485
0.426565809943257	0.240166276895473	0.338957221633827
1.64778606767903	2.82509274225484	0.0891786737076846
2.6241481862689	5.50060653393063	0.440946165118191
2.6797499358104	7.41804203206042	0.411150198569169
0.584280752890275	5.57862077444391	0.241150744502692
2.55345927518731	1.67571371762408	0.122341245717466
2.52152052096665	1.05963651254754	0.274792501813003
1.51486358024819	1.92836941469414	0.402959195835016
1.14625786149625	4.66277698467299	0.479501849194332
0.599105720380677	2.14421176708246	0.508904021468985
0.316987915240298	2.86963244416133	0.120394156216451
0.430212334398369	1.89317819092474	0.0447006826038725
0.127611474955536	1.58954030175753	0.53578293972389
0.898988215170461	0.155045729442447	0.220887192549362
2.03702319433798	2.43214170799795	0.296413423871393
1.98727541897769	0.785343690212704	0.0683980905141654
1.75956063127696	3.90288933847476	0.380492245679704
1.40796753803185	7.00867516003335	0.269656210817549
2.68540295033986	5.51789314169964	0.347353339049016
1.15001500300892	4.00871253219723	0.140155619882487
2.40915172315639	2.20502651856619	0.339030351202323
1.63347096329126	2.36640470638864	0.358544865999032
1.50241267061439	2.45084124923057	0.652990140259821
1.64826100759218	1.06315702731471	0.307297129944088
2.20327634740134	3.06566588305428	0.574526271983339
2.01057375534895	3.69308466442338	0.174924964082046
1.56825456108241	2.46329838068656	0.512665220159869
2.10057067265106	0.27269312693529	0.142125574771941
2.20671924434117	2.51291057512678	0.44212425092366
2.9390730195553	10.2496187253711	0.466301012980476
1.72030940017301	6.76461558788639	0.426806387490377
0.637190807249887	7.4287097562426	0.117244371186527
0.829220503953496	6.84234830303913	0.354655365214222
3.1196655995334	4.26664645110023	0.091958390676852
1.82517908871039	3.88913990027735	0.753925660534552
1.79436448064615	2.12138239921808	0.553687745205441
1.52128182823508	9.40353603650963	0.215066251516643
0.402945730694894	7.47964309476296	0.153872257202385
0.471147860880901	4.09913669348224	0.430633614829962
1.4720435772254	1.46320360767749	0.142642485593382
3.04058493545077	4.40588395632266	0.32197743766342
2.92845835318798	2.86394677479148	0.0484255158160329
2.43615081466829	2.50545889557593	0.323147617021718
1.82144123330262	0.791294438604687	0.528730880635319
2.80897984049805	7.94508720029538	0.278809066678744
2.14167387039282	3.3850327211239	0.740897061142391
1.67984482311292	6.52221427424489	0.0700606761279566
0.883506606909124	7.84090681015103	0.475492873114487
0.228790635463829	5.58756588429533	0.504021571520814
0.549596822434223	2.65707397637762	0.198622988564257
1.85128051297446	2.28608005611812	0.415233064238837
0.751495509770543	1.17746166682463	0.312030659798889
0.540885631662247	3.2726068189369	0.211893676526574
1.87834712199513	2.85962103415267	0.549172547076417
1.99692014085398	0.814670464872093	0.394072350711135
1.0567331393383	1.11511876353807	0.214580198947629
1.06330643711133	2.99292449299062	0.274217141714152
1.18783560206133	0.84065698950864	0.629281617969406
0.953381544040225	0.438605859422601	0.284537723866347
0.679948203329294	0.237851421616097	0.235052926562532
1.14435816865535	4.5856873694843	0.302891654886344
1.00960869300482	6.67193520145895	0.490970698066225
0.83042490853998	3.17791141478529	0.547183472836859
1.03859021468625	4.86314833532184	0.492305555038578
1.74809196637373	5.35108085193974	0.358247821488681
0.117515776350189	1.99124882603065	0.176609532867985
0.262889187049331	4.02626765267739	0.289341026584536
0.0520164312105174	6.32877940580491	0.510873035817667
2.84435562899333	3.93165453452063	0.551739320381283
1.88893369972297	0.173810549941117	0.302636434257985
1.83796616529413	4.4826932833161	0.133342092149043
1.96572419025544	3.11135563905045	0.568592889062742
1.21523868358668	2.36857150626559	0.591233414378875
0.712548550762832	9.94385451854084	0.573180995817826
0.637710164673546	6.67915482069088	0.195113779579601
1.03173184711825	7.63040260016997	0.475656031651419
0.507871291568171	6.82476289750665	0.179239740794535
2.49319834517283	5.34205541060157	0.409278935001622
0.846258775859833	3.99141896613108	0.363877438521489
1.73848935943403	5.11735010861813	0.584393680224174
2.31764206207989	1.25997622534897	0.427951923469283
2.0167150526792	3.72695356669092	0.289790989437281
1.3018928774107	1.69976194988974	0.386488066774631
1.96883303744313	3.13619184602987	0.131388433647702
1.88762970951322	3.69931106300622	0.0140246098824051
1.96111117495033	2.03009856961734	0.108454861533144
1.56079239265728	3.7458301981116	0.151804093248094
0.211640858846093	4.63236864344787	0.0225003520684191
0.585670502776638	1.72538863191218	0.771481136037866
0.63292078718569	5.92683133683359	0.294195227724117
0.0816832084644674	4.48496458538479	0.198430394189464
0.75560583004201	8.27374753743173	0.213081621844653
2.99305911225449	4.99613861862086	0.284123654507928
2.97113297918051	9.07780614054567	0.231020998243058
2.21729278961914	4.29703965607879	0.291097910300376
1.9664236142871	4.51753768011254	0.567294305009721
0.772926519826751	6.7469884096712	0.431374628925931
2.39580066586037	2.6366443924781	0.4928059318024
1.0358463200463	2.42566201971518	0.511754912412688
0.938464169028714	1.76753954216676	0.39843609073219
3.13019859167773	2.13309980866636	0.678198831047878
1.88505433427006	0.942984012779644	0.16542632709704
1.58964661167765	5.99874275354142	0.406829644607078
1.87014299776349	9.70833164489071	0.15657767744116
2.11098406648358	4.35724858339091	0.350202396554443
1.63951844487431	2.78942952693675	0.353093912317884
1.7021571177697	2.15000725704981	0.436686474013462
2.23192992294251	2.01336608965503	0.196316205467422
2.35538774724487	1.42379038606842	0.533675084350041
3.03918206080777	4.21930223670095	0.275592513229026
2.67884808482282	5.50818959281648	0.189734523277243
2.36299488025981	5.77729507419299	0.272781268153102
3.07512055057869	3.01036071503199	0.389050123206561
3.08006057346795	3.20065009223212	0.244143508351487
3.01173285285877	1.38393552261126	0.453178743196189
0.327317096265361	2.90520396321256	0.35305161897962
1.3796843032222	5.48093047889491	0.332816042452679
0.275463420751714	7.40749738396364	0.123039788635532
0.080831421088582	7.80609582651823	0.18468260292715
2.4317383411188	7.86118886994314	0.520352681865414
2.93035693440983	2.72818837768548	0.254411214343303
3.11928928201947	7.15566783802175	0.596143648040914
2.91898078994229	2.14488799421675	0.237260754940138
2.90652887046861	2.48111653450007	0.207702159667798
2.95516855533466	1.17935230412164	0.567362370375072
0.811460901252352	0.46366644470427	0.297423050963754
1.080450157228	2.19034817891361	0.472785239467816
2.14494665613837	1.52645434200945	0.198127734870656
2.25112731262595	6.49928333924299	0.271948446358385
1.91680246107273	9.94012541444842	0.227705456719915
0.132491552811235	8.6508374208038	0.428163476422541
2.64026839148289	5.79644293327409	0.0994369134412469
2.9319652910921	7.21450156936747	0.238314554012315
3.10836838208629	7.09256677848783	0.33889140374928
3.12722322799088	3.51846464205671	0.332556892744459
0.151715714157599	4.60553803175484	0.607333152441409
0.330285170917503	4.78308062289374	0.504536602770959
0.561571261433654	1.13503264083918	0.256871377238726
0.400999951279752	1.31964282260619	0.109045120198982
0.647841253522429	1.93893081974181	0.424151892582338
1.48094219209093	2.04363036279639	0.588933765892503
2.05151799167669	1.87639579623608	0.712246337947738
2.02542909239494	3.35840168871595	0.08653293105953
3.07665262044574	6.96526690399327	0.304962634828082
1.62531160569501	5.47759167041229	0.569958977854628
0.0766247612775061	5.34427132937336	0.129019016007246
1.72714273840437	4.28884043232694	0.504011908533356
0.00752536028930286	3.04767054351286	0.396061729671852
0.618146698144322	2.24324212056239	0.0800368394088156
0.209939863315497	2.12437314588609	0.121949576806153
0.28562537995046	3.19815971081078	0.465546089897291
1.47052344889169	3.31207334929519	0.174013851622187
3.09929102677567	5.16004105650792	0.67946132045943
2.61106585481838	2.21083981768929	0.858529849900864
2.54923175590124	0.378866356217461	0.295073159497498
2.47652827147947	1.38920102912124	0.687055237666792
1.46282264533643	0.603265340595165	0.412640964077563
0.889001750200724	6.08166285042434	0.0534784607300198
0.0735543460736036	5.05176305033276	0.741650035319194
0.294405575186834	3.87330391847878	0.508686580987071
0.847090139862241	3.78545093232658	0.10763361178138
0.552628418742203	2.43752154684523	0.291418974643995
2.21059233047637	1.68973125655717	0.142467595504366
2.57751923997627	1.09780805597819	0.584564925964336
2.02900227596346	1.74544167271096	0.651152426122205
0.844908083906607	2.8369695740674	0.390859334007991
0.853838391468258	6.78997623320109	0.307735873083141
1.3741987214245	1.36543186589506	0.209752084725888
2.38377827595935	2.05053567037195	0.164017233189331
2.68788271041387	2.56541559910288	0.345526844917451
2.44272973221814	2.06448277712289	0.722077940756632
2.58584612150501	4.43815228082159	0.363845704928895
2.43926344559452	4.25548737367466	0.342352658134765
0.142431314766946	3.33667650637703	0.402787903941586
0.804832271784751	2.53640118569194	0.564416120309443
0.974116826498953	1.16653857790024	NaN
1.21781563212043	3.99129377555778	NaN
1.40941710095471	7.72445798983679	NaN
3.08886411372911	4.20119741709532	NaN
2.74362144851193	1.53093645725713	NaN
0.16852719688809	2.21484384784676	NaN
0.0971801646121536	3.50676406405051	NaN
0.0637073195314519	1.06194877497163	NaN
2.80965356235894	0.380217276057765	NaN
3.10196498700768	9.13641174784432	NaN
2.70199347399283	8.69227625252167	NaN
2.66086297091286	1.6921367846973	NaN
2.36153382833978	2.83124882237537	NaN
1.25695393021466	6.12309402333516	NaN
2.56266440511158	6.06812053293396	NaN
2.50095521796527	3.3796309762069	NaN
1.69007109414928	3.83637695418582	NaN
2.32442212165915	1.97090846682722	NaN
2.66248543245679	2.58173040115211	NaN
1.10304178824218	1.53088251355669	NaN
3.11965533899628	1.5416503426867	NaN
2.86738567480288	2.05344048672279	NaN
2.63574611581985	2.09346619859111	NaN
2.60021139308946	0.899067679175921	NaN
1.63955300332961	3.49802533017227	NaN
0.487548290084056	2.34001838724251	NaN
0.237020037957161	6.11153493788202	NaN
0.92910271503617	5.76727298380396	NaN
1.47695941127462	3.78545579000583	NaN
2.24601932512906	5.09538005986785	NaN
2.64251768148188	4.40693966957804	NaN
2.30012976392988	1.89752707783833	NaN
1.92032787489152	4.9509573325639	NaN
2.42613782163391	3.50138327873505	NaN
3.05080177442458	0.938442398546941	NaN
2.02240110075979	2.31751636634242	NaN
3.04596127884157	2.04131872987679	NaN
2.48463078032874	2.09581405672928	NaN
1.85662806512648	1.89508690008734	NaN
1.87580897744056	2.73552408879622	NaN
1.17164098524984	3.61178820138872	NaN
1.3438171770596	3.77963982706156	NaN
1.41661512309405	4.00088234920643	NaN
1.19844192667548	3.74479051488098	NaN
1.25135036219619	2.82469835451418	NaN
1.77374617697841	2.42368922452849	NaN
1.40561974641992	3.92801801017006	NaN
0.516585250277706	3.36528341738047	NaN
1.32287203182868	4.84169991678334	NaN
1.41532203779008	0.526149355573225	NaN
1.04658448331858	1.45198342769497	NaN
0.371105007731489	2.71830883463661	NaN
0.291351914078076	3.14650473769726	NaN
1.03215177469541	6.29121146770196	NaN
1.80665805013874	5.23493617952035	NaN
1.6899792411497	4.92561583204686	NaN
2.25043819544681	3.75920016163802	NaN
1.90163783386712	3.75816471159821	NaN
1.4384951703256	1.82066562493061	NaN
1.7452908271791	3.78804665499121	NaN
2.53376822900626	3.14900762945785	NaN
0.489937295553728	5.25418882980032	NaN
0.0806271900022717	2.26021364878329	NaN
2.25413190315804	2.17485997578153	NaN
1.64702224507565	0.864678228651137	NaN
1.47586355982584	4.73311457197381	NaN
2.02616559332525	2.39369762386389	NaN
1.81689900881779	5.6073868031283	NaN
1.76769493064758	7.85556617840628	NaN
2.59946074534107	5.36429856923118	NaN
2.64562361926697	4.65679088038141	NaN
0.79707825086112	3.48924814491073	NaN
0.939296840278433	2.06265684810684	NaN
0.531535364866675	1.88872228401346	NaN
0.437076136558126	1.30663410927439	NaN
1.11953659657246	0.447676003994799	NaN
0.958908316658328	4.4654415121946	NaN
0.896643195602717	4.54431336049147	NaN
1.69346803828491	3.22556899926462	NaN
2.17429307754034	0.809529699192236	NaN
1.63737014166111	10.2697874745908	NaN
1.54998846420051	6.66409541651641	NaN
0.82708060088469	8.30978383202712	NaN
2.31946898348694	8.52319159325259	NaN
2.76740936317925	9.43472010753506	NaN
0.0822987468778039	4.02961356136695	NaN
0.178053250302614	2.83333399592905	NaN
2.76396225899723	3.59417438322845	NaN
2.6706224541192	3.02745473928996	NaN
3.06206567119924	6.11981805056225	NaN
3.0561710654103	6.36627667904209	NaN
2.87811666265255	1.54023282999695	NaN
2.38157594925291	1.42861031614884	NaN
2.98812990296146	1.9579430666653	NaN
2.47838882808012	1.45059229179041	NaN
2.15894134303727	4.89741651354295	NaN
2.33266612155525	6.92671304282362	NaN
1.67586567942353	5.81395682673767	NaN
0.8992318305738	4.6873013441831	NaN
2.04775659793785	4.93255537612886	NaN
2.65045680663641	2.49633488644803	NaN
2.65290933185859	2.17428640608993	NaN
2.71246253326877	2.17584644100512	NaN
0.281486652569919	1.59455409107089	NaN
0.00332084308586594	9.72905257924293	NaN
0.46552479290194	2.2660868790307	NaN
0.630045094344819	1.57561349692563	NaN
0.55934641506663	0.771602925933889	NaN
0.725158519905205	3.2132991979164	NaN
0.302089234611972	2.6178098122062	NaN
0.770350966956713	4.44641195765972	NaN
2.2503131734802	0.883859860769808	NaN
2.80133383311728	3.31547984347478	NaN
2.04969044159481	4.10692707870171	NaN
0.00621996280954657	5.04239319221062	NaN
0.507670913832154	7.89248445603105	NaN
0.0626653899045324	8.41127108262068	NaN
0.261175717859956	8.11843915521549	NaN
0.141079481812439	6.05904059377454	NaN
1.20448718203278	2.51369216005542	NaN
2.66404609191704	3.4849165361072	NaN
2.88435600061715	5.7275740112568	NaN
2.90115307259429	4.36976087934217	NaN
1.28461243651922	1.53058138611001	NaN
0.460555146726634	1.85718642162125	NaN
0.583300825719717	1.65693301180535	NaN
0.00376220970277334	0.721874093597376	NaN
0.573531241046108	2.23012603157066	NaN
0.823342866283519	2.43253976345676	NaN
0.574877718078174	0.0544811421511248	NaN
2.75993072004417	6.00176319700135	NaN
2.88982819776956	7.85143896474157	NaN
0.300662027789138	5.85729455828261	NaN
0.485505904889451	0.996694017995089	NaN
0.456915766599252	5.66710825081084	NaN
2.45851313936147	4.3600245319839	NaN
2.79899258260665	3.35123372944162	NaN
2.7500337569921	4.30385190400965	NaN
2.71161805104706	7.03921958319629	NaN
2.67799117312766	6.26645008570868	NaN
2.51481232967558	2.78588545044649	NaN
2.53687628663969	3.35977644625755	NaN
1.91342184603988	5.14024174999447	NaN
2.24968240706219	2.87957019167112	NaN
2.18844274203242	1.20767211207022	NaN
2.17924415279165	4.36758010789964	NaN
0.761945974232526	3.00516064626569	NaN
1.4310272683977	3.51272807069817	NaN
1.81594763737873	4.05191916137917	NaN
1.49015000355912	2.22485537632311	NaN
1.30583995306758	3.61219894207303	NaN
0.962636012487671	5.10544101054371	NaN
1.6859182404025	7.84471557783761	NaN
1.43382425089761	5.58258790040461	NaN
1.12063687047831	0.926323797422621	NaN
1.24383352210446	6.08667117031724	NaN
0.973717649246486	5.80369906891297	NaN
2.6344604683	8.80285937283267	NaN
2.68939097238233	5.06801973101897	NaN
2.19206319751445	5.74173037472137	NaN
1.6560175656959	7.82093804031435	NaN
0.936420512120724	1.54437468352927	NaN
2.03692869146772	1.51696474008242	NaN
2.4836797465821	2.31927929542063	NaN
2.91119347088221	1.73372019489836	NaN
1.14176989684274	3.71792111386131	NaN
1.0862539382125	6.23182861215543	NaN
2.89830225938381	5.58246688004523	NaN
2.72906589706297	1.66837638817699	NaN
2.26995002421821	2.74985048614032	NaN
2.43472351867766	2.62002108370909	NaN
2.78878353042788	0.806539220529574	NaN
2.93698285226974	2.83150502998831	NaN
1.32847882896957	3.89433216238418	NaN
1.19061887532987	1.64973235752057	NaN
0.409316292281565	1.57959762635133	NaN
0.732902880069515	2.95272655993118	NaN
1.94694742810464	1.85672741530799	NaN
2.82868788287947	1.01258814323968	NaN
0.568728559727184	7.0111815381119	NaN
0.590739490321043	7.61307280857213	NaN
2.51859091263078	2.1557403464426	NaN
1.85408612885691	1.41129979493355	NaN
0.951034971689957	2.66450823919525	NaN
1.54520059702948	1.62547691150668	NaN
1.60912525179558	2.84281428924725	NaN
1.25454810388909	4.80490723322861	NaN
1.92173715345487	4.98875665710786	NaN
2.04115741554712	8.35052617176214	NaN
0.87259319500921	2.51470625746682	NaN
1.91336391951535	2.13415541147239	NaN
0.922312599329	1.55025837866232	NaN
0.370727733338871	1.28540287970931	NaN
1.659121855437	5.20596957496879	NaN
2.50162955544387	5.39984384959393	NaN
0.403919692912851	2.70221727203216	NaN
0.244052390061858	3.78513813277697	NaN
0.437558300450318	3.27400666447433	NaN
0.573543196304791	4.42637404420089	NaN
2.34961174425843	4.59082304029781	NaN
2.10500713493297	4.74951138301494	NaN
2.25400909403874	7.15668444990649	NaN
1.99929658658294	7.75550517766355	NaN
1.35557700366723	3.2827264281306	NaN
1.65716622956012	2.15551925152572	NaN
2.88380831646959	2.58833693182022	NaN
1.21539915783849	4.27817850515364	NaN
0.150808768580251	9.11646455769394	NaN
0.652546286288958	9.58173922572771	NaN
0.879590811759823	6.41726789715466	NaN
2.8543842260214	3.40813754411351	NaN
2.97457860071034	4.66068841903844	NaN
1.53107281124699	3.87166528765593	NaN
1.44997428048984	3.24334916855692	NaN
1.38777530271034	4.24599363540066	NaN
0.211433341784614	3.32077374409914	NaN
1.19756712283905	5.36949576365336	NaN
1.86844785473272	3.28185787212164	NaN
2.11017816591415	2.8314817850884	NaN
2.0986056202014	1.04781611717008	NaN
1.83311851597608	10.3247341123802	NaN
0.167690949624824	2.15785692174048	NaN
0.666488441001229	5.48835819029655	NaN
0.295563785790761	7.23471409969549	NaN
0.172945458239505	6.17040938534939	NaN
0.34832741784472	4.57685019504435	NaN
2.44846095285842	1.18262727112571	NaN
2.76638616718993	2.32993897556033	NaN
2.8149967252556	3.70687013237543	NaN
2.14557525918191	4.75846145888689	NaN
2.07092611704521	3.04290759091566	NaN
1.88576931632463	2.59706047910084	NaN
1.2090659452199	2.96592048402163	NaN
1.72179509881663	3.54818496266046	NaN
2.15084026490171	1.98322668160893	NaN
2.02692770040976	2.24850690329009	NaN
2.1647202374991	3.19032069502043	NaN
2.77769659133614	6.26530757104176	NaN
0.182381568959999	1.84686925689461	NaN
0.670686864229356	3.14700347964108	NaN
2.29439130099466	4.0080600891853	NaN
0.507458969285183	1.4907025979233	NaN
1.30183148519421	0.203292293458736	NaN
1.9742130084307	1.17023477489088	NaN
2.30601696614269	3.02785057087483	NaN
3.1375186005247	2.89287003056421	NaN
3.11207197401965	1.11184201957653	NaN
2.36328475972641	0.915360488320476	NaN
1.01558379317008	1.93529674699456	NaN
0.53962019925935	2.79419211021903	NaN
0.0567201969117611	4.78853285088304	NaN
2.36929613537077	6.72201774763378	NaN
3.12895875629554	7.66015834416948	NaN
2.77013209852348	4.49518557881776	NaN
2.69821744371669	2.78277712051827	NaN
2.81877684451985	1.23593028493811	NaN
2.79638637987209	2.48092837100451	NaN
3.04079430505591	2.86574981745587	NaN
0.0324126861277216	3.84459478553585	NaN
1.15992332654052	4.04804746951958	NaN
1.25935967807797	2.09669276376532	NaN
1.29258135185001	1.28314965789286	NaN
1.3035332070119	0.768755209412137	NaN
1.68610745399289	4.28227016537973	NaN
1.9885528327881	4.46845273143906	NaN
0.173339269363703	7.55414949278893	NaN
0.709992859858047	6.63219780161444	NaN
1.0327365025243	4.52235494213571	NaN
0.0890104729729966	1.81864715222495	NaN
1.57987503272403	3.89357087142527	NaN
2.75424993008952	6.08165658161194	NaN
1.14734519258918	5.35963260135943	NaN
1.6291368246338	9.02286556794829	NaN
2.10039375289022	10.2141038810513	NaN
2.88022584161077	1.95697730539823	NaN
2.1489785064611	0.513531977786213	NaN
2.19566513626501	0.609630874561649	NaN
1.86452687556608	2.1202803531932	NaN
2.01848723486802	5.47337967391339	NaN
3.10843531427788	6.68596871375354	NaN
1.99867310399581	5.98152383843484	NaN
1.77983687573301	4.76433237408218	NaN
1.73326399156406	1.84224324258038	NaN
2.2547398393128	1.98302629332852	NaN
2.20284249707352	1.6828720022562	NaN
2.02374266436981	1.44527705372225	NaN
2.24380710254678	0.594134182532681	NaN
2.92186027374473	3.01165098721346	NaN
1.8418138241303	1.81720626426468	NaN
1.20038652527297	2.09064893866302	NaN
2.36355131943142	2.05487363877784	NaN
2.42083603979891	2.18523188101885	NaN
2.14196658903029	5.63603371399019	NaN
1.40455357471122	6.68911574373202	NaN
1.40536917898103	4.28018645190332	NaN
1.37743046567369	2.45847086007128	NaN
2.10366087562333	1.87479270944697	NaN
2.26968146520678	2.24811153654712	NaN
1.3336212093022	3.3299538077991	NaN
2.30552611415472	1.16360210047369	NaN
2.7676965849492	1.85968011175991	NaN
0.52077750180131	1.40451052240238	NaN
0.408493642589121	6.8123296798289	NaN
1.01884163191934	2.63814232051075	NaN
0.831641968345872	2.86902224833304	NaN
0.753948178345001	5.25774070137681	NaN
0.470804636105408	9.07831191573055	NaN
1.20420278928013	6.48194177349418	NaN
0.128337127968691	1.05683851831124	NaN
1.41766682972832	4.14530143676395	NaN
1.70766982839941	5.13499785695772	NaN
1.68345383177085	5.39988483380886	NaN
1.36794619188531	7.05228993293544	NaN
1.623810469109	7.1276110603671	NaN
1.27699849484168	6.68156534190238	NaN
0.333461367939288	2.23273697390924	NaN
0.74512427826561	0.678033346531653	NaN
0.126953907507461	2.75177105883153	NaN
1.56840409204983	2.22791022158535	NaN
1.18709658826402	4.96466105670475	NaN
0.582812264511731	1.79333821826206	NaN
0.14160960262904	2.24371006453898	NaN
0.565338286961933	1.38604523321357	NaN
1.39531446410028	3.0651390343581	NaN
0.198567786283413	3.1587748184526	NaN
2.65104243961541	5.70373577993296	NaN
2.59211344300411	8.21677817289372	NaN
0.676832106734855	6.93220428783712	NaN
0.292053298856515	4.44457166580249	NaN
0.306118380036121	2.35308893927848	NaN
0.656904773032478	0.291388499238918	NaN
1.26696369088438	2.84900349603593	NaN
0.948395139688502	3.11005198032307	NaN
0.513454957709205	2.07954615855691	NaN
1.56658678454847	6.89670458467953	NaN
1.69769135401463	7.35829245003634	NaN
2.0042575746973	4.32323833990164	NaN
2.26089104655709	3.05681386080768	NaN
0.358390387961081	4.63183115546773	NaN
1.92818524290546	0.785707827049932	NaN
1.56971080758249	2.24457403035073	NaN
2.59744616469991	2.32164649979902	NaN
2.60541439644218	3.78513050431035	NaN
1.0844831217302	2.41973747565923	NaN
0.12955371324948	1.52455294551192	NaN
0.435180150370049	1.78632712999914	NaN
0.447197638712587	3.52281632588312	NaN
0.649556011907487	1.34055254774099	NaN
1.42041526545483	4.03282609408945	NaN
2.41893083106757	6.12480184991357	NaN
2.42645298830855	3.30051672720769	NaN
1.70544148642838	2.00995906137591	NaN
1.51092521279006	1.14537769913652	NaN
1.79474365033167	3.9701306293501	NaN
0.308097480737067	6.82106857017778	NaN
0.677610257152951	5.76584438419258	NaN
1.61086351317323	5.37582672145316	NaN
2.40578803567247	1.36732881015668	NaN
2.39499840642409	0.664555782794908	NaN
0.642046151748784	2.35273521356298	NaN
0.755891534673302	0.592076249796446	NaN
1.04753872855493	1.67222860735093	NaN
1.01777364854859	4.73898169020775	NaN
1.56773706699439	5.56499764404267	NaN
1.10859211477687	2.72297210844338	NaN
1.16989247139245	2.74329073623681	NaN
1.68544015083114	1.05262722230331	NaN
1.68373235776975	2.92856792812307	NaN
2.81522893164575	4.10568697637198	NaN
2.20612244152119	1.87040663883544	NaN
3.10355662177546	1.36590758286545	NaN
2.15692747577684	3.64968721860094	NaN
1.88866230366786	1.34422081885517	NaN
0.982958672008767	0.360245857483395	NaN
0.981171530913837	0.983892743615557	NaN
2.30817164766964	5.25803508178686	NaN
2.4881683696682	6.11941193863599	NaN
2.33665631424555	6.91535059379141	NaN
2.08291975514247	3.78170222578749	NaN
2.26376770947064	3.10801785483685	NaN
1.97212652579385	4.18972774394514	NaN
0.808503216168058	2.10701411540953	NaN
0.887816586755344	2.75198425652842	NaN
0.580600255737949	3.08440779305228	NaN
0.778977074769278	2.36135051830501	NaN
0.655734289312165	2.83892660561474	NaN
0.86334040913077	2.5800834535146	NaN
0.788565337242923	3.09857821907652	NaN
0.875163949857986	2.85546340464815	NaN
2.0724104994315	0.607953118411551	NaN
2.06137315041312	4.54800009763318	NaN
2.58968888959819	4.92192775605508	NaN
0.836156426787253	1.00476689556921	NaN
0.625758501204432	1.42551537592691	NaN
1.32204238637122	1.26272549745081	NaN
1.96785691343322	4.3048412279376	NaN
1.48914641703128	6.72043597066198	NaN
1.57559685734607	2.93965568567675	NaN
2.04056721298645	1.98741101913916	NaN
1.73424432187088	3.47120289327155	NaN
1.55778510500971	3.92645121401945	NaN
1.02359874996654	2.04666986575597	NaN
1.25623825787513	0.369883673202871	NaN
1.79680828251247	5.72421953357717	NaN
1.35070078774448	8.41614189714216	NaN
0.211913562297013	8.40733114207889	NaN
0.276744535297559	3.80009294662636	NaN
1.78898996087793	3.31203610154664	NaN
2.23634009539672	4.97361612368474	NaN
2.24093055204409	3.60840897422573	NaN
2.19816167320272	1.73840840284933	NaN
1.94134376659034	2.43128655221398	NaN
1.13564141922003	3.76975942488342	NaN
0.575420228645939	6.05570469909738	NaN
0.463657561126577	0.768660526741734	NaN
0.632081260770979	1.83220828563136	NaN
0.511844310698651	0.787343197682471	NaN
1.02905851380925	1.81561150873694	NaN
2.71555548670683	4.40057103020878	NaN
2.40890519062687	3.46635948708301	NaN
0.0869343924286801	2.47833578199435	NaN
0.607133840710303	1.59193786692295	NaN
0.373907720675993	3.77014025122256	NaN
0.951179591255922	4.26432456439376	NaN
2.11219206757596	5.04246937301582	NaN
2.2468474656076	5.70833141291723	NaN
2.40745131750468	5.34053653473435	NaN
2.80229194232524	4.68504534815313	NaN
3.02052271877953	0.142801702770923	NaN
0.590477590226269	1.46520051290948	NaN
0.338452454310612	0.523950458397236	NaN
0.167755000409469	2.69297208987849	NaN
0.40142902787809	5.14959741672778	NaN
0.418239632248676	3.7128947745908	NaN
1.34784605531686	3.62916970225783	NaN
1.61702386468658	2.25871458525644	NaN
2.37971374070755	1.36840800437161	NaN
1.91739520168214	0.731095375751631	NaN
1.74525762915068	0.443263452549208	NaN
2.11535138880116	3.80104458221803	NaN
1.77416350215877	3.55911111986804	NaN
1.24857171828977	1.16753035624756	NaN
1.63926103634462	2.22409257860301	NaN
1.53387005893522	2.77692532861977	NaN
1.82570567021382	0.744850046591827	NaN
2.87842005162068	3.33529200518313	NaN
3.10321124377239	4.60321192929769	NaN
1.32084128537831	6.35886221601128	NaN
2.44705262207	3.55154986607812	NaN
2.03641189576294	2.26279885796718	NaN
1.48028674506589	2.55206660261403	NaN
2.23109500299993	2.56169190036867	NaN
1.26636800139919	5.2203983911531	NaN
2.37174760879373	6.66463467865155	NaN
2.33693391855571	8.31503375746178	NaN
0.829260948606613	5.75037743360099	NaN
0.682911866917584	1.69720546551744	NaN
0.488787143065957	4.11927361680137	NaN
0.641091045244793	5.5441993640426	NaN
0.0427759224956413	0.763515351666209	NaN
0.446022323668728	5.09931163394863	NaN
2.76524430765286	5.22933936829336	NaN
2.32597430345941	3.64516076211625	NaN
1.60866353491884	1.71602925938698	NaN
1.87827999525097	1.10954485229897	NaN
3.01677162871534	5.7556825944049	NaN
2.15184444678187	4.87491492519927	NaN
2.96350422968321	3.06083585425285	NaN
1.98404469626037	3.09232511712564	NaN
1.37969413962777	1.33685608113795	NaN
1.28313596859311	2.95018949333955	NaN
2.09451097739883	2.51744472499716	NaN
1.85445505095384	3.00412233216309	NaN
1.47107896991308	2.53211201839034	NaN
1.39367459747566	6.50199239372604	NaN
2.17372863242107	8.29629358867668	NaN
2.29236729512466	5.97307251575639	NaN
2.51331013178168	2.40447836963542	NaN
1.88096561950735	1.19611391129462	NaN
1.18002672798758	4.25656936488778	NaN
1.29989500498663	0.372822304677555	NaN
2.37471621455618	4.29858692679006	NaN
0.800283928091081	2.71775389186034	NaN
1.2147395630218	1.93031482744925	NaN
1.1437826412001	1.88200382728365	NaN
0.767027855988231	2.16071367575171	NaN
0.771473220486568	4.5314882858909	NaN
1.31236223228419	7.70108875341503	NaN
2.36420967772784	4.35395811679201	NaN
2.63375848524893	2.88462695635363	NaN
2.79176145088533	2.42486363506107	NaN
0.64052742840598	3.630807824712	NaN
0.879689205877561	4.31439178296732	NaN
0.880832155374656	6.63326435497558	NaN
0.88586954776192	7.18500053825436	NaN
1.08734026118928	8.07654188998264	NaN
1.12435919074689	9.22535571807419	NaN
1.00339674182157	8.11934876678716	NaN
0.488051560439779	1.36238790751197	NaN
0.323798259980395	2.08574876055497	NaN
0.274651263648913	1.21897219854221	NaN
0.199493835609291	3.77619747598718	NaN
0.422461542037648	6.73945719394837	NaN
2.88088558303659	9.13048803321607	NaN
3.00712539948156	7.23941240255248	NaN
2.84130732689378	5.68530150421116	NaN
3.03731962370622	3.39153682461885	NaN
2.5502683776938	7.17028428387187	NaN
1.78051588294291	2.73599492282201	NaN
0.412465870352994	1.7187903965887	NaN
0.796747436626907	2.82533406291708	NaN
2.09730762317185	1.43078177761066	NaN
2.78644361162251	1.749494131627	NaN
2.29545213356043	1.51191867586405	NaN
2.44316481073076	2.45394665091289	NaN
2.08655294098892	4.75234857795443	NaN
1.52748848168112	3.09390354330488	NaN
2.80269172267766	2.9255643981685	NaN
3.01392331262815	5.188450517099	NaN
2.32676471292342	2.72055436848248	NaN
0.571287634548953	1.69830789778837	NaN
0.33635550428588	2.7351423536152	NaN
0.642841990149897	2.48659330634683	NaN
0.113670261322284	4.5775588044922	NaN
1.72386713762007	7.81848761572311	NaN
0.868455307077113	0.263361371150577	NaN
0.601983572723895	1.85687914793761	NaN
1.9215908980371	2.32020872968429	NaN
1.78438577896988	2.52601520006846	NaN
0.851331696254201	5.61843400633358	NaN
2.82327484671034	8.3764994941447	NaN
2.55983724580166	7.4901905731999	NaN
2.1193837142276	4.01322746149222	NaN
3.10569589801407	1.52846403514453	NaN
3.08083654013988	1.45474527270192	NaN
2.8739740554049	0.778157735643635	NaN
0.138703204440694	2.23284328555394	NaN
0.0951044478977894	2.90788522582276	NaN
0.251820056201356	2.70340425687353	NaN
0.573215536063985	3.42980678229963	NaN
0.492559316140975	1.2075827912486	NaN
2.54432897414519	2.65326105031084	NaN
2.06174673710306	4.38649840592364	NaN
1.2969478331352	7.8253659325747	NaN
0.23798984161319	7.14284870642022	NaN
2.82324587470387	6.32426559020446	NaN
2.61419259490012	5.1859798697127	NaN
1.33537149148191	1.89077894667118	NaN
1.50110529009557	2.65650351748965	NaN
0.134834407196647	4.280232761942	NaN
0.0427036295013638	3.58849713347575	NaN
2.65323578975733	2.08917704490558	NaN
3.14136888178935	3.71071694170549	NaN
2.84485426635103	1.06788496376816	NaN
2.60705397826183	1.90519714118789	NaN
1.93291615605903	2.96206731904233	NaN
2.72468532922542	2.10481864837723	NaN
2.78152620322013	4.67771840349763	NaN
2.04127737406236	8.72565871149215	NaN
2.15320923312504	8.7759887338923	NaN
1.79513213968351	5.02604889086511	NaN
2.89766000761677	3.37293505713986	NaN
0.371674981643983	2.38236763182913	NaN
2.02654480340974	1.87890133986241	NaN
2.89499366462014	7.6064014570215	NaN
1.86392851625061	7.3875872954926	NaN
1.67064186530006	3.40553078443315	NaN
0.728268282708446	2.03618956459178	NaN
1.73258433060392	0.724935212928839	NaN
1.76209049918673	1.69692171073344	NaN
1.75986701945566	1.9615590700416	NaN
0.00114934866696757	4.05179499962335	NaN
0.587198295432341	5.33917383729148	NaN
1.54296522539437	4.16125519127459	NaN
1.7133510990178	2.30830141695644	NaN
1.58513053083553	0.519162377029392	NaN
0.61526616193175	1.97592813907143	NaN
0.153437412019523	0.474451981944584	NaN
0.854112169927389	2.74274512270079	NaN
1.68158205587578	4.0987450309518	NaN
2.42743014370177	0.358932564312182	NaN
2.03369561875595	3.42025201451405	NaN
2.01819473645322	2.20789474171819	NaN
0.758750060544494	6.14992877326908	NaN
0.580894228114528	9.83155991761913	NaN
0.264805238530291	1.32326185504644	NaN
0.495933163581805	6.55486039185634	NaN
2.4496593515729	8.15615019232698	NaN
2.77630779096205	4.97408734769627	NaN
2.78969294507557	4.9800402743929	NaN
2.59282530144651	3.73119100152252	NaN
2.54094532902621	3.65540414729067	NaN
1.07852854253011	3.48150585304922	NaN
0.753677455670362	3.46483867706827	NaN
0.086308270315428	6.33965797218255	NaN
1.49657669495099	10.0506663888405	NaN
2.20176133843511	2.62173070267331	NaN
0.138728172532468	2.04312647087501	NaN
0.0676020846464752	2.1329509185388	NaN
2.91283947482226	9.9628542535091	NaN
3.02392390943779	8.68904083370251	NaN
3.07678642415565	6.4716939915856	NaN
2.06637715772541	4.4266370253729	NaN
1.02398846425544	4.10427235775978	NaN
0.0281572205267811	5.49605114835088	NaN
0.654944375391469	9.28971131957555	NaN
0.642978285517031	7.9771799804423	NaN
0.36580170023072	8.73813679529452	NaN
0.680695165275685	10.0200444160461	NaN
0.26340598697193	8.17059431441368	NaN
0.46805949140975	2.26601216135883	NaN
0.325006434597073	1.01004167328807	NaN
0.381872951050972	3.22114768105873	NaN
1.22030612888175	3.97496583052551	NaN
0.902917692078016	4.81418703937456	NaN
1.2753858024539	4.83289143660107	NaN
2.37675739951946	5.2714395989673	NaN
2.52893956246981	3.30528800941891	NaN
2.54868035832365	2.58333751948363	NaN
2.97404033535771	1.62130332351785	NaN
1.31088319527239	3.73113969592832	NaN
1.06260306325016	5.55335407381508	NaN
1.08014602798229	5.12727326551108	NaN
0.700201740012803	2.41126232606073	NaN
0.924688473747116	1.59252074214426	NaN
1.67011015254047	1.50716161069133	NaN
2.80092197292738	3.26335078699972	NaN
2.59342423656821	2.88758210731864	NaN
2.94849646258255	6.10950138229922	NaN
3.0919370167965	7.00311181424154	NaN
3.13483832874117	3.39024332487603	NaN
1.48466816942428	1.33881959080691	NaN
0.593566344308848	2.66875224085604	NaN
0.153356142319196	1.84674078096568	NaN
0.533444993801068	0.490291969591221	NaN
0.250241047781381	1.97657032812299	NaN
0.947769132002564	3.14451100943123	NaN
1.92245296529102	1.90994856336442	NaN
2.00077232315825	3.26931593981752	NaN
2.44669880609145	2.84395431514945	NaN
2.92952795451104	2.66291744297265	NaN
2.72740143118984	2.84840829666939	NaN
2.07244587026566	5.8680635320605	NaN
0.375199634279125	4.60978281451476	NaN
0.224300609283082	4.97755124358962	NaN
0.0401971705476636	1.37622629625893	NaN
0.0505958132635925	3.16274357884971	NaN
2.67274869816495	5.35488555112053	NaN
2.93521588893769	1.6914567986235	NaN
2.72635823616322	1.76898195501118	NaN
3.07379710975803	0.897815633389265	NaN
2.67068743025893	2.12795734439018	NaN
1.64644664799504	0.367766638128923	NaN
1.21648991508425	0.496317350236348	NaN
0.962111565069413	0.762511335277285	NaN
0.939131098074203	3.18626251109373	NaN
1.13876454798763	7.15920315149813	NaN
0.379537979024359	7.07544004567329	NaN
0.944033166712091	2.80234129263836	NaN
1.22236447754568	1.92409700590944	NaN
0.884374477268821	1.80665456445983	NaN
1.13512561612984	1.71780261460226	NaN
1.10579373914236	2.39089009346026	NaN
0.381126819395194	2.33210732172821	NaN
1.74648828459813	2.39220337235184	NaN
2.34629815391272	0.263130153811706	NaN
2.51607389058629	3.28734915770254	NaN
2.23385250813905	0.886447457959836	NaN
2.52825065196198	1.3042120847496	NaN
2.03454297926552	3.5264452675916	NaN
1.42811559422702	6.1686518290877	NaN
0.647106240017221	7.90452403683877	NaN
0.420888032844424	4.08350915174819	NaN
1.5177610649065	2.14270840037894	NaN
0.219423064269878	3.95682390270815	NaN
2.2408957704039	1.45781352683764	NaN
2.2872837311866	3.11798310941672	NaN
2.7291925590469	0.571284752626919	NaN
2.46511532030874	2.14714564679929	NaN
1.29438862941811	5.81783276972227	NaN
0.487080834330617	1.72113870314534	NaN
0.0386080416097651	3.30772978470922	NaN
0.806649330721935	0.277154483335557	NaN
2.04804905499508	5.05300033939616	NaN
2.69650622537324	6.92664652018002	NaN
2.58596174677612	9.73131731513088	NaN
2.79792961295417	7.35328105147343	NaN
2.96531564820746	3.27036591583394	NaN
2.81536578110924	2.84137665489025	NaN
2.5815531500942	2.33508530956115	NaN
2.51436163207299	2.00506443049369	NaN
1.82312204260413	4.87073788939405	NaN
1.02650335955197	7.5770027735213	NaN
0.677825241029739	8.23429463652741	NaN
0.483625307308639	5.24121193511186	NaN
1.67767210390537	3.8356670628989	NaN
2.40558765252213	2.48652060388356	NaN
2.61147091840935	6.69380628739662	NaN
2.35730477984367	8.7949416858155	NaN
1.93951527899632	8.07684591062318	NaN
1.33505571609124	9.26123517746567	NaN
1.26524438394773	5.18238393711348	NaN
0.916827235749006	6.37695839549876	NaN
1.981859578918	6.62354875042987	NaN
1.44015986946458	3.66260276226786	NaN
0.958966472059107	3.47449923922437	NaN
1.53113033146927	1.9354004267301	NaN
1.68117366254764	2.13189170563733	NaN
2.40938593937448	2.75640407190158	NaN
1.67191579442399	1.19686427564675	NaN
1.56026680236276	2.24675999208982	NaN
2.73764951048289	3.68331818643895	NaN
2.97790406351473	1.62728193359917	NaN
2.30496315700063	2.21577727382612	NaN
2.24314039730048	1.08282587726473	NaN
1.79974027061666	4.89426223879026	NaN
2.51484360287192	2.20277342200834	NaN
2.93784617354554	5.82384363385493	NaN
2.32924888207797	5.47641760859515	NaN
1.90350963384081	4.39665152813962	NaN
1.51469478551735	2.05075252341192	NaN
1.52299186066165	0.831763064004739	NaN
0.821900821419213	1.08816252560333	NaN
0.554180118992289	9.39903630454848	NaN
2.04560741367993	1.38623904485985	NaN
2.00324372391638	2.28846168691105	NaN
1.9002506674766	5.80481914272055	NaN
0.498778315812261	7.04913618092777	NaN
1.12179820511419	7.32465717706319	NaN
1.26666241497683	6.45196265370608	NaN
1.14115266272651	1.36908689448512	NaN
1.20200050287394	1.4159261756033	NaN
2.65695175871127	3.2728191505615	NaN
1.2517018446635	5.12529224019377	NaN
1.132029356241	8.89329258721636	NaN
1.37294625399575	3.0874904959076	NaN
1.45063716862951	1.22775673135688	NaN
0.226823462164206	1.6312545631382	NaN
2.63821729767274	2.43641891498579	NaN
2.3927866429704	3.98067375365891	NaN
0.656301326286143	4.84940169263284	NaN
0.293375531384598	5.9097653396441	NaN
0.39478770023168	5.62201966377092	NaN
2.7091060104389	2.859118047029	NaN
3.06412574130299	3.48871837367143	NaN
2.94434042601534	4.23699285916852	NaN
3.11128895570426	3.23969446389387	NaN
2.69972041912124	4.29854111887149	NaN
2.82819488588466	3.09263321983893	NaN
1.59275262045076	1.38341393655039	NaN
2.02729383357256	4.00439995976607	NaN
2.45605361252825	4.1648450831745	NaN
2.72073564243824	4.18523181143327	NaN
2.41400566375917	6.99059517616375	NaN
1.02323291167293	6.51072890332773	NaN
0.873049494610938	6.16580613418123	NaN
0.547956589744415	4.99437951209289	NaN
0.220501494778384	6.32213442436252	NaN
0.169347456148976	3.02160652343947	NaN
2.74190210933575	1.54307386682287	NaN
3.0482855903355	3.54358489082153	NaN
3.06914175911459	2.44491017569781	NaN
3.13650654242399	1.53226128518653	NaN
2.98521793411107	1.96264407972707	NaN
2.69639454469798	2.10031723596188	NaN
2.99514387404538	1.77209403671885	NaN
2.70591397707146	1.51219616161896	NaN
2.50014093045862	5.94618041008098	NaN
2.48576446646626	5.78332809523532	NaN
1.32893016221562	5.30986030080767	NaN
1.3191500278108	2.71013144371926	NaN
2.86562827777199	1.67618336476231	NaN
2.01470691172725	1.03135295544711	NaN
2.71423037798573	1.14148946476042	NaN
2.47860724579323	2.6198723492921	NaN
3.02894349394789	2.3712623082353	NaN
1.81263944614906	1.2521456995921	NaN
0.574038769251358	1.74494716025873	NaN
0.966288964438808	2.50353840053688	NaN
1.12907776384121	0.786100598905082	NaN
1.81975366277347	5.41487786779994	NaN
2.08505377508621	5.30560315858914	NaN
0.60075392652411	3.97227597061036	NaN
0.891168454703585	6.3211921791812	NaN
0.913923855620527	5.33336924216179	NaN
0.672165877020259	1.8399589159079	NaN
2.58868416711191	1.18426848110977	NaN
2.8968288054386	1.38598500320513	NaN
0.554562106599875	4.481333206336	NaN
0.642596288941204	4.02432780314397	NaN
0.674154950796121	1.6866839652898	NaN
0.393728257280647	4.08771066237572	NaN
2.55678881432456	3.61321241507593	NaN
2.8081954685248	5.55129354394227	NaN
2.56822040548368	7.31299383395417	NaN
1.91892283159046	7.02706437207213	NaN
1.06166414035829	9.06335525276979	NaN
0.245520336333854	6.3355271125108	NaN
2.92972988722648	3.02916034161057	NaN
2.97257020638848	2.9404271043176	NaN
2.67442343252733	4.95638695607939	NaN
2.81028046605508	5.7456571101428	NaN
0.900799986686101	1.91915029547891	NaN
1.60901456319504	2.24079023027812	NaN
2.01572009358832	1.36446308739036	NaN
3.01170311189631	1.22117869579893	NaN
2.94109941669048	0.993509571990166	NaN
2.10266868720296	3.0366308800662	NaN
1.67440102266791	10.1608335349193	NaN
1.08046069319642	5.6097268857394	NaN
1.39348233189484	3.21961369056311	NaN
1.78100119402504	3.19104410212773	NaN
2.38463151927862	4.85794939120516	NaN
2.6769179061255	2.76869363082145	NaN
3.08108695650575	0.639730442925105	NaN
2.5822295328555	2.07180313302961	NaN
2.55331647675533	0.933737986802939	NaN
2.32470097151409	3.18621692544053	NaN
1.98007967902162	3.90003301500101	NaN
1.68151051870276	4.77753837607957	NaN
1.96429265962	0.72218900920855	NaN
1.25691328703421	0.676344526024628	NaN
1.24238212325515	2.31547177248071	NaN
1.80003402560952	1.6945057664196	NaN
2.06237729843549	2.65919334899232	NaN
1.79708507981456	3.5976571012036	NaN
1.38077252748453	2.29454227058381	NaN
2.216566528719	3.77428927982789	NaN
3.11972051137372	5.11951775891883	NaN
1.90593673404082	3.91446072890388	NaN
1.40374513606441	4.51901541667808	NaN
1.29043166144979	7.08741926030566	NaN
1.60349916402203	5.45816943078693	NaN
1.39811410838156	3.50356007910461	NaN
0.955562886891265	2.00619920753911	NaN
0.698937220519082	1.49685582755179	NaN
0.512309086820787	0.808629160655258	NaN
1.18711422711441	2.72666724694537	NaN
1.36662110550894	7.36400553597604	NaN
1.85998051091424	8.24312676386628	NaN
1.61294593938947	5.93471475597128	NaN
1.34853478894444	4.52007684789215	NaN
1.47201409485454	3.79904134933919	NaN
1.6645593357453	4.75663880350308	NaN
0.435135934283024	5.10844316339403	NaN
0.0388156569936901	4.81170659274955	NaN
1.8175166821878	5.87631236469957	NaN
0.552819637493367	6.71044201756423	NaN
0.653438685490702	3.30448516889569	NaN
1.87187375960517	1.2821725779578	NaN
0.747315946212367	1.33784006948412	NaN
0.327906415111551	2.24515687900543	NaN
0.436094962166251	6.22727323631236	NaN
1.01477163161818	8.73084975508418	NaN
1.18289918584954	7.05958980543267	NaN
1.29635541310055	5.50132657719751	NaN
1.90158378348563	5.46965645052055	NaN
2.1793509968053	1.87751105926051	NaN
1.67689151031632	0.658078043968535	NaN
3.021517163871	3.53498053835265	NaN
2.02988694657539	5.37422947968226	NaN
1.40717219576651	3.49905468748723	NaN
2.001275854296	5.41022151967776	NaN
2.81303291148024	4.15526067668542	NaN
3.06656908233887	0.800296962120699	NaN
2.72802942328401	1.53636752978007	NaN
1.14946871166513	5.16454656121743	NaN
0.816253694544362	7.60299691782511	NaN
0.361597903675064	6.08404560121728	NaN
0.0627945644080488	1.27730384415661	NaN
0.0897321860588816	1.5906345080107	NaN
2.53509512918649	3.74542684555315	NaN
2.91263066625896	3.90640584994928	NaN
3.13415192223546	4.6423166586953	NaN
3.12979055473138	9.44650255174989	NaN
2.04379965015567	0.633579777941214	NaN
3.10852626051419	1.3541410007748	NaN
0.741379334108084	0.376070942027722	NaN
0.0221397935352105	3.65662544297443	NaN
0.394451760366728	4.841373372843	NaN
0.815821369005983	7.01134890892269	NaN
0.51175685009597	6.0690255702359	NaN
0.579250721364628	3.53584367481436	NaN
0.891274532489801	1.36613665256665	NaN
1.43848146927425	2.34240067842446	NaN
2.76138706783921	2.11143586500808	NaN
2.68582831383415	3.11005802486473	NaN
1.21478505678926	2.61364041439453	NaN
0.873737294091171	2.59732103722406	NaN
0.835806171050077	0.949110662520299	NaN
1.03171656452264	4.8467265237483	NaN
1.05555474706117	2.38410707532379	NaN
1.21739779401681	4.1170783449261	NaN
1.64882574848572	4.92937252815288	NaN
3.07718531621685	9.12744522697806	NaN
3.05040345421726	8.38834322225113	NaN
2.08984721150108	3.30434800198925	NaN
3.12731482186687	6.11379007088982	NaN
2.38936128935716	5.12189905407284	NaN
3.12645896727832	2.02060961824725	NaN
2.836803577755	0.313021406983165	NaN
1.86751827944513	3.92338940064312	NaN
1.93961593791768	2.78482369343044	NaN
2.45964683998311	1.75672146151249	NaN
2.08753493532542	2.551693945678	NaN
1.78511346529853	1.27233796352481	NaN
1.64644835575574	7.90083547147645	NaN
1.06759488335086	6.6266466451121	NaN
1.31498344958243	8.19381494841462	NaN
1.93322187632057	5.57656353880901	NaN
1.66324059394363	3.53112215061712	NaN
0.701903056622648	3.63861366350879	NaN
0.481859414552566	6.7154700890063	NaN
0.258491716150754	6.83353354806773	NaN
2.29459889217506	2.50478998482332	NaN
2.09364846745424	3.19310559241776	NaN
1.40474964235388	6.93338159302638	NaN
0.6679590152279	3.47432207825641	NaN
0.560923170676753	4.42078292314135	NaN
3.06946302061758	4.59591885878201	NaN
2.82183984199413	1.18333538513945	NaN
2.07296578209406	3.44502859827417	NaN
2.07486597988087	4.33682029227078	NaN
2.11354388139541	3.28057981860493	NaN
1.02823886100274	4.53983737381992	NaN
0.55995737930015	3.69365690590376	NaN
0.918580839690449	1.90928246479671	NaN
1.09817342721273	1.35762981276838	NaN
2.40372128580322	0.804937224372403	NaN
2.67216356569056	1.60569185905397	NaN
2.66116109709234	3.0421533515093	NaN
2.88055536890446	0.885805660720914	NaN
2.98174758243583	1.07388228502883	NaN
3.03897153662568	2.86962671947607	NaN
1.19990141996778	2.19360900714345	NaN
0.523918088126279	4.97751010782056	NaN
0.500028342881438	4.01770003635326	NaN
0.582479798757767	4.56868886584988	NaN
0.689618859727451	5.61404266629017	NaN
2.12537277200276	2.91269615216609	NaN
2.26653754384326	1.34792346358574	NaN
1.22670605335989	3.16919168042251	NaN
1.46080978556162	2.48800970164155	NaN
2.42478077166847	0.945967726797057	NaN
2.98354629823748	1.69394873621383	NaN
2.65121265728407	4.21863429111856	NaN
3.04694195521148	2.24203379991663	NaN
1.66867930335382	1.66059679903584	NaN
0.356360013652952	10.1880250507406	NaN
0.316238186574499	4.84958455211114	NaN
1.26763581128031	8.80547108340606	NaN
3.10550085899224	10.2516502594652	NaN
3.06606935565837	6.96897270907696	NaN
2.71616066899833	5.22305096572214	NaN
2.80475809538162	4.605512466629	NaN
2.97575357643594	3.85843151792543	NaN
2.63534872760307	4.78281055593528	NaN
1.2330198323669	3.84193218268409	NaN
2.83200229168632	3.31870647952208	NaN
3.09571326795621	3.22860324066257	NaN
0.774920365645472	0.693418274390976	NaN
1.75347376076444	2.45999851637256	NaN
1.61083260682884	1.89652916046194	NaN
0.509849635967807	0.176385918559633	NaN
0.14454307814817	3.47699952872421	NaN
0.284321708405652	4.85567253223014	NaN
2.73182341073679	4.40119268976034	NaN
3.05859690131867	2.69255828390908	NaN
2.82588972485176	0.672384283307689	NaN
2.28507297806497	4.24096005117065	NaN
1.71383125192311	3.28077332732272	NaN
1.12569786350057	2.14134041495792	NaN
0.410250662494616	4.23963582616388	NaN
0.690573477569046	6.06135277802103	NaN
0.986836543352748	1.48639429669693	NaN
0.673233344228211	0.957585872238157	NaN
0.0815849178912322	1.71629584435179	NaN
0.694245449022319	0.967562239867207	NaN
0.0678153988649948	7.2602330549485	NaN
0.137328386192818	9.73490237322281	NaN
0.917326819364839	4.64259967973432	NaN
1.01069237246738	1.56892641116983	NaN
1.48308310705963	2.95586348607798	NaN
2.01227537257266	0.636670449240764	NaN
2.41190778548036	6.16916034830539	NaN
1.69010744293156	7.39791301362159	NaN
2.30302293977796	7.93190261770508	NaN
2.95399947467588	2.15886901832907	NaN
2.97326316057121	1.66004167715555	NaN
1.3091742214752	2.1937763681896	NaN
0.788407204952634	1.9016857499257	NaN
1.12082160296417	7.48790829033162	NaN
3.00192833643084	8.7127332055544	NaN
3.01992673609805	7.55690444790402	NaN
1.36068084780761	4.29355754420741	NaN
1.09086255264965	2.64471362465133	NaN
0.0472652243610507	3.52876830163179	NaN
0.175041599789883	4.74447309493055	NaN
2.72810136843411	4.62837528324396	NaN
2.90919457116051	3.20527960714776	NaN
2.91827227948334	4.25560312123804	NaN
2.59112333744617	0.375775225340172	NaN
3.05409176155281	0.641625993672071	NaN
1.7286817450401	1.27283288430537	NaN
0.606907850311095	3.72510130722171	NaN
2.25155710872429	9.39436579330519	NaN
0.734304448396748	5.55256007455817	NaN
0.879157418908551	3.72682030103398	NaN
1.20830427950758	3.86359270885173	NaN
2.89485436504357	5.36199089149206	NaN
2.88178344973331	7.7744649221255	NaN
0.450022615268265	6.20018559165991	NaN
1.53098261924615	6.63283974934532	NaN
1.77996878083461	7.04919450864606	NaN
2.66155161234464	1.66375778328235	NaN
1.3438421569735	0.47984823915809	NaN
1.5192919772992	1.15273464704149	NaN
1.51004079110392	3.08823277249978	NaN
0.883373591607394	6.19221717455157	NaN
0.843836281687885	6.44261178868222	NaN
3.11396423730438	4.29490929327963	NaN
3.0060595952636	5.49210670050947	NaN
2.40525839651009	3.69876209850078	NaN
2.45039138568831	0.926978591793618	NaN
1.60434118757414	3.08715497769516	NaN
0.0548894087052205	6.21255483555808	NaN
2.32670379160207	3.14276241070055	NaN
2.64759143759422	3.42225930568201	NaN
2.8199652268489	1.15416809368797	NaN
3.04005821899644	0.755630901041618	NaN
2.39960663610663	1.12449482369289	NaN
1.20618551494559	6.38624829158921	NaN
0.88986508703426	4.94971905512512	NaN
0.60732851581404	2.04633919660142	NaN
0.454974660361704	4.68878127586618	NaN
1.40351116689784	4.22862843486219	NaN
1.68653942582692	1.05116315040004	NaN
1.6782536654842	1.64324910093395	NaN
1.02359967300001	0.634695942265125	NaN
0.619237674842659	2.2693100335995	NaN
1.14546699080721	1.74725272394567	NaN
3.10586589324189	5.52830068322252	NaN
0.875761872787099	0.77958633170343	NaN
0.357316492322939	2.13542751849524	NaN
0.0370190770422952	0.184747445858101	NaN
0.00718815719731429	3.48711330458926	NaN
2.94352031201669	4.79666517472545	NaN
2.60189478105392	8.24769910536222	NaN
1.86488295932221	4.29084957582303	NaN
2.42660292087496	2.66742946087782	NaN
2.07536819523381	3.05590343805458	NaN
1.85905954401704	2.4794581919786	NaN
2.74669655632159	1.6958243176673	NaN
2.54526817579091	0.733400404169947	NaN
2.16393544695501	5.44307633945792	NaN
2.71156321412219	1.48240805617832	NaN
2.79925725950026	1.64855403607546	NaN
2.41637377534	1.52717912813995	NaN
2.97235035389826	1.43163283134123	NaN
2.30401212644068	4.59213148497266	NaN
2.54017693062883	5.42679852620527	NaN
2.55381334184567	4.83596936480218	NaN
1.55812297712157	5.23255077707655	NaN
1.55991091299712	3.03637534314334	NaN
1.4373717866134	2.34568365443069	NaN
2.93284822968199	1.30222960173457	NaN
3.11263720135328	3.3865992275893	NaN
2.64147083962134	3.9903398384529	NaN
2.94985077092501	3.1035845220345	NaN
2.99339930122954	1.66875939007069	NaN
3.01733596744113	0.722551917395069	NaN
2.6410631050706	2.39800127298283	NaN
2.86116297394715	2.44382867441168	NaN
2.5717758126084	2.47363553206715	NaN
1.05224873137537	5.4167253014185	NaN
0.814862093174861	7.77187164927968	NaN
1.86447644442308	5.74353558632959	NaN
1.86277924504093	3.06112842725912	NaN
0.6226792362538	2.16640991186157	NaN
1.2100504208712	3.46645399880818	NaN
1.49744073847753	1.9011592856207	NaN
1.10471889449766	3.35896754071921	NaN
1.03359290642061	5.04381647085927	NaN
1.77519258594803	1.6610624296354	NaN
1.26569009510936	3.8510626550669	NaN
0.659830457344488	1.85741422943388	NaN
0.549613499949186	1.93638837158705	NaN
0.413444983974383	3.87742214012649	NaN
0.519398191090551	6.18829585369996	NaN
0.478543192029831	8.48525485605241	NaN
1.71696480677138	6.78433260444421	NaN
2.13593838352359	6.71294912861141	NaN
2.01420411870399	5.40946537263591	NaN
2.12979195167185	0.870321046608033	NaN
1.59664251181908	2.03568895034919	NaN
1.64657462642173	2.8483384015561	NaN
1.48919187235731	1.63923421484495	NaN
1.23516231078773	2.45215469084893	NaN
1.43589726488196	4.30556850907493	NaN
1.37416204282535	5.05908051263082	NaN
0.970261760701224	2.86107384684709	NaN
0.200164147360541	1.76864404140511	NaN
2.09359890143802	6.52735078303495	NaN
2.15308285736791	8.78440144559093	NaN
2.58091338324212	2.77680254408495	NaN
0.181639404446482	1.8066515259019	NaN
0.63165236967986	0.525792419416498	NaN
0.617572231709183	5.04855717901684	NaN
2.38467876156834	4.34469250029938	NaN
2.36203565348842	0.294345539786657	NaN
0.670593278850393	5.66800786014146	NaN
0.834893744459885	5.50784288130077	NaN
0.866785460812741	3.53806442007425	NaN
0.608645958285329	2.2723625400914	NaN
1.15261796926575	1.69676183072982	NaN
2.69837236790658	7.62222844391674	NaN
2.68196908091502	9.46499418376405	NaN
2.67603259366292	6.13818730175202	NaN
2.57300414185262	4.52554205857079	NaN
2.89430822445481	4.23623532680424	NaN
2.7528421062724	2.0425759852323	NaN
2.29134389334297	3.18689606240986	NaN
0.0569813898592812	3.72060756483054	NaN
0.249181205049349	3.10257020623417	NaN
0.0641498175022995	7.46520174150979	NaN
0.0339018842425628	6.49342439313476	NaN
2.04468181166461	3.22910936515153	NaN
2.89680070066724	3.04263323362316	NaN
2.98957120170903	0.896784931112016	NaN
2.7870991565475	7.21884807103601	NaN
3.00699083119524	9.16596747410288	NaN
3.0003912470548	9.47133901546352	NaN
1.62559984489828	6.69322849203448	NaN
2.43539632200857	4.58244546556217	NaN
1.69708863574066	6.44476504990317	NaN
2.25628387303492	2.84396567450978	NaN
2.79837641242846	3.0275701621744	NaN
2.17392676046729	9.38895587824427	NaN
0.764444549736515	1.3240854646809	NaN
1.84410557848089	1.65357285547748	NaN
2.97900898396159	1.30967250235177	NaN
2.93243513150326	7.71230892275701	NaN
0.312752786478709	7.59327622890998	NaN
0.0134739796491271	0.460848701296715	NaN
0.0721474966718013	2.23418611868922	NaN
0.289830310084348	3.9785457318744	NaN
0.667715362338298	0.818993872413101	NaN
2.05039503194701	2.11360946273298	NaN
2.476280972013	1.21169536010639	NaN
1.63694187311395	2.05318399546378	NaN
0.223309484622393	1.7026835298259	NaN
1.31684920547951	1.98217748723978	NaN
1.59787122898602	2.15099980178976	NaN
0.34911891627673	0.956722008088666	NaN
2.25628491743436	2.24688733956379	NaN
2.65265302690828	2.28214976229772	NaN
3.07047763033994	2.93050796217942	NaN
2.71281732659011	3.0969638549613	NaN
1.11690917575433	8.2668621891733	NaN
1.10877952929565	5.71393027910287	NaN
0.927863242769727	4.40499304923353	NaN
0.398393309151281	1.55607685773875	NaN
0.666711556358197	2.77857642542656	NaN
1.44807982588701	1.77764425019773	NaN
1.82671423224234	5.03852114332094	NaN
1.60047267245119	4.84710461149913	NaN
1.23800109582521	2.45686561703999	NaN
2.50124160400621	3.05551568190975	NaN
3.07313331518146	4.35899948936709	NaN
1.15295017275705	3.78285799415375	NaN
1.76677634396966	1.28885846364736	NaN
1.68688948484485	3.14649439084145	NaN
2.69121362832692	1.75108133234565	NaN
2.97098896181925	2.83730043837272	NaN
1.39884606362037	3.96801637237837	NaN
0.73829786943621	0.999705153746043	NaN
0.270333321419337	2.41610000667735	NaN
0.916315357401203	3.51130888448297	NaN
0.302581038048345	4.14154748827589	NaN
0.596717068470754	0.872904256721975	NaN
2.52621960473025	0.810123630686841	NaN
2.65039420005457	3.90772382889411	NaN
2.87883454778592	6.41337062555196	NaN
2.93198982384263	1.37610541697691	NaN
2.51445508171187	2.15169873614017	NaN
1.01769606340134	4.0877007952746	NaN
0.625418838772656	3.40974126210873	NaN
1.71582738662857	1.19384602191111	NaN
1.32031731966544	4.12495276610449	NaN
1.11835115134237	5.78825662135058	NaN
1.68998050006651	3.22102422331659	NaN
1.94980885348461	1.61757667695004	NaN
1.35399022896383	1.8469287160409	NaN
1.67176122782351	2.69439159131686	NaN
0.777770402427854	1.20235102038918	NaN
0.584102497137186	0.734379058423329	NaN
3.05220669195287	3.73558389843052	NaN
0.142662384191767	5.91203062683254	NaN
0.531370050374407	7.72491717596252	NaN
0.993169503961187	3.69974794969384	NaN
0.223513059313399	3.45970315644704	NaN
0.241829911409893	2.38512107632314	NaN
0.421470563270991	0.243258416861593	NaN
0.499760076148068	2.53533992622768	NaN
2.27056591623063	4.67119344438457	NaN
2.18490897039178	6.63375028558231	NaN
0.09226793145917	3.85922650400103	NaN
0.552813879087595	2.16711207883856	NaN
0.832638400928769	1.10090667839558	NaN
0.653765744704895	1.99374120904388	NaN
0.411546378308291	3.58726721171318	NaN
0.74673086598998	7.62571544624027	NaN
0.0814902616103987	8.20175849058252	NaN
0.141792329616293	4.35100775454173	NaN
0.661814926824522	2.37280967246652	NaN
1.33487309392719	0.396793322197206	NaN
0.956797042607731	1.58800330563544	NaN
0.198341038201513	3.93038178108678	NaN
1.83336219064021	9.16781911030037	NaN
2.17504896861092	10.3041375025196	NaN
2.63966082399198	5.25979347696641	NaN
2.61156873279448	5.21923129566327	NaN
1.26265682101075	4.42148085406763	NaN
0.440632774390235	5.68592940450793	NaN
0.603997604167575	6.48745577673166	NaN
0.884089126051581	3.75049964951029	NaN
1.04855438111714	6.44967077891653	NaN
2.21524723388892	2.39551192646846	NaN
1.33239229635388	2.75050895973132	NaN
1.08380264278948	5.0426738776578	NaN
2.46949507970017	6.78495035233688	NaN
1.71908144990136	9.09910314012599	NaN
1.08836878196331	8.10379154098026	NaN
2.23236354108806	3.47511132555606	NaN
3.01591637351156	4.79756459246042	NaN
0.71766976380021	1.87507164706351	NaN
0.182835914771045	1.97056868216546	NaN
0.0861965707982647	1.99721191611122	NaN
3.09572148220747	1.4469961647328	NaN
3.13858599094688	8.33512119238597	NaN
3.03724027715033	7.40680941568643	NaN
2.98832332401911	8.73229928634663	NaN
2.58291562672281	7.65359116474489	NaN
2.85718297924049	3.6597481485343	NaN
0.894048525115215	4.86929817592242	NaN
0.454748210295538	4.12948748940465	NaN
0.640106091445049	4.65044106216476	NaN
1.01250535473293	2.52045096872411	NaN
1.24006380581252	2.86124712494189	NaN
0.417878315641358	0.893307613571759	NaN
0.02631428443294	1.09802962811967	NaN
1.78860028111964	5.24693206104905	NaN
1.80805945796759	4.55205108637197	NaN
1.6378327849076	6.38231823924502	NaN
0.997928195157356	4.5024003058337	NaN
1.40420281137146	0.112765226709461	NaN
1.48478398594381	0.522641706817019	NaN
1.50395375936242	0.488537874293985	NaN
0.950134243604125	2.94406752558925	NaN
0.717324827408995	5.57928328810513	NaN
0.718119304209813	5.19890523592434	NaN
0.273391990742167	7.49353739125183	NaN
0.263382830858245	8.79750831101952	NaN
0.692430807898089	5.48413618116553	NaN
0.486581237382746	6.53591439954471	NaN
2.08466840805038	7.95954457972959	NaN
1.60745318459059	5.40952241765402	NaN
2.98574602540202	3.78073773111708	NaN
1.75398258608491	3.76483081221505	NaN
1.78205922158645	4.77391070186135	NaN
1.66446337554021	3.75280748018097	NaN
1.55386948075278	6.85826356468284	NaN
1.65828129818061	5.36123715660093	NaN
1.09980576270863	6.80096098048731	NaN
0.0811100941390535	1.7353270979961	NaN
0.29962256165697	0.361868650365667	NaN
0.896058021606385	2.32167936186951	NaN
0.985969791799579	1.67091985762067	NaN
1.24188161865503	3.71288054480881	NaN
1.97215049165553	2.93309268216412	NaN
1.41313090889102	4.29679706195588	NaN
1.46037640663317	2.43360780633082	NaN
2.34108883152146	1.70674673997831	NaN
2.64930449308707	3.35059150256907	NaN
2.94713914375697	4.94741770746144	NaN
2.91082090902204	4.33091093518234	NaN
0.292634968249355	4.11628196336255	NaN
0.383090772604452	8.10537196964053	NaN
0.295766525573643	4.36568001487934	NaN
0.863666477170836	5.50394823834433	NaN
1.09689038811735	2.95756377404255	NaN
1.30279375529221	1.90226046227321	NaN
2.25396830039542	7.88591335630258	NaN
1.31381055126732	7.39043988200667	NaN
1.64125752375536	4.15058616718536	NaN
1.6468900134894	0.715832692112481	NaN
1.44133669397615	8.8245125083099	NaN
2.03478463144246	1.7595645525664	NaN
2.75496015441105	2.86949587120125	NaN
1.48718540023777	4.72204217514654	NaN
1.21050202466568	4.35571566513378	NaN
1.03366049689151	2.3988307055444	NaN
1.32367469620302	3.06006765039276	NaN
1.27295535161595	1.59184048658313	NaN
2.0328400635004	2.76918951676869	NaN
1.93883113513269	3.38824627284475	NaN
1.5968063271024	3.20924462197074	NaN
2.33585258253601	3.12449305790821	NaN
2.13586427912278	2.49276935877985	NaN
2.36684712715685	0.475641302179585	NaN
2.45323276417027	1.5378820006712	NaN
1.87342764234139	2.83417780515649	NaN
1.43168490526082	6.90111769179026	NaN
0.0559759908965716	10.0381753863009	NaN
1.70560704437579	2.23270695229519	NaN
0.554400384819512	0.891008825964004	NaN
1.55610677880547	2.64861576079368	NaN
1.50555705008188	1.5665517326799	NaN
1.4001945489043	7.4697667802756	NaN
1.45492291764887	6.99461609915853	NaN
1.44587227106698	4.66172085145805	NaN
1.44809070386511	3.44802353015012	NaN
1.99754727960068	1.93324903894847	NaN
2.58287577565303	0.891075769588262	NaN
2.56801437439945	3.17720787767229	NaN
1.87421765853269	1.55392154770486	NaN
0.779026772414014	2.78744514954143	NaN
0.614113459278285	3.30161080896689	NaN
0.584343079449498	0.874168922191686	NaN
2.14877113658136	2.72441749643569	NaN
1.73415228066776	2.41914215772084	NaN
0.134178008862501	4.35963010165339	NaN
1.21169071098964	6.63366276096081	NaN
1.11118560902732	10.2007714521531	NaN
1.38789902129625	7.56543376283798	NaN
1.79470540782548	4.80267319064777	NaN
2.24232239217173	6.03580392158942	NaN
2.03209581311819	2.65466465899821	NaN
1.97619935277903	5.02913226362717	NaN
2.36229335203621	6.03244839989267	NaN
3.00880385831776	1.91666715528269	NaN
2.47459424887349	1.18213158315608	NaN
2.2788128031476	1.29273531849945	NaN
2.38978859362815	0.463033098236508	NaN
2.80821307891103	1.73435507875692	NaN
2.25476936642613	0.153554181070581	NaN
0.594026568072981	4.64164320310767	NaN
0.500274173403101	7.29565100689843	NaN
0.0668943280121111	3.56756460253849	NaN
0.209231913235839	2.26039846469357	NaN
2.4387094864147	0.725379976018363	NaN
2.89171763352285	1.6037122043074	NaN
2.92130436456586	2.02153619304092	NaN
2.42706549439019	3.19069390857255	NaN
2.10511531678936	1.49036424806102	NaN
2.09455820437826	1.68562169522699	NaN
1.83091638064118	1.16089602428266	NaN
1.60101079903158	2.19466061436904	NaN
1.47900865883223	3.32032580443129	NaN
1.91349258121717	3.5411362298026	NaN
2.46899324052405	5.02364983377443	NaN
0.142295019913972	5.80361793420181	NaN
0.862694168596533	5.14042784038678	NaN
1.13089676747239	3.37718533033317	NaN
2.39087761498036	4.66767392282679	NaN
2.54977274578541	4.01497554022941	NaN
0.86710528038938	6.91094159257458	NaN
0.941465332660956	6.53476179323535	NaN
0.843075946722573	3.75254113450808	NaN
0.875081009234563	4.31863460576319	NaN
1.45156908076698	3.72711528853744	NaN
1.38247460706638	0.66682440012072	NaN
1.91309152035863	2.1848234936773	NaN
1.26135287647427	10.0134905344906	NaN
1.59547928352805	1.28197758243892	NaN
2.31028095034161	7.62962646209721	NaN
2.52310770796512	8.69186125844293	NaN
3.00915424697879	6.21103177029053	NaN
2.68406518654191	6.64652013362306	NaN
2.22225552486385	3.71304444300634	NaN
2.33125527699204	2.04502672279917	NaN
2.35622493682743	1.48633361252583	NaN
1.32304386940794	3.48827773097911	NaN
1.05287783071468	2.41390551887631	NaN
1.16008154848276	2.55634609026765	NaN
0.931136066281274	0.994602135047409	NaN
1.23951102026035	2.00395463736248	NaN
1.81338129220415	2.41966737269159	NaN
1.98898362850343	2.22509572043538	NaN
1.70625513725002	5.46441300507223	NaN
0.377141112795492	7.43785281767035	NaN
3.03175949091867	7.03625422132505	NaN
2.63448966434238	4.20624607532913	NaN
1.26140889589339	3.83637290822235	NaN
1.50322653635001	2.75431934534227	NaN
1.68686613021356	1.33356497170706	NaN
1.6859073780179	1.42275685915119	NaN
1.52259620800006	4.36760458904676	NaN
0.741246054505142	2.96552792777951	NaN
1.31472312015193	2.31030548235652	NaN
1.60698859340149	2.72593682838363	NaN
1.30637400307397	2.16368030337634	NaN
1.38661846132319	3.50786092906394	NaN
1.17045244413631	6.8890666740035	NaN
1.11875827501697	8.85351401919976	NaN
0.462432638777105	8.15455170818705	NaN
0.0741724068830504	2.41655471522423	NaN
0.494943413282647	3.78805463092736	NaN
0.384885628752049	0.747780196326401	NaN
0.575060174763601	2.52209383269716	NaN
0.396439759839808	5.27397404893574	NaN
2.65131713231911	6.12676456584707	NaN
2.07587103491721	1.40888470311843	NaN
1.71062415684323	2.03318547013363	NaN
0.581530379346302	1.93271311357528	NaN
0.949028218838054	2.1935210992433	NaN
0.974148022364701	9.88273192494645	NaN
1.38430811517959	4.82028773941439	NaN
1.27120269788367	9.37923644376709	NaN
0.321985797708717	9.19545927640384	NaN
0.521751573167798	9.46572498797559	NaN
1.78673054002684	7.90274016873424	NaN
1.41943589817976	5.26201556219869	NaN
1.83941617612575	8.24571895462965	NaN
2.12873187161183	7.97049569946947	NaN
0.533049464023141	5.43434883229133	NaN
0.695867368119311	0.53118615062661	NaN
0.876344926373604	3.51322043651264	NaN
0.349851434266788	9.02000611615891	NaN
0.199601797083888	5.44037765317563	NaN
2.81920829750523	2.23016111303949	NaN
2.71688963936893	2.49134907371081	NaN
2.50466738383221	5.18580238859995	NaN
1.37766038114792	7.9280971802233	NaN
1.76571602002054	6.7876560287603	NaN
2.74506617887688	1.07677765908163	NaN
0.198573512261682	1.27726886409738	NaN
0.908002398320447	1.68163210515769	NaN
2.13880183788594	0.720579936512268	NaN
2.66094463658512	4.51563360608625	NaN
1.07024423127226	6.50799535625561	NaN
2.57347799976877	3.4609515878964	NaN
2.40448748498439	0.752448633301525	NaN
1.88880375403497	1.81091247536471	NaN
0.164703938070465	0.589235772150079	NaN
0.112780068324232	3.93460902546233	NaN
2.9084415540595	1.3164454712858	NaN
2.32595976631797	7.26571678673942	NaN
2.27151698979244	9.64952298465423	NaN
2.33962841064401	2.27390534798868	NaN
1.758377525709	1.4636847421679	NaN
1.41155869043893	2.45872793889652	NaN
0.905621447896911	10.1518225524669	NaN
1.71387131288663	5.68207817594352	NaN
1.21035997638827	7.84508211638358	NaN
0.796691111893548	7.92987447763465	NaN
0.766310833393298	7.23372648288775	NaN
2.79516280853831	4.01214831798766	NaN
2.25427976316572	2.3029342256311	NaN
2.83628466213547	2.18402256381382	NaN
2.77427434226485	2.47796064477053	NaN
2.91183190669314	1.18287717842049	NaN
0.587357266882797	2.2133427603237	NaN
1.07956815595425	3.97251605071159	NaN
0.743337385000186	2.41174270952034	NaN
0.86184690174663	0.636813466664001	NaN
0.280752722542936	1.51362570252353	NaN
1.04845148593518	2.47751279761807	NaN
2.35012582183508	5.49839511448332	NaN
2.68019160220539	7.40235069704706	NaN
1.94007337793081	3.43916523362375	NaN
3.02714034379232	4.94200145275612	NaN
2.76107815689528	2.899631642152	NaN
0.916863670255694	2.31239758008997	NaN
2.09918656729993	3.02866636450452	NaN
1.20903130189891	1.88658107641028	NaN
1.25076573676953	1.77338010207338	NaN
1.24624376624551	1.56142401388737	NaN
0.828713504366459	1.89764886417404	NaN
0.453652357747399	1.83822084082552	NaN
1.41407865043799	0.765827449712653	NaN
0.995423444109035	6.11317662554819	NaN
1.14964264983024	7.78183427157789	NaN
1.92335620209463	7.25247949972793	NaN
1.71504915669141	4.27747855440406	NaN
0.83306697244252	0.936427314502418	NaN
0.871450219152291	3.26718225290107	NaN
0.101092044352147	0.327252131359891	NaN
0.614584559438811	1.07002119175763	NaN
0.336072182572515	4.05826147936828	NaN
0.198518552556411	5.96040420367374	NaN
1.9509051757258	5.17237087126843	NaN
1.3591171810383	4.93063944470296	NaN
1.33177700204432	2.5789155804555	NaN
3.12456016134358	1.4252710599073	NaN
1.91417572067292	5.06436911367504	NaN
1.34336292138243	7.45454140550784	NaN
1.28657545925141	9.07420428726391	NaN
0.75927378658218	8.52857656160161	NaN
0.999367445278023	6.4817199864765	NaN
2.17539619881437	5.69556616612484	NaN
2.20973959659214	4.33118809198678	NaN
1.89756053809518	7.13408231883777	NaN
1.60143509803264	7.30313810933453	NaN
1.89026156495593	8.99642232935569	NaN
1.76902835866796	0.719274533586533	NaN
3.02724717896326	2.18309280135455	NaN
1.91023027533359	2.40890691275449	NaN
1.56697492390495	2.713474560355	NaN
1.51506371898369	6.02003306192277	NaN
1.50160034020709	6.3620661587353	NaN
1.78341267919349	2.52554485835224	NaN
1.62693751350644	3.64536363992203	NaN
1.31441543483026	3.47701346419193	NaN
1.77918368866867	0.378066155354212	NaN
3.02911485780374	3.35054905942165	NaN
0.997252653603568	3.96987498532642	NaN
1.99521331980316	5.17051452651863	NaN
2.20040108649777	7.40885753191573	NaN
2.15286164126471	3.2719313424093	NaN
2.58423534871401	3.13889669109941	NaN
0.867269443718315	3.19570236754503	NaN
1.45043162704723	0.330188127719166	NaN
2.04706494182336	5.92049518406438	NaN
2.58999828147518	7.78646333607534	NaN
3.04305102670434	3.87895036837807	NaN
2.94150925281717	1.38579281388569	NaN
0.677888499480789	4.35877930699873	NaN
0.364511190851628	3.14315969764172	NaN
1.41276512964923	2.36533906982849	NaN
2.47602200141193	3.42926817553245	NaN
2.12589508969229	3.42440594144946	NaN
2.97519210932715	1.1358724359955	NaN
3.01454092671089	1.35094340057125	NaN
2.9111541068416	2.26210782580013	NaN
2.73603863186506	2.71737565024522	NaN
1.93191615218219	0.912193571073827	NaN
1.24558677979434	3.56076357123474	NaN
0.756513869989708	4.6400110151139	NaN
1.20948678711829	2.78547393281817	NaN
0.0608958512770656	4.53158802370253	NaN
0.191900145917424	3.32536368449457	NaN
2.25873311825506	4.53419766868345	NaN
2.84413270385454	4.74122389688069	NaN
2.96210888077248	6.7812260162355	NaN
2.61968756713079	4.12900515500992	NaN
2.78671857623857	3.18329260301322	NaN
2.95942770007325	2.83717493187956	NaN
2.74286777463741	0.331453448735433	NaN
3.08126225439535	1.24019094277847	NaN
2.26903795202038	6.1041985354774	NaN
2.03076562939689	7.03126253695981	NaN
0.743385880119331	9.33755287701365	NaN
0.374714287612686	9.58211974982846	NaN
0.423400711668972	5.44747501019507	NaN
0.746892440928285	2.4988559013155	NaN
2.70499101932551	5.87398566324108	NaN
2.46701819349135	7.11938326395834	NaN
0.61702747017215	5.77421476236785	NaN
0.108765189529935	3.96888048796948	NaN
0.35097119418459	6.60682375018141	NaN
0.634822398672095	5.21325318489319	NaN
1.62444839715405	1.78447119225527	NaN
2.39478302142982	1.65441734304592	NaN
1.2692223248416	2.81534275114122	NaN
1.78599086399528	4.90189511980486	NaN
2.31105033563124	4.95483683928878	NaN
2.9643149720147	4.8591914426265	NaN
2.63129745879032	4.88728518655535	NaN
2.32211365223008	4.51269802652577	NaN
2.9194040743237	2.81436360681426	NaN
2.53875529750626	3.42311928781837	NaN
0.725592587998537	2.07040379538442	NaN
0.102160351221813	1.73224418843703	NaN
0.693614096931394	1.86641787759622	NaN
0.401944940858799	2.21300788319136	NaN
1.98210371460415	2.4351288460114	NaN
2.45971207403193	2.87654155191459	NaN
2.43002831923135	5.50758083814437	NaN
2.21152867836504	6.36531138062928	NaN
0.307937732665716	6.65901115965963	NaN
0.298938557808492	1.31021272374501	NaN
0.477488128480898	1.41284898869954	NaN
0.454524330200512	4.2568766108346	NaN
0.944360236872599	3.40028742294777	NaN
0.234447862376885	2.51664610644738	NaN
1.73490850969008	0.637130647067376	NaN
2.16005799655066	3.16828833116329	NaN
3.04544251880616	7.7847907609434	NaN
2.96577144502026	4.40489442915334	NaN
2.3270118077911	6.04587543834053	NaN
1.11149429904885	4.32224013828651	NaN
0.717135502961352	0.535725873682131	NaN
0.640565681309801	3.74150332913615	NaN
0.828465826222584	6.78233857456856	NaN
1.39484471911654	4.77129788213395	NaN
2.03748847618672	2.41800276367567	NaN
2.81945080608445	3.0500631518315	NaN
2.64718138326527	2.15260017005826	NaN
2.7874220127654	2.38818165669857	NaN
2.35752358311021	2.45811234301472	NaN
0.366388229387635	1.06709456933396	NaN
0.0725918474594465	0.257728274069457	NaN
0.0738756418388857	5.75571780676829	NaN
0.919905543471329	4.6633728346251	NaN
1.09503019631429	3.14819161717424	NaN
2.58621029402401	3.9548304950696	NaN
2.0809530131425	5.32129767445842	NaN
2.09573581697394	6.14694190738131	NaN
0.980829202984168	4.18225845138594	NaN
0.792357745691056	5.62914684847822	NaN
3.05153471744482	2.91593582909595	NaN
2.96484766590249	4.30411516615584	NaN
1.5023653972623	5.1959421218909	NaN
2.58824943455921	5.18631217974215	NaN
3.10476980441845	1.81465383306457	NaN
2.23998592896657	3.17893329103411	NaN
1.93132918761645	3.17141771200682	NaN
2.21477904487981	1.44087587894098	NaN
1.21605115863018	0.690861853890206	NaN
2.99771140242779	2.34700194916259	NaN
3.02064046973745	6.58847943384268	NaN
1.5983206390101	7.50600056825877	NaN
0.546826867159359	3.70564522460597	NaN
0.191150245709312	2.18982822930468	NaN
0.30334353861207	1.66576065204594	NaN
0.147349859702956	5.79950629835629	NaN
1.94866039735842	5.890877868824	NaN
2.03905366925877	2.70246732115055	NaN
1.94124972445685	2.61118756062562	NaN
1.7507437468683	1.14727976472569	NaN
1.59711327342795	1.19180252748406	NaN
1.94355243082102	1.88618304607543	NaN
2.56338235021509	1.24615881094627	NaN
1.62868111509303	2.35595792078207	NaN
0.329207148183615	5.00827478608844	NaN
1.30307453994327	6.23240067932275	NaN
1.32145936141388	6.34784381103728	NaN
1.88671665691257	1.9140206284322	NaN
1.97417351510204	1.76557417012532	NaN
1.66891034541397	1.12544725320442	NaN
1.72946546144066	5.93873992803603	NaN
2.57614045190678	3.70634263450684	NaN
2.61414375009764	2.89639994836191	NaN
2.45977275295242	3.47932838805124	NaN
1.63907324385582	1.9420612615946	NaN
1.92313466453884	1.28486032392406	NaN
1.68273314790252	2.29230097541253	NaN
2.48658820944917	3.34969020892829	NaN
2.10348480490803	5.4014926499087	NaN
0.86217765924789	7.38033585698276	NaN
1.88786275029088	5.96293796069266	NaN
2.0217599444181	1.53253466761477	NaN
1.83213779156306	3.30144220332987	NaN
0.906612542602831	2.41556232799844	NaN
1.18738244034803	0.941774841850119	NaN
1.25374649078712	0.944279060097221	NaN
1.27483414142155	0.62128065270319	NaN
1.92743837075477	1.28435327323294	NaN
2.32862101014702	1.54045159115182	NaN
2.32920352155538	2.39892502990699	NaN
2.73495491582335	0.514131077957749	NaN
2.42709365174881	2.05061457600157	NaN
1.53027217684446	3.95408768505278	NaN
0.901758988438889	5.86596516430635	NaN
1.62040512875719	4.3324103235465	NaN
2.89393463350985	4.2159143869377	NaN
1.77535104340676	1.89667331832834	NaN
0.562685089009828	2.1032869827313	NaN
0.444441383952028	2.10295638924218	NaN
2.39644176339964	3.03258236613295	NaN
3.04925563569385	4.68244317489836	NaN
2.66468141426807	4.19018144901945	NaN
2.27269172750338	0.540029768184936	NaN
1.08282521919554	3.62292809337663	NaN
2.17555899588813	1.33372932435056	NaN
2.01114076653491	1.53352427736399	NaN
1.72029687750415	3.39403092550614	NaN
1.44377731567302	6.44413259212683	NaN
2.57561262948959	3.71405160032116	NaN
1.57046905897984	0.288527614306919	NaN
0.753615777541038	0.684235691748869	NaN
1.11459396814166	2.84605574034709	NaN
1.60046849904559	2.70785968514208	NaN
1.60316175282817	2.32816847787773	NaN
1.61564490194363	4.57809543263622	NaN
1.39426651430863	3.72564805646517	NaN
1.55460413482858	3.78755929657825	NaN
1.90354804282122	1.05364847057556	NaN
2.13492741520093	2.24615748224824	NaN
1.67765376282252	2.51665059703433	NaN
0.714524284074188	6.95377448731574	NaN
0.694804469949482	6.72511743206676	NaN
1.14794518792092	3.97343706782772	NaN
1.43375890602385	5.11023402334566	NaN
1.49600631827884	4.72324930400811	NaN
1.01225026467021	9.68448002490572	NaN
0.869540806389394	3.33092718394905	NaN
1.54922370986023	2.8906280367228	NaN
1.87727181719558	1.97777883992125	NaN
2.27061350467743	3.08866875816491	NaN
2.38220118398608	2.95991751580533	NaN
0.152675466076834	5.59857613103095	NaN
0.466072184817502	5.88270059184443	NaN
0.61699363499784	3.64415869972583	NaN
0.661517309861383	3.28413328365242	NaN
0.683905619874744	4.12627159936483	NaN
1.1536612642638	1.77377380048821	NaN
1.7644324329099	4.09290683370887	NaN
2.5007213087903	7.25822556187985	NaN
2.86377243456724	6.46959905720845	NaN
2.67493671457367	5.82222188603985	NaN
1.22046669105397	3.51770212221677	NaN
2.83335579689727	4.61264282261009	NaN
2.93340174483584	3.49688437793535	NaN
3.08528689266224	1.78865849501377	NaN
0.333347292191748	4.5801963289374	NaN
0.331244767581593	7.32036267220774	NaN
2.8888870445739	6.56569454876183	NaN
2.60352622494998	1.68303594244218	NaN
2.64921422827834	1.80630497889277	NaN
2.77388967240714	2.64914464929423	NaN
3.00792069173373	2.95832178134533	NaN
2.5995879996438	5.31291591828449	NaN
3.08374330221605	9.1784105577701	NaN
2.30601025474932	1.12607895084829	NaN
1.63205534188476	0.988116094558802	NaN
1.83492345666042	2.81610278419271	NaN
2.11669129103922	2.14598354725132	NaN
2.20435684896426	4.59448726775747	NaN
2.06265393805463	5.0516105750433	NaN
1.68260232016673	2.70124708790328	NaN
0.144070582551859	2.33742755749156	NaN
0.155322408092578	4.12439229673285	NaN
2.56672041219595	1.17649854870876	NaN
3.01933814540687	2.10346172346616	NaN
2.96251745442913	2.10332460667463	NaN
2.6801809325549	1.276215934505	NaN
2.95610139365931	1.55926056115465	NaN
2.22252425616426	2.5527038862915	NaN
2.91360143910671	1.2283223442229	NaN
0.0459771873790922	1.22499560708054	NaN
1.38724002413663	3.88893432314654	NaN
1.38599303391436	8.2779952243974	NaN
1.12480210616452	7.88681499163148	NaN
2.11277596384264	6.20804543341722	NaN
1.28945762957869	6.33727235252858	NaN
1.01168840674876	4.77481486308928	NaN
1.6368236376532	0.725100479804224	NaN
1.4674416826827	2.35551415628175	NaN
1.23078147550962	2.73853338107423	NaN
1.79235042420802	4.42486013905267	NaN
1.79486070014284	2.46872705667861	NaN
1.39790212605032	2.23703340387227	NaN
1.41771881973674	3.2894130750451	NaN
1.51867603105972	3.54299369622825	NaN
0.867054164463194	2.43890880449251	NaN
1.07692125181389	4.85949274875708	NaN
1.54321549622271	4.93513317117103	NaN
1.16155817870141	1.69821359944561	NaN
0.767001286838188	1.35143794084101	NaN
0.672594490457186	2.44337572367126	NaN
0.797433527344119	5.44113799910699	NaN
1.86165906175699	3.94496400405019	NaN
2.9038613885455	2.25317323220373	NaN
2.83692732007386	0.922923127180767	NaN
1.55580630750138	1.48744904591539	NaN
1.19408437717356	1.26552946705578	NaN
0.395090066764593	0.700347961337432	NaN
1.87742101558968	2.19669329132276	NaN
2.57779226160795	1.58680277254399	NaN
2.54374136025228	2.17500838173772	NaN
2.21566693246309	5.76444475553358	NaN
2.25923149189875	3.15134434486997	NaN
2.21894740507828	4.46936495157521	NaN
2.1209507918301	4.65893561131472	NaN
2.47112011061014	7.51417547521392	NaN
0.238384283185448	1.98106125545273	NaN
2.46064932373807	0.493022861412511	NaN
3.0643620623857	1.96033117605702	NaN
3.02398411486109	2.5775971078018	NaN
3.02228959157037	3.71903302840705	NaN
1.241349001783	5.28729342662296	NaN
0.177239390159076	3.58681909372786	NaN
0.1714259515112	2.06881424256035	NaN
0.307599086966237	1.93701318856706	NaN
1.99248113918257	3.17395672591327	NaN
1.3586126327429	1.50458554955118	NaN
1.77108577362423	0.228668951439308	NaN
2.73473635433203	1.44076803135918	NaN
3.0669947606567	1.03116470158655	NaN
1.13939966831854	1.92577507368849	NaN
1.71675748398719	1.24605801127695	NaN
2.36014937467946	1.67181832817978	NaN
0.87904758506797	4.74299563825709	NaN
2.10244173241085	5.99881636613702	NaN
1.68316030448971	6.46680187877382	NaN
1.52108950785659	5.59034211903916	NaN
1.60515996680472	5.78156598085303	NaN
1.7561133451687	4.97400467535333	NaN
1.57835643524244	1.82824860266612	NaN
1.75479523741492	1.41730995559268	NaN
1.86444346775616	2.42216807997776	NaN
0.961885842435893	1.40908253262302	NaN
1.47905238227697	0.840922664296703	NaN
1.72402371346168	1.93693044912045	NaN
2.15512452447005	1.87221534768429	NaN
2.50915052209467	2.30165527741082	NaN
2.35694609505922	3.5901411497392	NaN
0.388066701911724	4.70590837161735	NaN
1.50557633278574	7.47225465777491	NaN
2.29903041408209	5.24292016809055	NaN
0.410460223402114	4.31352256907038	NaN
0.484339545170834	2.66658775721809	NaN
2.79143465066657	1.36689844236054	NaN
2.89370201659251	2.39329343297452	NaN
2.98802060222012	1.71776667651526	NaN
2.83681296672601	2.56074162609827	NaN
1.61182867835771	3.57757496502699	NaN
2.34352264793184	0.926729791108873	NaN
2.5944653843552	1.96481994886545	NaN
1.32034716932717	1.92441699794764	NaN
0.776607666595127	0.893062401481042	NaN
1.49969723195948	6.53077220752323	NaN
2.35387514264205	6.00944919066949	NaN
0.0856071487976589	6.68727668551419	NaN
1.41992392914185	4.36266632453382	NaN
0.0105165047759608	3.00997077989052	NaN
1.25409704587191	1.27304093533085	NaN
1.39992863698505	3.32531817081552	NaN
2.37075876850233	3.55729798803451	NaN
2.02751880490206	2.75469981751961	NaN
1.61519197168361	2.0871026104	NaN
2.16184791561868	5.00251931882704	NaN
2.079234415459	4.0351766290437	NaN
0.071064252536016	3.07226354885257	NaN
0.933327058096209	1.31871519408533	NaN
1.73832797147947	6.43231006969688	NaN
0.43885720185667	8.71863334431359	NaN
0.747610016279473	4.42655738591832	NaN
0.128591057626642	4.58316048821488	NaN
1.49027700675973	5.49023562630327	NaN
0.628533812992543	1.95066811489128	NaN
1.65640313370706	1.28510907254707	NaN
2.26087540306729	3.549018137073	NaN
2.1788948057041	2.99278757062947	NaN
1.28437355549966	2.36294802293447	NaN
1.04300180860286	2.78145550133406	NaN
1.19127559250469	2.45294619042408	NaN
1.35148957678994	1.76220642686981	NaN
1.27578490618961	4.36068439012733	NaN
1.56816761368275	6.89472185578412	NaN
2.32124225150555	5.11072972146999	NaN
2.20675286177635	3.39516696534453	NaN
2.59329510361786	1.93306950881452	NaN
3.12489983095695	6.16788271740789	NaN
2.45039483077981	2.22528580564245	NaN
0.949518305706497	4.14427848853171	NaN
0.750787012972009	5.07268073908722	NaN
0.283797549620118	1.87187253511654	NaN
1.15410870828217	5.92778441186579	NaN
1.2825503100957	3.63935936368061	NaN
1.23147231107717	1.7263092237288	NaN
1.29923349366604	1.05181812875034	NaN
1.58942218418141	3.26004556742988	NaN
0.976373070108164	4.94044982373522	NaN
0.813994797227408	8.44116154549025	NaN
1.19866112634534	4.77926472707744	NaN
1.92508303969264	1.48449583807857	NaN
1.62540183298767	1.17495523659678	NaN
1.73154009936405	3.8240480423628	NaN
2.57972292282535	2.23794353612307	NaN
2.67199373524225	7.86429514143058	NaN
0.991450498016752	5.51172860722544	NaN
0.938156697725288	2.67939854637129	NaN
1.3110466158662	2.03710462253492	NaN
0.922438699248827	2.80813410410927	NaN
0.831742675611889	0.446272307799868	NaN
2.92900649694203	3.36018969216776	NaN
2.90596887267847	6.3089419682752	NaN
3.0201453399165	4.77725179466591	NaN
2.68719098166738	3.49957171336604	NaN
2.43897932948477	5.96082617018025	NaN
1.7425599091033	2.96768149074725	NaN
0.929112916558356	3.42510217463408	NaN
0.802164784676597	5.91662495242147	NaN
0.955052399787107	3.33224877646974	NaN
1.07842755812433	3.83682035521222	NaN
2.07491194987571	0.645122175521967	NaN
0.206018174461284	0.716119792366668	NaN
2.203951890581	2.12376905755018	NaN
2.29658314921491	2.92071201325892	NaN
2.87035785130244	3.09952116748305	NaN
2.77777572086064	3.66394939486478	NaN
0.380365370433907	7.15113380803177	NaN
0.394621810306211	6.09579937471059	NaN
0.00643433674340062	4.3022691171527	NaN
0.454560554645044	2.84907611782611	NaN
1.47895094773937	2.80674799236056	NaN
1.91049365157373	5.9536778186277	NaN
2.98789748586211	8.86490433511005	NaN
2.70331793991096	8.92851776697386	NaN
2.26123367481551	4.14506044486244	NaN
2.48663990727528	2.19413696567453	NaN
1.11892511637401	2.5432954028139	NaN
1.20864629414869	5.27713652981375	NaN
0.758473349635459	6.99592824215076	NaN
2.5282081918676	6.84163442829266	NaN
1.36945044662871	5.69838207365755	NaN
1.43288736160546	3.40753176531764	NaN
2.51091020301887	0.17966380253779	NaN
1.76038028280165	1.34082578769777	NaN
1.44795154877458	2.11230210522719	NaN
1.38438031576938	1.12631815614372	NaN
1.16772078906832	3.38922692490258	NaN
0.811388788870341	3.33526572839689	NaN
0.0436862914869442	0.642494894985953	NaN
0.64599492170727	2.14732304547252	NaN
0.32435013728637	2.82543920135888	NaN
0.32443250685988	0.369624254842192	NaN
1.0226159575814	4.14593046683114	NaN
2.33574230350323	5.10455390628614	NaN
2.21420991457509	2.7601454084283	NaN
2.0252751367365	1.89960259203369	NaN
1.40763128109477	0.211497711903352	NaN
1.445223381471	3.35397620732585	NaN
2.26072663310237	1.45506515036805	NaN
2.71494445266799	2.25687990678904	NaN
1.9771858178671	4.06905370810762	NaN
1.19081757474158	2.25038364878877	NaN
1.48217447398941	3.11384759006966	NaN
1.25239598746535	1.05326043785985	NaN
0.459536020783588	2.65488224969988	NaN
1.04971180985809	3.14720526806986	NaN
1.56070583629163	6.77611232184725	NaN
0.720202955627423	7.36226324710424	NaN
2.06827724702718	6.7957561959304	NaN
2.17767091704815	4.69239572843178	NaN
0.119222731868245	0.625986665863331	NaN
2.26331082044437	6.67369114315282	NaN
1.6238374230029	3.09378867116855	NaN
1.38774448716355	2.25570722926758	NaN
1.20689444334958	0.788715320114094	NaN
1.21388726752287	0.776552896496294	NaN
1.51152750153702	3.53317863078199	NaN
1.57179581699216	1.57902528298532	NaN
2.95460067068588	1.61590505120046	NaN
2.01561897209929	10.2847038767601	NaN
0.233334435660152	2.84743022244227	NaN
1.69260532308655	6.20635339400123	NaN
2.77208333710342	7.87441008584479	NaN
3.03363259688893	4.6484262747224	NaN
2.25909857415595	2.17806214280752	NaN
2.62731244948964	2.55368010971162	NaN
2.58017642964793	3.35085569940201	NaN
2.66141776535742	2.39688396867314	NaN
0.292839100148277	0.867770157072616	NaN
0.375862012693528	1.3765078067936	NaN
0.505881712555247	1.14401484773605	NaN
2.77785192574948	5.29667136754721	NaN
2.85103635889945	2.36394478056248	NaN
2.53752904660082	1.70552785915729	NaN
1.18038248645975	2.25453602967122	NaN
1.22030817275488	6.12421089293955	NaN
0.968359029520475	8.83407622068239	NaN
0.695567246404555	6.90981477589506	NaN
1.18321162447523	4.93883275184849	NaN
0.134631060490708	5.71702059757113	NaN
1.7962452788766	3.47532433125278	NaN
3.00267266787317	2.96379529030389	NaN
2.94283473402349	3.82933976709247	NaN
2.55075459666352	5.97382955919656	NaN
1.58857808390799	7.12351295064291	NaN
1.46812441869958	1.34264019327436	NaN
1.52658270070843	1.59618511814892	NaN
1.63280470804484	1.90565613470582	NaN
1.73075564140223	2.67931830428556	NaN
2.21928243227044	5.71400358139958	NaN
3.00238711605632	8.72125196067772	NaN
2.02986510538535	5.31088755485659	NaN
0.752235149274184	3.79632003892903	NaN
0.119019461282389	2.48504257872244	NaN
0.317375910674265	2.16642748695739	NaN
0.701164174025329	4.43388406259936	NaN
0.669449498269927	4.2819927067018	NaN
2.60774805711468	3.29630234495556	NaN
0.89632887779353	3.3492942376141	NaN
0.201440135231887	0.992513941970416	NaN
0.186070187612295	3.73637642766759	NaN
0.282489586460628	1.56848606019772	NaN
2.06342959781463	1.90569538902269	NaN
2.91239118937059	5.65515559213741	NaN
2.80862288750656	5.72765502703201	NaN
2.93594660328606	6.26761633161596	NaN
2.53180087085846	4.26785118083102	NaN
1.5429368685583	0.513516677159912	NaN
0.472462697501399	2.00341050584365	NaN
0.222073948698544	1.85087292115176	NaN
0.620950464843425	2.62490890800442	NaN
1.54332785683649	3.53027379085499	NaN
1.21613852991721	1.74515462741381	NaN
1.84063752824277	1.45664324443533	NaN
3.11959213512401	1.54010541834828	NaN
0.315896530170867	1.88603374695821	NaN
3.03021272125614	3.08686611903546	NaN
3.10767803265799	8.37832770723196	NaN
0.370287377708067	8.41699733504386	NaN
0.303617033369474	5.69530033618973	NaN
0.0692507929427308	2.95191021721895	NaN
0.0308670488861109	4.87682965255877	NaN
1.07735476955448	9.9365031368646	NaN
1.23564430593975	9.96436113855184	NaN
2.34901176910786	3.73471949019644	NaN
2.903090444745	5.7801146875313	NaN
2.39163514804404	4.04324582883703	NaN
1.30104401292871	3.14037354953114	NaN
1.82084332128513	0.986248246485851	NaN
2.77479018401283	4.12975990837573	NaN
2.70207827556282	6.53736950256419	NaN
0.581217393978757	7.12514723779523	NaN
0.17437986931578	7.14228874911454	NaN
0.24178641927157	4.9804631684144	NaN
3.12282017887624	1.572635592741	NaN
2.59354941136057	0.550733272529211	NaN
2.66421299045985	5.37767981372545	NaN
3.02033091674016	2.23756690946189	NaN
2.51151218716629	8.85672166290502	NaN
2.12182337642372	8.41134949323257	NaN
2.93951144440117	5.24338844115386	NaN
1.61315951793435	2.23913998921004	NaN
1.06108837331564	1.52183129627921	NaN
1.19326274723738	10.4063242976977	NaN
1.24944065094261	3.45788275553783	NaN
0.686258890411758	4.36467218126817	NaN
1.28917917849585	7.39737877662065	NaN
0.755001074911325	6.19644645250743	NaN
2.36667805236215	3.75598713828807	NaN
2.39178072411759	3.00254147697935	NaN
1.21996690793402	2.55952178915216	NaN
0.300310507274251	1.28422825458286	NaN
0.223887035113722	0.491018448949622	NaN
0.130167165358511	3.07077298198161	NaN
0.180953117074537	2.96429221092875	NaN
1.03586316537438	0.521808252264016	NaN
2.06036252043068	2.84238903312646	NaN
2.5895031627159	2.60052972499571	NaN
2.34924734292192	2.53048050203251	NaN
1.86918646505625	2.77441374334045	NaN
1.80197929092718	5.1276822325865	NaN
0.984124700452419	0.733620705776037	NaN
0.717933402169481	1.85259080483983	NaN
0.0653031453841961	1.4061673585987	NaN
0.382046117520406	3.58739616081551	NaN
0.45349518546722	6.71577090690429	NaN
1.76809692740864	8.98781771901588	NaN
2.58228689713749	9.61723241921126	NaN
2.69529691757029	10.400245342936	NaN
2.14195157529114	0.810849920149089	NaN
2.62104506776134	1.13726288644111	NaN
0.566407448914205	0.647826083132794	NaN
0.28099981320467	2.61508265561097	NaN
0.583262293184293	6.49624971126871	NaN
0.765593410860557	6.48634704205327	NaN
1.58539141371203	6.28162425798616	NaN
1.84232117763843	3.93475709854919	NaN
0.632382772769647	3.02682293408223	NaN
0.520393272054126	3.44852999493696	NaN
0.407225351274352	4.23321723263273	NaN
1.95750855692799	1.88335683607902	NaN
2.04806889586199	4.10695429138377	NaN
0.57776253546455	1.14633499560677	NaN
0.844495293426	1.35388727588932	NaN
0.82721875987768	1.27241312100117	NaN
0.820446497382111	0.52975869280598	NaN
0.727935797132221	3.46462238356283	NaN
0.705152837988344	5.77548813566022	NaN
0.323214777992314	9.28758060812041	NaN
0.381220601120695	5.00021605098017	NaN
0.289263554265203	2.71232942077692	NaN
0.079072801961651	0.654165951344148	NaN
2.83593331439059	3.59676453624701	NaN
0.113894212826563	1.88392362760262	NaN
1.60237860326278	4.26890378451443	NaN
1.86456816630622	0.910158616830097	NaN
2.68893840448828	6.06588744105267	NaN
2.59306436652424	1.32043498785426	NaN
0.0448211859613767	0.943139007287821	NaN
0.291101157565519	0.292867114567302	NaN
0.120086733232376	5.39432119238917	NaN
0.029822588264191	6.32361538201273	NaN
0.673307155567263	7.5679056515052	NaN
1.34849105935008	6.65711613949197	NaN
1.73722781657307	0.250341437909774	NaN
2.09409489441166	2.66580308181279	NaN
2.09487536209907	1.21299338757391	NaN
2.28973897543054	0.613558172077053	NaN
1.98904643688917	0.711228959442164	NaN
2.55705718595865	1.03829994804027	NaN
1.79414463418558	1.36024799065009	NaN
1.64746424892955	1.96747767631616	NaN
1.95382017815815	1.91733575639814	NaN
1.86560581183114	0.597210497924995	NaN
0.59624610010341	2.84659250063854	NaN
1.74519968045307	5.05579007773239	NaN
1.68535102936285	6.90189494360062	NaN
1.37382106466317	1.53818018531843	NaN
0.296767189556652	2.48728970292041	NaN
0.197743681515815	1.76589708432102	NaN
0.717197511048995	3.82301985501106	NaN
0.529853624720616	2.3862219621426	NaN
0.692492976749484	3.33779539009562	NaN
0.173422635167363	2.36780190917519	NaN
0.0905116825326507	3.01509800213975	NaN
2.01649053177695	1.05249665085387	NaN
0.131503139944628	3.3104265629164	NaN
0.240509667415517	1.55677989176602	NaN
0.0271025005825646	1.10047118985246	NaN
0.250606284625297	5.59849069338345	NaN
2.42129738056238	5.60721081789466	NaN
2.77466034235814	6.17386440349913	NaN
2.66422892528236	5.25879690709182	NaN
2.53664663103684	1.65836596308324	NaN
2.02584950459636	4.9626586860853	NaN
2.15179062029019	3.90866519094731	NaN
1.93778082901671	2.07869612683056	NaN
0.517891465852742	3.28323999656036	NaN
0.761593563675393	4.3345327900794	NaN
0.628318284663638	3.50604719381136	NaN
1.44613897231198	3.91146289973981	NaN
1.82998107670665	1.32972619607993	NaN
1.39936806099298	2.81975440178399	NaN
1.13537900480849	7.42481564611308	NaN
1.35886232027161	4.79808802221745	NaN
1.07331086634581	3.20624418811495	NaN
1.65793037590385	1.66780201851447	NaN
1.7813970746017	0.843447890632507	NaN
1.73747738804151	1.23423926903761	NaN
1.49219687961581	1.63300764440818	NaN
1.48010718775672	3.37327129923999	NaN
1.74647415790743	4.63518075630121	NaN
1.14221404651223	2.28103562400268	NaN
1.70740629491819	1.99312974367036	NaN
2.94354189709036	1.0570937146736	NaN
1.7789117217817	1.29790167265099	NaN
1.55055676814792	3.25973438838048	NaN
0.0524916191230949	8.56246969020488	NaN
0.310809991550687	7.46128693995458	NaN
0.492505332915196	3.85947570761997	NaN
0.120471586903359	3.74193527996094	NaN
0.110585160639753	2.63790593629627	NaN
0.963398649000449	0.368715331800564	NaN
2.79795699651685	2.0509512025214	NaN
3.02597242133343	2.95209030318842	NaN
2.88078855194059	3.4387797776924	NaN
0.597084706939169	2.5118639965748	NaN
0.441639681172422	1.06982831339377	NaN
1.1001283120581	2.11342473041699	NaN
1.06252538894575	1.22372397075447	NaN
0.0943329399511873	1.2034293920788	NaN
2.47615975848715	3.32311518385321	NaN
2.05699101372523	5.51298604123991	NaN
2.60255309481808	3.18536590755435	NaN
0.341160823058024	1.05135683346409	NaN
1.87410342493841	1.90538624495062	NaN
2.67895121606025	0.502262914715906	NaN
2.66674014366681	1.70226909786356	NaN
3.02354434541915	2.72949868576899	NaN
1.02579463078877	1.17083134804747	NaN
0.545517637595518	1.27802495324297	NaN
0.0102660446413741	1.2455551112238	NaN
1.21253267227427	1.03325259789378	NaN
1.30125081917788	1.90581829750319	NaN
2.37996222343439	3.26801808717222	NaN
2.12208112325672	8.08389147828126	NaN
1.82240432048423	8.0515733528096	NaN
1.70448984837489	5.97865577926467	NaN
1.19918711145949	5.54676328909033	NaN
0.909544190364086	3.97847925756287	NaN
1.87109148389524	2.30309002977489	NaN
0.0749547539770394	3.87269065123851	NaN
0.2152328782995	4.41812769060128	NaN
0.201927473332896	6.73520735702006	NaN
1.341731456501	7.5487578668334	NaN
2.74639966458856	2.17178282449667	NaN
3.01207929896595	1.93527223128272	NaN
2.6387571299544	1.74635553534082	NaN
1.24123364029474	3.06276140606304	NaN
0.607623806426287	3.25262480889426	NaN
0.278060540847675	1.29716583820828	NaN
0.320314818868151	1.12890139494575	NaN
2.03115965276213	2.38740065053851	NaN
1.06758323639339	5.84190560546943	NaN
0.316234236654025	5.97089688574652	NaN
0.589947040816499	5.43074433442434	NaN
2.33963627043815	7.18831833176496	NaN
0.377961136759277	6.63318448240873	NaN
2.78100924801113	1.98352714746243	NaN
2.55338158190864	1.96980408533645	NaN
0.359618892365844	2.33850359040116	NaN
0.857641929689497	3.68385469678383	NaN
0.889398622893081	1.54206407970323	NaN
0.64508050715252	0.84545314780518	NaN
0.710973431792558	1.38324723300418	NaN
0.603720481127464	0.710542948299172	NaN
0.0872205110336235	2.45873294386969	NaN
2.20119938035695	4.38413463501201	NaN
1.52595739965419	1.80312449226909	NaN
1.26476664281346	2.27861318559023	NaN
1.67452631348221	6.59279106873468	NaN
1.83478131726663	10.1879772660853	NaN
0.102359004548473	2.54773791384128	NaN
0.3465133379953	0.738023718280514	NaN
0.493009046871624	1.67963878219773	NaN
0.560567224550976	3.78007933481337	NaN
2.46320725721194	6.69687175666389	NaN
2.84262465770347	7.56226088586095	NaN
2.32351808537446	5.85897428994101	NaN
2.58914938549877	4.38204421946959	NaN
1.8191295257656	2.53282071872692	NaN
1.33578213476684	0.101379179345203	NaN
1.69653680030998	0.195682587918446	NaN
2.13812335293917	1.60873904751882	NaN
1.40219273651234	0.92491801366089	NaN
0.297594770700844	1.25471968248679	NaN
2.02256608660196	1.60451103675045	NaN
1.67353841435163	2.08205254205621	NaN
0.262315279677449	1.38503550068289	NaN
1.07070921008222	2.45232133321439	NaN
0.874760947533744	6.13369484745755	NaN
0.838901256568266	9.7082058195816	NaN
2.79431608488264	6.2835227307869	NaN
2.13002860893837	3.24424083140857	NaN
2.28551651896623	4.58196925491147	NaN
2.82769925317474	2.47728560678784	NaN
2.05833251906051	4.91965901804831	NaN
1.19134151846501	2.93062844092468	NaN
1.15136319782413	0.75035904282387	NaN
0.154422020762105	2.79185215512314	NaN
0.897443646811665	3.72421374785852	NaN
1.44293961262626	3.81893075669795	NaN
0.676731619856918	2.90094448108465	NaN
0.438180911546838	6.12438677445087	NaN
0.575496176033676	3.33683115043645	NaN
0.878979321912489	7.2199544049112	NaN
1.32431120294721	2.52041946439474	NaN
1.23958808932484	7.02098492625737	NaN
0.846695998650335	4.38549935488584	NaN
1.12506670922965	5.83764340229164	NaN
1.01666226493748	5.25546976360439	NaN
1.11891050709492	5.25920143660598	NaN
0.632156363882344	3.39786108489357	NaN
0.645591452199077	3.60114248545527	NaN
1.20863311645452	2.80260170479214	NaN
0.179766595908917	0.522638828878112	NaN
0.364238627521474	1.9734030235292	NaN
0.705028645925102	10.4195207305917	NaN
0.122258127345255	1.68173395645208	NaN
2.59523316937714	7.17404993759511	NaN
2.82649276268044	7.55841095022374	NaN
2.46563827028344	6.45406457240928	NaN
1.14710005545515	3.39398979119502	NaN
1.06437312953174	0.275705806705733	NaN
1.55977555036126	4.61239051249669	NaN
1.91506416935071	2.52873334703142	NaN
1.89865681710999	1.75487457642171	NaN
1.25599499694575	2.29581717261498	NaN
2.37256835923851	0.799434065592445	NaN
2.11517291713053	7.64545325291811	NaN
0.386861384136404	1.5381660030876	NaN
0.205596079116371	4.35794940611438	NaN
1.5329062474934	0.486093096116003	NaN
2.71624612787357	3.62946702192591	NaN
1.49340442932039	5.00846874680891	NaN
1.74010937428226	5.09044825327291	NaN
0.485996926935403	3.10583990614388	NaN
3.02017753113879	2.33735994750606	NaN
1.22416603720371	2.61996070977309	NaN
1.09905912630653	1.88848557136958	NaN
3.10173006167492	3.28284995827971	NaN
2.56653223735622	2.38007752756941	NaN
2.1512985647393	1.63570258290522	NaN
2.3014244843932	1.70009121219825	NaN
0.93946503158781	2.02752506811391	NaN
0.0930922003745319	0.992766485668506	NaN
2.15586839555337	10.4609255463035	NaN
0.199482899211203	1.7212982571076	NaN
0.436928686522319	7.45788769097684	NaN
0.345220331393751	6.40685821981625	NaN
0.292802153763914	3.1263548300478	NaN
0.126395016589329	2.70492238231002	NaN
0.686215928046795	2.59259836812199	NaN
1.64282364209735	0.358267212131333	NaN
2.15800401848954	1.53154241683444	NaN
1.90661298924759	0.782781117650408	NaN
0.111891631926321	0.147788688128854	NaN
0.107780225000884	2.38649178788469	NaN
0.321929723418556	3.74924153790762	NaN
1.47941706192267	2.69611460043331	NaN
1.14354921439018	7.21663779729523	NaN
1.75618043188918	1.53803656695406	NaN
2.01094174955309	0.979519941361914	NaN
1.054454506997	5.06543157873211	NaN
0.419253094339237	7.78833655554093	NaN
0.879900868193098	4.42611511786902	NaN
0.674359396196706	4.01173255673021	NaN
0.351500932655798	1.83773030648199	NaN
0.3583573957397	1.2719501108801	NaN
0.100142474156891	5.22771227914026	NaN
1.85649838826356	7.22370532836994	NaN
1.77737053341243	7.40802875799353	NaN
0.243610849154753	1.15535084512791	NaN
1.0161735260153	2.14054969106252	NaN
1.00560028331928	1.73420105033986	NaN
0.63850900247087	10.1021177296327	NaN
0.341775923794596	3.57771290943589	NaN
0.321169100292984	8.16901992688046	NaN
0.166918252819695	7.59848305725173	NaN
0.350261375956864	5.54151766614235	NaN
0.0192599736394698	5.14910239498984	NaN
0.173986837136123	6.01982765105044	NaN
0.0964252277566589	4.13319709373909	NaN
0.958828333847793	3.25337169757371	NaN
0.877001999454265	1.12716904390129	NaN
1.93951608916338	1.59039428199021	NaN
2.1815470498102	2.21947595282829	NaN
1.97874986212992	3.39920640245782	NaN
1.06707192747754	1.5484959843247	NaN
1.42165326230038	2.92897969210332	NaN
1.0480093277322	9.81132063400023	NaN
0.953932740834425	2.14153618295822	NaN
1.56736056857655	4.57004816314727	NaN
0.00489249203753054	7.6415406067463	NaN
1.33909337825717	5.80738149114727	NaN
2.73401249612928	3.58950453334338	NaN
2.01555246443731	4.27671852483435	NaN
0.340966176486713	5.11928014044614	NaN
0.959592798507514	5.69867915135353	NaN
2.84507796135221	8.76129539942279	NaN
2.38322662394931	9.91723910877038	NaN
2.0742479596684	1.67846372885698	NaN
2.25239513972909	1.03381051477654	NaN
2.22177553270495	1.89613813703292	NaN
2.27022193243598	0.243494423279116	NaN
0.903668578868299	4.89298887091315	NaN
0.563130234876277	7.71474530775271	NaN
0.59447755153789	3.36271681792771	NaN
0.79926412894547	3.44868775252349	NaN
0.130723332605115	6.85244583401184	NaN
2.71513406940605	6.6075225344555	NaN
2.08197060268815	7.32598138945918	NaN
2.52121232259441	8.9498589754886	NaN
3.07947479511619	3.26067865582614	NaN
3.07943693495475	3.30916555590805	NaN
3.11344724401873	1.986338158074	NaN
0.0340297315208971	4.33214533108529	NaN
2.26742428928563	6.86465137039945	NaN
1.03253253974147	5.93659334876684	NaN
0.893896738816992	3.88999498226674	NaN
1.45783901802512	4.69878065183316	NaN
2.02822110113999	3.76900894312894	NaN
1.56349619596648	2.58284696470559	NaN
1.13719400191262	2.90378516017289	NaN
1.76148733014296	3.5346954908789	NaN
2.27342968449204	4.27948632827393	NaN
0.477882171210462	1.88450969392695	NaN
0.371826641031542	1.73128438336675	NaN
2.97894548890836	1.79334226255255	NaN
2.29463657882093	2.94886919411806	NaN
2.03147383895597	1.99606711129124	NaN
1.48823328564223	6.78799364534848	NaN
0.411359926265273	9.38987003287648	NaN
0.192550949107937	8.34668570787227	NaN
0.919834880332556	6.15460135933681	NaN
0.92904306303446	2.95526375971192	NaN
1.45478313078898	0.827814481632354	NaN
1.96093332687304	2.75784815764955	NaN
2.04047431605143	2.22183020379137	NaN
1.88500115070564	1.6224152179938	NaN
1.99870328665186	6.07282083864495	NaN
1.42146807218535	2.31680706457713	NaN
0.960509908044352	1.25570497030439	NaN
0.999178824085417	0.934004963048822	NaN
0.00737141190786496	10.3104911785816	NaN
0.724958494677527	3.23172482180964	NaN
0.00865692087342589	3.46808514002651	NaN
2.41855671521442	5.71244363231777	NaN
2.65057306951264	2.65363034210039	NaN
2.68703394937565	0.959610222996805	NaN
2.23137922457965	1.8971233192541	NaN
2.15432770214405	2.41406807578891	NaN
1.70305095827154	2.54016697836345	NaN
1.57940387142683	7.17062489442468	NaN
1.54181249961441	6.1797149356329	NaN
1.60352086483914	1.74334830699027	NaN
2.08902959997505	3.34672919383488	NaN
1.98499625145893	1.76453501218199	NaN
1.39190688767533	1.30012449340238	NaN
1.08883930424111	3.32661267535406	NaN
0.467969994880743	1.3434236959427	NaN
0.389472579762198	5.89814063452451	NaN
0.347564221774093	5.15469026199339	NaN
0.583355533965413	5.53737524313305	NaN
0.427591429281189	7.08706947718932	NaN
0.90106386023717	9.61415922864814	NaN
1.94834498290017	4.79253488983429	NaN
1.99559418230877	3.94293874143282	NaN
0.168715871085935	1.73447646553964	NaN
1.27649829407213	2.83260120218752	NaN
1.5170556270512	2.32123809679299	NaN
1.38957213914538	3.50601008086229	NaN
1.22102859508315	4.26113173928579	NaN
0.913550408919378	4.29459328303902	NaN
0.824919799351825	3.45835932703272	NaN
1.40606686027691	4.49287433965212	NaN
2.05789630273184	4.13095773443191	NaN
2.47733779715739	2.70888143884212	NaN
2.44207683078445	5.32812227707208	NaN
1.85330013962142	7.35820384062851	NaN
1.16709394743194	8.17436595639795	NaN
0.892701984551857	8.72692750545762	NaN
0.261430083383846	1.30115351059808	NaN
0.237891175503559	2.07844045408998	NaN
3.03833924779551	3.25817555137631	NaN
2.64427878354438	5.02075806934453	NaN
3.00913315794869	3.42012459622432	NaN
3.09788520622703	4.43339416020865	NaN
2.31274994701749	3.75061397636722	NaN
1.60844745010721	2.69851527675362	NaN
1.03284594336612	1.73831437066408	NaN
1.94619188496443	5.44341600453087	NaN
1.62523354697469	3.23865363221425	NaN
1.44714454079432	3.36125982921105	NaN
2.36675563937018	4.94402935665647	NaN
1.42230027555194	3.71125498307212	NaN
0.973157324754272	5.29265357834586	NaN
2.68417534511104	4.29539752250659	NaN
2.07024577250632	3.74654909411754	NaN
1.79280969082034	10.2170670690682	NaN
0.738901493633927	2.23156937844025	NaN
1.31928552238913	7.23961373484745	NaN
1.31965579774306	7.93042422923072	NaN
1.49628150076096	5.13827187807016	NaN
1.59822888101537	6.08877827950803	NaN
1.90884676507292	5.97438920512843	NaN
2.99533109745249	5.38306599267393	NaN
2.76400216759054	3.83508729808126	NaN
2.69922841258407	3.6057568968477	NaN
2.99040616310096	1.22189653252403	NaN
0.644019236498273	3.09904856788304	NaN
1.03468733115377	2.1072331984741	NaN
0.351632784499227	3.32588127403755	NaN
0.0192305186293601	2.43563946398325	NaN
0.676654191697476	4.2091069036637	NaN
0.905415909799786	8.84300794666565	NaN
2.45588951355299	10.0993663053731	NaN
1.9526476418925	4.98634623823234	NaN
1.66595108066356	1.61361400850926	NaN
1.76188529446196	0.646291247908305	NaN
1.97947755317523	5.0757464926457	NaN
1.30585400499544	5.12894735310818	NaN
2.74124288028999	4.98122090679318	NaN
2.67773019175382	0.658489440836469	NaN
3.07122845863718	1.78475421649094	NaN
1.04800904781623	2.89332505265274	NaN
0.954962978133074	0.941572262776209	NaN
0.42800613175991	3.55297129083539	NaN
0.845398807403761	5.0254706828521	NaN
2.923249552181	6.88077400112848	NaN
1.50895117877384	8.79646822350937	NaN
1.63002625880696	5.97908120907122	NaN
2.61268357386338	3.66393527268758	NaN
1.2770327116921	3.36234250157562	NaN
1.18653700529149	2.09093844620057	NaN
1.64103842582552	5.13954659759746	NaN
1.57517989388722	3.6075377860003	NaN
1.74565274857761	4.62233815480818	NaN
3.08515370040017	4.83534427747036	NaN
2.91823753842312	2.50003534200898	NaN
0.562940226760514	0.278368518031028	NaN
0.269800485930938	1.21780063881762	NaN
0.16585780102844	2.92692360823304	NaN
1.50535037270732	4.63924827848326	NaN
3.03152403449071	4.74287070520252	NaN
3.00435204480069	5.0534401764544	NaN
3.09886221058675	1.12883137359606	NaN
3.12379683438576	2.29062965139897	NaN
2.69998444046439	1.38179709526661	NaN
0.748410895509283	2.1820802960822	NaN
0.412878721229281	2.96653468352991	NaN
0.657274518703523	3.59080614472062	NaN
1.41583766741951	5.37938757737609	NaN
2.15557810983589	3.89337959978507	NaN
3.05931747448705	1.6421835070382	NaN
2.61849993041783	1.5301650924575	NaN
2.78169630965378	1.06841554374489	NaN
3.01262264692336	3.66000039291744	NaN
2.9552313668003	6.42472791205853	NaN
0.512562326004956	1.90613242141086	NaN
2.14588689350628	1.76832843184893	NaN
2.87800415561831	0.819109446750612	NaN
1.49723590626583	2.69872149189201	NaN
1.52446442429278	0.609490400705405	NaN
2.40579468933672	1.80707799951767	NaN
1.69039495780186	3.19775154545994	NaN
1.72637607059088	5.34845254739919	NaN
1.99344923551694	1.35450090783762	NaN
1.38132287444787	1.06761310804281	NaN
0.805313671605908	0.116186866161398	NaN
2.06605434706927	6.96195065253922	NaN
2.55623702488609	9.33767348076516	NaN
1.30953713685272	1.57702219516663	NaN
0.420474366396757	4.68507204237756	NaN
0.405399895212071	6.64802824374525	NaN
1.63381846851832	4.99668446791526	NaN
0.0410484498657841	4.61572105688991	NaN
1.71149028252349	2.33612818396048	NaN
1.19311837641063	0.52168445880195	NaN
1.03531015246489	1.65385653312305	NaN
1.35819216029679	3.44345024688938	NaN
1.98411553611017	4.63004218272923	NaN
2.12605532716579	3.72714832113737	NaN
1.90335896072785	1.66751617721352	NaN
1.94100747738403	0.393804514233775	NaN
1.69656323539957	1.80330003432382	NaN
0.0392048020391243	1.71133449888737	NaN
2.00216112128935	4.99781884353536	NaN
3.05006695306665	6.88896148047902	NaN
2.21687068907403	3.56720897776929	NaN
0.861143051201023	0.717271335816643	NaN
1.3792815849199	2.24104386328319	NaN
2.02352377873742	1.68486710885335	NaN
0.259631473228943	1.38553722491574	NaN
0.549261560604125	1.24453335783641	NaN
0.48169178690025	3.91747177399654	NaN
2.17812263862232	3.23152544910453	NaN
2.60280787987258	3.76511676036691	NaN
2.8852400247766	1.9204753971933	NaN
2.62864099457953	1.33422998646868	NaN
1.49331802027871	5.02928268643371	NaN
1.33365271811394	3.70603370903685	NaN
1.54394980217051	7.56754845671209	NaN
1.75780158316411	7.18213041092441	NaN
2.41272527444708	1.52197616821589	NaN
0.954541383539227	1.84118923369546	NaN
0.364408066127508	4.74209808670645	NaN
0.224819756724261	2.87720080646162	NaN
0.155653710550384	2.6880374420232	NaN
0.930071115956641	3.17260395893598	NaN
0.221132719535096	3.38380265348648	NaN
0.220077913134753	2.61175160256566	NaN
1.79281121215743	1.44713567762857	NaN
2.71618927883529	2.61567216138087	NaN
2.62801869599833	3.26895507807475	NaN
2.5538113575753	6.85171073111896	NaN
1.9425389735369	8.03162631327165	NaN
0.279031267461182	4.78248841028317	NaN
0.259369718716864	6.30870327502763	NaN
0.447634911320637	2.61589605111675	NaN
0.368012901980653	2.08629700822794	NaN
0.249040105769596	0.115894611694628	NaN
0.55076332677674	2.7756699427964	NaN
3.0089458638077	2.67264639005721	NaN
2.68788946556542	4.68244824208419	NaN
2.4166707528613	2.14760899817416	NaN
2.42835671192297	5.34939381077203	NaN
2.35325581342474	5.51174066069037	NaN
2.19720449551168	3.8040967817544	NaN
0.235764504663296	5.9803715301381	NaN
0.161951228921386	4.81036156050014	NaN
0.882123438519167	3.88483487653689	NaN
0.141173374103667	0.114548608456406	NaN
1.59783117408308	2.5405974198532	NaN
2.93548908876931	2.37657203226649	NaN
2.5370994350408	3.73829666270381	NaN
2.19514954214296	3.13769861585658	NaN
1.13104468745156	5.67826272515041	NaN
0.765129736164804	8.30963489431482	NaN
0.82791647783899	1.49705991875646	NaN
0.398292010727065	2.75677968809744	NaN
0.116425485190635	1.42090776469947	NaN
0.495551166999416	3.32115400043511	NaN
0.509658350180735	6.12407646868179	NaN
2.51244168128834	7.42110035630815	NaN
2.39957705828198	3.73296299917025	NaN
2.26461583611203	2.33353223226536	NaN
2.53375248043938	3.94100266746426	NaN
2.21694304698734	1.00969834327061	NaN
1.62986751637694	2.82684793340884	NaN
2.3492604637927	2.40583462088002	NaN
0.71886957615774	5.13773623182335	NaN
2.19533837805046	2.28150524867905	NaN
2.15632420018982	1.14250618411097	NaN
2.00662561075194	2.12635289537006	NaN
2.49312767054051	3.03096421347615	NaN
1.3541903682805	2.13980859241586	NaN
2.88419077462464	0.410110904884081	NaN
0.8294687753543	1.04599976659408	NaN
0.510072711206936	3.12291457728139	NaN
1.58005252738018	3.79237488685715	NaN
2.79162740521996	3.64889203568279	NaN
2.78087992367236	5.40944217512782	NaN
2.3555673856111	4.09694350369836	NaN
2.84598188131947	3.81662426625529	NaN
3.05491262574265	5.64858115283928	NaN
3.00397589710062	7.18745230533492	NaN
1.93148198322372	2.07863523664485	NaN
2.11897827841035	1.46168364154417	NaN
2.30624440946357	4.30682620369326	NaN
2.37540301501248	0.976731432278962	NaN
1.46367830035306	5.40883386261563	NaN
1.72661617344289	5.67675445983009	NaN
0.607303664164891	3.57413427613593	NaN
0.0931096418191514	3.37991829364588	NaN
0.0332710586101137	3.31136711849426	NaN
0.810258297775897	0.664217739379717	NaN
2.38907151119295	2.84233556257264	NaN
2.90693813521162	4.73715939366414	NaN
2.81479839993296	5.89700063742807	NaN
1.58057877030717	4.03016649331417	NaN
2.1740905227323	0.88291823559327	NaN
0.532531726910213	2.09556431316772	NaN
0.13375515625886	3.94651594188472	NaN
1.93820419158369	9.12307360545901	NaN
2.73822204825839	2.90518960395551	NaN
0.778240463158945	1.15507736040811	NaN
0.904644707589301	4.6877275909137	NaN
0.159911690954683	2.53170941281328	NaN
0.733588344429009	3.28660680319174	NaN
2.20010905485818	1.35325212758117	NaN
2.21292587936086	3.35926471385699	NaN
0.922019694044768	2.3552299200818	NaN
0.93689519776603	2.26032557251821	NaN
0.825018333159149	2.79638634132226	NaN
0.924770261186128	1.89461101349853	NaN
0.696264150827188	4.21828282000576	NaN
0.875568597355713	1.4117262760546	NaN
0.658276883091677	3.51926017832175	NaN
0.221251592724953	2.41956099855412	NaN
0.460336168967022	5.13685887054059	NaN
0.246846472632304	7.4434070738429	NaN
0.0968340112999651	4.16669414666738	NaN
2.15533012032144	3.90807668319709	NaN
2.11390993578591	2.55698190394797	NaN
2.69385295271627	1.20622886319022	NaN
2.71560810731057	1.97245973178752	NaN
2.79998760707187	2.60042402611605	NaN
1.13733310909439	3.86604122555324	NaN
0.322975812511267	3.59083639466301	NaN
2.74567809911869	2.28169038458339	NaN
2.16371225809238	1.88634155195022	NaN
2.44945832567501	1.57211483143011	NaN
2.52255941924719	4.05267605970134	NaN
2.39285317790333	7.43414631042414	NaN
1.67083767067078	5.27112225473816	NaN
1.53881523392659	4.58058807175533	NaN
1.57792618134675	1.95504191321381	NaN
0.786671858403231	2.94414178304357	NaN
1.92327984611979	1.25457961943672	NaN
3.03706153608188	3.45284939148206	NaN
2.56742898143613	4.24696180557381	NaN
2.53763549354302	0.564511506988089	NaN
2.99770335992908	0.962359454220202	NaN
1.06040741153244	1.70916300943191	NaN
0.440059747533089	2.42558157422075	NaN
1.99391040397675	2.44566790693526	NaN
1.56844439403169	7.27334550813084	NaN
2.89866873105318	4.58717527692759	NaN
2.67134700831723	4.84714118296491	NaN
2.63806958266615	5.50686326999993	NaN
0.319254895916546	3.10441638959015	NaN
0.991511561272171	3.33630815868192	NaN
1.75730273671649	2.41439926118022	NaN
2.55029900823179	2.91410857983159	NaN
0.344060360534583	2.76597916950792	NaN
0.996599058831037	2.20098206214556	NaN
0.260687769439344	2.27497754365004	NaN
0.273542432938572	0.583504166402504	NaN
2.45647949342118	3.89999018174863	NaN
2.80763455345755	3.78589475923889	NaN
2.65891358698266	5.26355932737525	NaN
2.76128657752593	4.56793656517335	NaN
3.1128100587884	0.980178735759518	NaN
2.85206530588646	1.82612624519959	NaN
0.836678685439527	1.17181177329773	NaN
0.886163634372335	1.83541252739846	NaN
1.64413425707147	2.75104855577889	NaN
1.03398438857866	3.14422496303982	NaN
0.108223576813182	2.12035534537377	NaN
2.51560343569885	2.40616671917115	NaN
1.15633313342686	1.82891379280051	NaN
1.57106476929557	2.6610529957342	NaN
0.0579757601588518	8.50084278652928	NaN
0.0859395692859789	6.80971630053601	NaN
2.31411241272237	9.04474176351757	NaN
2.93328420167289	3.17680841703172	NaN
3.12657190496179	3.96852939843838	NaN
2.93787052355085	2.39047843628711	NaN
0.00309563118442975	9.84022597820281	NaN
0.519547556450277	6.98417135426798	NaN
0.149519484518281	1.61152964127775	NaN
0.533357587327236	3.40973854758155	NaN
1.08595904846825	4.01956416741987	NaN
0.0406686836856631	4.3134196901998	NaN
0.76588176932255	3.39391371464461	NaN
1.94356649613449	5.72164393142947	NaN
1.98341170998703	2.32888222124986	NaN
1.84579313363116	2.87688664967893	NaN
1.74487866812131	2.5961526671217	NaN
1.67832020675487	3.2654180970196	NaN
1.10696549570913	3.00134663265761	NaN
0.917716325222915	5.4994600229124	NaN
1.43405553005435	5.28724558870152	NaN
1.88759372984959	4.97820507502283	NaN
2.8332006188543	2.11146671376511	NaN
2.18367453781602	0.623232316140548	NaN
1.19660145316284	1.40885149382589	NaN
0.927817613856459	3.63873360342273	NaN
1.11380891918478	7.91904021576632	NaN
1.4304077089405	6.67136462319969	NaN
0.670520829792268	3.1013650414456	NaN
0.563571602368537	1.75937937632287	NaN
2.10796127120557	2.74942044473482	NaN
1.69456148635683	5.58876177820345	NaN
2.6507486055106	7.05141026714052	NaN
2.82114877108599	5.18843442247888	NaN
0.916234805039424	2.5230168392104	NaN
0.7338343112425	3.07552701215371	NaN
0.755319688152625	2.79281408344275	NaN
0.518055541797443	1.30558126344104	NaN
0.0221235287056783	1.68434600764381	NaN
0.28597813161166	3.54280237155864	NaN
1.74880550500744	6.13826569899696	NaN
1.97584268926802	5.01239941354104	NaN
2.23669249148995	3.70606701645684	NaN
0.266897673694188	2.36589810599167	NaN
0.460404223160457	3.45568029343969	NaN
2.49560226364452	1.97535058849693	NaN
2.89334943613314	1.39636308907326	NaN
1.46365234658427	4.99903613345769	NaN
0.861209016692185	3.92357169148805	NaN
0.854883446011705	1.82704949833769	NaN
0.421826693148686	2.29261076269944	NaN
2.01563438920463	0.8547177112839	NaN
2.10183681720302	0.863362422401916	NaN
1.9605381368527	1.26359668322703	NaN
1.57787629001741	3.415780379702	NaN
1.57059668841276	6.95774741765226	NaN
0.911991553004259	4.29367548588565	NaN
2.80047937580316	2.95291866647638	NaN
2.65522476393246	6.57888270576794	NaN
3.10211693940449	7.75877155582785	NaN
1.92020270135177	7.39042019390224	NaN
1.03948745404646	9.71056140413163	NaN
0.740697997479086	7.41614396225248	NaN
0.21542079911939	5.2818204925462	NaN
0.773096747074624	1.98781542872057	NaN
0.842987265339601	0.974279045324081	NaN
1.44857578020014	1.31555425589886	NaN
2.24668906596701	5.32449061126052	NaN
2.50458190352102	6.03587973353584	NaN
2.57924977136744	7.95485996341458	NaN
2.91867331917182	2.89014049426246	NaN
2.9382360992635	4.43325521724291	NaN
0.876045769217131	4.63548625801588	NaN
0.484894433676019	6.10938142130186	NaN
0.658898168444605	1.66509049330775	NaN
1.78052047460062	4.42922601134146	NaN
0.910966143876863	3.3731299002189	NaN
2.53168336134029	4.4637536626753	NaN
2.69337342636784	3.27101100025973	NaN
2.82115424940671	1.2817070310713	NaN
2.16883369240523	2.12534765002266	NaN
2.03801746138717	8.88984440290412	NaN
2.25301800170166	5.09947988099133	NaN
0.939116854039328	4.68019970750243	NaN
1.48310037027169	8.16661520081867	NaN
1.47957416652562	6.34227823789643	NaN
1.94031044735252	5.66363096791275	NaN
1.57743550939723	3.4770726640382	NaN
1.3493873153036	1.23130531442906	NaN
0.368586649013551	1.70579588318648	NaN
0.100940983749489	6.33128965193309	NaN
0.256545567538558	6.22424812765558	NaN
0.556623797916745	6.5199532913393	NaN
1.75039279030686	5.09243276612334	NaN
1.0394607814243	3.86743381060626	NaN
1.27399933865145	1.43803292164609	NaN
0.0188369501050057	3.71204426135671	NaN
0.370561138955733	5.3239803786062	NaN
2.84464110805021	7.05450536678964	NaN
2.9767228683648	3.95599104250252	NaN
3.05565074752181	1.62478450203525	NaN
2.20740390375113	2.08080925450209	NaN
2.91710918263012	0.952173345395457	NaN
3.09752593942679	1.34023157887136	NaN
2.32677829114079	3.86917916455726	NaN
2.03361088211035	4.97551501829732	NaN
2.90394313153939	5.42934301512135	NaN
2.80055985636741	0.736393102421057	NaN
1.96546286665704	0.296031285902065	NaN
2.9534738958685	2.78799065302608	NaN
1.65527723902686	3.01833048291244	NaN
0.197506364273393	7.02122795945257	NaN
0.989964188343964	7.95500996564437	NaN
1.00970341562306	4.43177001208468	NaN
1.70445181084737	2.80310841707938	NaN
2.04036251591211	3.39487632522059	NaN
2.05924743651122	2.92195917511928	NaN
1.90511567614355	2.96233664347189	NaN
1.87924150692971	3.97662400159007	NaN
1.64405639501875	4.07240112357349	NaN
0.848707308620943	1.49047484233428	NaN
0.274484026669469	3.67808997340347	NaN
0.449434474923171	1.14315821910214	NaN
0.524965261726733	0.110947844452612	NaN
0.179218015340314	4.34057765547341	NaN
0.510457906918088	5.9700892119605	NaN
0.0744901662005461	6.6923461225077	NaN
0.649223024862205	4.39598009562552	NaN
2.30952769744951	3.20305939865195	NaN
2.38254241577552	1.55827249616485	NaN
1.99276269802412	0.285908347575459	NaN
0.147382331612335	2.68280675622255	NaN
0.24979487417273	2.14966631473507	NaN
0.231845021827742	4.45803224388839	NaN
0.37983238679278	5.96875945546793	NaN
1.03054467630649	3.6333916852159	NaN
1.12376750596358	4.04566136738639	NaN
1.30066204341406	2.05214090955444	NaN
1.50329241445357	10.093853673545	NaN
1.44787944620758	10.0408453561053	NaN
1.18514820834857	7.00525031118159	NaN
2.2471894719103	9.93436727757848	NaN
1.71882830908424	6.36036113385414	NaN
1.12092034689054	5.30734543777265	NaN
1.26676926750165	7.38506603255651	NaN
1.07809230327184	8.11131571849061	NaN
1.64062347278238	5.93964823929826	NaN
2.20958719569103	6.83121775295679	NaN
2.36349298936295	1.92255098067232	NaN
2.54273808085	2.53115826889728	NaN
2.47159060387526	1.7321777880226	NaN
2.58601349652432	4.22458445896114	NaN
2.46641208143907	3.7283736197088	NaN
2.84770466556942	3.2164775397129	NaN
2.66450072001151	0.789839728714475	NaN
2.96253637065049	3.77756565818618	NaN
2.68718039224256	2.71483776488434	NaN
2.7791927876291	5.05935249796951	NaN
1.87327418630452	4.43860303253918	NaN
2.51988032400022	4.2677142688132	NaN
2.10811632584568	6.00536829566424	NaN
2.13008638929479	7.74070597641561	NaN
2.15226243243427	0.327887311298229	NaN
1.51874019611215	2.4298909734792	NaN
1.15855277350001	1.59666551845222	NaN
1.20493529988882	1.2995207348392	NaN
2.0182731203067	1.65518901683816	NaN
2.26249442687629	6.78597503689508	NaN
1.3788387765512	7.42882951905528	NaN
0.221463740045401	3.2542609502577	NaN
0.88468352353408	0.674485744667966	NaN
1.22655261352654	3.09779766195165	NaN
0.0717342056616187	3.75794450496248	NaN
0.164501059496034	3.82705962657533	NaN
1.57985428708207	1.89826560134851	NaN
0.554789198324227	1.78803016781387	NaN
1.33554897701079	1.77428948986207	NaN
1.52173409891809	0.518715760836788	NaN
2.7241478490318	2.96469528692481	NaN
1.96287366550841	1.29937047990233	NaN
1.59127389273173	3.74358207500526	NaN
1.20261838217135	7.29718023703922	NaN
0.186254131998513	4.75006230667067	NaN
2.61473787527892	0.549446296457633	NaN
2.64369593318613	1.74218053570737	NaN
1.23508647889223	1.32592625520229	NaN
0.33085386580697	7.62380996142067	NaN
0.555697572949577	9.96200287502395	NaN
1.50178042417068	2.03331770723575	NaN
0.583558157664647	3.91410872257894	NaN
1.41339574317304	0.355347365619684	NaN
2.86347880172376	2.05501982559883	NaN
3.03710125363883	1.28446891157897	NaN
2.84726287206795	0.846312095818544	NaN
2.49758606115821	1.73250542671756	NaN
1.44203584783614	5.87350676597834	NaN
1.50446032732922	3.49419346825227	NaN
1.75004990444362	2.49161727549368	NaN
2.00974273224003	1.61338659505805	NaN
2.0279882592031	2.01498551938688	NaN
2.44528656751877	3.82386417290562	NaN
2.6896276408736	5.86123042883314	NaN
2.97602401159616	5.89843422954885	NaN
2.88195921470801	5.14388297839866	NaN
1.98793019814439	0.535041786973997	NaN
0.127141227788164	0.405231944420892	NaN
1.24332047142811	1.97103664597981	NaN
1.25652219554428	3.75249108126403	NaN
2.81922226034532	5.20566395179924	NaN
2.64789226099465	3.12239191738205	NaN
1.13437565131426	3.04581391064662	NaN
0.0459808642371235	2.70980279951986	NaN
0.614193865283582	1.6741851254157	NaN
1.4210318905572	3.11824597264316	NaN
2.58838490563778	4.96108381069923	NaN
2.86032059625874	2.85460616536102	NaN
2.92310721216865	3.85006544498051	NaN
2.81968759197569	3.87120747577265	NaN
2.96894668249473	1.06472252888691	NaN
3.08986960683433	3.55482775805303	NaN
2.96238087262481	4.21345733473075	NaN
1.4642247567721	0.597066622117752	NaN
2.92704501310884	4.90375136447284	NaN
3.11346840643352	6.78937589665703	NaN
3.02510984281203	3.37140650801957	NaN
2.85606388694557	2.60739722036234	NaN
1.78684979142454	2.53892046360614	NaN
0.238165438363479	3.48424147882513	NaN
0.196368566102378	5.8977303678687	NaN
0.463804662377959	6.12943977634863	NaN
0.00652535419672839	4.06722715699981	NaN
1.27629357008337	3.93101676188637	NaN
1.95908859046516	1.82339332988402	NaN
1.30119858163988	1.18470536085607	NaN
1.71614575676783	1.42844740893996	NaN
2.4540491112648	4.15482406865784	NaN
2.44332309543406	6.65373518280921	NaN
2.04203614458887	5.50801058277994	NaN
1.33850075796843	6.28704936608438	NaN
1.87537684629486	4.06605326837366	NaN
1.95449556813545	3.12218853463162	NaN
1.77293761374222	2.77460992102996	NaN
3.09864183459829	2.96683401145405	NaN
2.4166292623186	2.86004346976753	NaN
2.42376690841698	0.477524754867185	NaN
2.9173757751639	2.22416777160817	NaN
2.95752273199579	1.28536533691823	NaN
2.94509217889284	1.29395874129305	NaN
2.81635871536345	2.96735595050674	NaN
2.85542574166842	5.63588540973305	NaN
2.77241994351981	5.283976053043	NaN
2.33192197335358	5.96410666531755	NaN
0.871665556833959	6.67502581841947	NaN
0.556110150862632	4.25696065409628	NaN
0.873737959730005	4.87621563558992	NaN
2.03869933356355	1.34224672791624	NaN
1.56817214897127	3.23709194093348	NaN
1.33159907979238	4.75836639475883	NaN
1.25823273731716	0.852514523332084	NaN
1.6431505536926	0.702625402674173	NaN
1.83256892508792	2.4135177465083	NaN
1.71164365901803	1.11869033350927	NaN
0.906445838292488	2.97596929990923	NaN
2.57032865488054	2.81892621310357	NaN
1.04737524234125	4.86753447485599	NaN
1.99367339417815	5.41069206250232	NaN
2.8966398976114	4.04579097323756	NaN
0.241248967995434	4.14130256755809	NaN
0.0455456360038035	3.85928047422142	NaN
1.14441075337497	0.288971312549002	NaN
2.8763341232454	3.11158478704076	NaN
2.56082367656856	2.43190698782192	NaN
3.09007003899213	0.815477307995315	NaN
3.0351914562985	1.90036518822612	NaN
0.711218716013405	0.570048007037309	NaN
0.517392405723016	2.05252820379398	NaN
0.321496018187193	2.53466221359839	NaN
0.0474669346184151	1.55107966740521	NaN
1.20808634902278	2.6375356383089	NaN
0.751655554039044	6.07579757107609	NaN
1.76963776489161	3.25651497799266	NaN
2.20571947077237	4.77832891046295	NaN
2.65017378209506	4.06197163978561	NaN
3.04736624659815	4.33354978260325	NaN
2.31664530460125	4.10682792086263	NaN
1.94904710896427	3.96172994850571	NaN
1.69980468688816	2.51789744380489	NaN
1.79008672215152	5.88496016506801	NaN
1.43578918135082	2.85479336445328	NaN
1.40076386588334	1.77457787152754	NaN
1.56487148155587	2.28748832960973	NaN
1.88007816351977	5.23417943299984	NaN
1.96716092998146	6.56117187442113	NaN
1.38877808912076	3.71182099157589	NaN
1.91876576859576	2.78959991672668	NaN
2.70562591393635	3.92073951843846	NaN
1.732815146114	8.78383847066105	NaN
2.14877255833762	5.20235980657385	NaN
3.13443053601241	3.18750652431331	NaN
1.69352714779986	6.97344373826143	NaN
1.28247951945106	9.17043144362368	NaN
0.692240240927126	8.09070730155552	NaN
2.49481986819826	6.79889343679047	NaN
2.73226047781509	6.37849964231071	NaN
2.51777306768623	4.09290110431735	NaN
2.64536080207755	4.58690800701701	NaN
0.622815500950632	8.4657224677423	NaN
0.456503766173622	7.79421783721877	NaN
0.709204948923321	4.65999581343025	NaN
0.320231206854033	3.60797436798247	NaN
2.12758830957166	3.55017639755942	NaN
2.11118300562021	5.751340081756	NaN
2.02121081576745	6.66664664329475	NaN
1.67818248956729	5.82249110618172	NaN
2.08680547420153	2.03689143228434	NaN
3.0415595646961	3.61515713880699	NaN
2.5880923627843	2.35906678155104	NaN
1.82821474610147	1.41504274813851	NaN
1.73290265568847	1.1662092329787	NaN
1.38620459581264	3.92262069124718	NaN
1.59040748058087	6.47235643344495	NaN
1.59327251351474	3.96125852371475	NaN
0.385565855620577	2.21066607533033	NaN
1.30744097266884	2.29371049499332	NaN
1.5577325891501	2.10999809513028	NaN
1.66364618971601	2.73190577710011	NaN
1.96503702158751	5.36514062341626	NaN
2.01494042264556	4.37863018059189	NaN
0.371009988816451	4.50607617424658	NaN
1.43454041080559	1.95327461278259	NaN
1.1507172490995	1.17021133556469	NaN
1.41081681951831	0.670016442821318	NaN
1.86989540093762	2.536829640272	NaN
2.63967343718443	4.1279083248588	NaN
2.59119393431941	6.16189778388177	NaN
0.767324225230567	4.54266732308133	NaN
0.296291145799077	1.59978902274606	NaN
0.208422895910637	1.85111208108578	NaN
1.415746307471	6.38106742388003	NaN
2.69363012452354	8.26750368168543	NaN
2.95639958132257	3.68310086378844	NaN
2.77122591376483	2.91045535515534	NaN
2.64840011560066	2.84552680764003	NaN
1.96154648172731	3.19150065662554	NaN
1.30899748619859	2.80254116591349	NaN
1.17156248288469	2.88671805823686	NaN
0.472663336462635	9.78079002575846	NaN
0.911608986708174	1.74245291514779	NaN
0.155646062116202	6.21389313730773	NaN
0.92434797099865	7.34069614871106	NaN
0.459025622051804	3.55518662798232	NaN
0.274091043375857	2.7323723277236	NaN
2.54594651636616	4.18638079121458	NaN
2.34661594820724	5.06703470607816	NaN
0.155037975805585	6.0455060066663	NaN
0.622910344901192	5.07819780624225	NaN
0.64147906953315	4.77612395747814	NaN
0.331043038743742	6.36497691156456	NaN
0.0179688864580898	2.4109942707548	NaN
0.037353528331198	0.728391786040942	NaN
0.922538707068908	0.731611187908038	NaN
1.4746141324078	4.6904107895525	NaN
1.91667538177657	3.42871350359629	NaN
2.23212459111386	6.11054359792997	NaN
3.09630108399291	4.44369503296932	NaN
1.73798179495563	1.24778398149639	NaN
0.926244256807238	1.51907793262133	NaN
1.14557103003695	3.53401309585293	NaN
0.248801235546947	3.21920451413394	NaN
0.135032115039746	0.33734412589635	NaN
1.90976977916156	1.87489820421663	NaN
2.93340941343432	0.603703732047711	NaN
3.12221755254103	1.67919595611562	NaN
2.7794056351948	2.55980629709641	NaN
2.99849323144833	1.12755102972937	NaN
3.02942056055931	9.95574333250973	NaN
0.242440735168798	7.78907380483506	NaN
0.821676089200735	5.37398564334356	NaN
1.10537420421183	5.68397671916331	NaN
2.07831793142526	7.41255104793586	NaN
2.90139727040444	8.22338185385862	NaN
1.42225503622418	4.90074606887243	NaN
1.58179067244247	2.02483685269418	NaN
1.66897477668071	0.638566964108501	NaN
2.62846176507686	2.09356711154271	NaN
2.60990319039864	5.72556280890595	NaN
1.18218951844734	3.24546174839849	NaN
0.564531570202243	4.67239282295983	NaN
0.232812479515693	1.30666479034277	NaN
0.559092374474194	3.45001818990085	NaN
0.466020464540402	0.85705321327429	NaN
2.39708988957117	1.60995288871084	NaN
0.40461529777685	4.02328317432312	NaN
0.336906221115549	6.12568008586158	NaN
1.16050398550432	5.50681246220134	NaN
1.33821036769012	2.62081691004043	NaN
1.5764154168389	2.40916037488089	NaN
2.80863414477264	1.26357190722958	NaN
2.01779003758643	1.53693664301396	NaN
1.19490873296938	6.61744618953873	NaN
1.7753632566656	0.939669187297231	NaN
1.65133594658586	2.37879353182841	NaN
0.399837934171096	5.24696929954124	NaN
1.81922932569309	3.13599319967999	NaN
1.80543308599922	2.907768514902	NaN
1.27611062773157	3.19814062821999	NaN
1.88213799324162	6.04434307423037	NaN
2.38681535493359	5.90267596017268	NaN
0.510541419032698	4.39798876761862	NaN
0.170541717354055	2.09220718834355	NaN
2.37817540425194	2.12454645038425	NaN
2.51053998817767	3.71067170009572	NaN
1.78688391477007	3.46805521776937	NaN
0.927901646221627	1.73991673650756	NaN
2.50106313379187	6.66768971327294	NaN
2.11860784378746	2.93567511759081	NaN
2.7312561055917	3.03772337329315	NaN
2.85800979153291	2.77352507533776	NaN
2.36818220403131	3.02489256756056	NaN
3.07273526458737	6.93340198784542	NaN
2.08513903092168	6.43889446549359	NaN
1.17440350127271	7.73284272187438	NaN
1.57402438468497	4.08460578986628	NaN
2.84974891352003	2.51515304735647	NaN
2.94388639873376	5.68261282432479	NaN
2.6835797850267	7.76506579715005	NaN
2.19736285096458	6.6426675788244	NaN
2.49160927934063	4.20792574345226	NaN
2.53758657730496	0.99303870845999	NaN
2.24048811608566	0.652438002005091	NaN
2.20597004246245	0.571264549958745	NaN
2.61734225792444	1.86796631053283	NaN
0.221316734115333	2.52713818115879	NaN
0.307383590165974	7.85377894075722	NaN
1.34002420753807	9.46645872123932	NaN
3.09768042622988	4.04810338191525	NaN
2.48479940156283	3.48998521688016	NaN
1.03533443864723	1.75407535480749	NaN
0.447621089740045	1.7293259531874	NaN
0.758552596445396	4.76097821002344	NaN
1.24120763907403	1.89160259521827	NaN
2.05939832229891	1.83082392344164	NaN
2.31317249462315	0.454039535242376	NaN
2.31129658570338	0.942967073028256	NaN
2.86532549944167	1.58262449905723	NaN
0.887080883985105	0.478778280041178	NaN
1.41561040602536	2.34777815974223	NaN
1.75011780996805	4.29921557773805	NaN
0.0419095578946501	5.48676533226092	NaN
0.0546055839486337	3.60791359277421	NaN
0.495142296702204	2.67962503948208	NaN
0.321757071175436	1.1256422551976	NaN
1.37220464936073	3.55648913174213	NaN
1.85971219101852	0.539918627902767	NaN
2.38936816208997	3.44683402779369	NaN
2.455521212084	1.37412668185364	NaN
0.951891668551987	2.45373054925776	NaN
0.281105324543773	6.41050526419818	NaN
0.0181782505212515	1.59809750772848	NaN
0.981514947192243	2.32817947434068	NaN
1.42722981239852	0.742445436507243	NaN
1.00194532115014	4.70471438192153	NaN
0.428926192573641	7.93981736748811	NaN
1.28624545535141	5.2520949615718	NaN
2.49313879549467	3.58534196219581	NaN
2.37585617144797	1.16662569534615	NaN
0.797117931113371	4.78266553517982	NaN
0.964826587902211	3.51721949109743	NaN
0.65693165046596	5.07040719399318	NaN
0.591513740063877	2.04651991707833	NaN
1.83339239518299	2.47891982727607	NaN
2.00516988637776	1.85919088122899	NaN
2.87432094262202	2.0660413348858	NaN
2.38624950923467	3.75417508577108	NaN
2.5909864687871	7.79418635489547	NaN
2.89179551087078	3.96176466787264	NaN
2.24579242237177	2.77081062226784	NaN
0.436917562175907	3.71098601823488	NaN
0.466687061870773	2.83965954942547	NaN
1.11781697873121	3.41431948539178	NaN
0.163547850493529	5.10255128571917	NaN
0.0747377321792021	6.28781168628298	NaN
2.77764327837928	6.09234067056463	NaN
2.85620739187194	4.23355760480852	NaN
2.96099954983171	3.20961135689863	NaN
3.07166502632816	0.835799820407419	NaN
2.81769354258358	0.690851809301521	NaN
1.75704689725076	4.22381239986542	NaN
1.68392062467095	5.52080842839576	NaN
1.10160807407439	3.45227517564105	NaN
1.69206667787367	3.41393786457146	NaN
2.16723240671017	4.02334995461915	NaN
0.473737776857154	0.862543674938004	NaN
2.96365607116676	0.782824245545142	NaN
3.10301382804897	3.8976601998771	NaN
0.0509008996168087	2.37024496414035	NaN
0.181268935403494	2.33201046877588	NaN
0.0924772244880395	1.70374743577462	NaN
2.46310617219441	2.38008956125638	NaN
2.6288182810301	1.77431631346274	NaN
3.09861652092335	1.60797297632464	NaN
2.97267445024977	6.98526389529957	NaN
2.8982644941914	9.26727413746476	NaN
2.66400177547721	5.43633644545251	NaN
2.70160626394303	2.04881925462705	NaN
3.01604820574307	5.06277538480482	NaN
2.73189919660292	0.276195541828902	NaN
2.36520638451197	5.37629344858882	NaN
3.07075356547348	8.78237869120531	NaN
0.172262131274105	4.75006301056431	NaN
0.330335874417573	2.14437231420097	NaN
2.01823969136098	2.41772181924377	NaN
1.322137021353	1.71265262731591	NaN
1.15140412858764	3.79284885334037	NaN
2.37504415520354	8.89091217933537	NaN
2.87528598465446	4.71640095982576	NaN
1.71808558942525	7.20559026857312	NaN
1.74097548503971	2.43008966184844	NaN
1.99840128086292	2.60990082260938	NaN
1.39946290579136	4.03407864032459	NaN
0.421201548312976	2.02905333420142	NaN
0.233613219506286	1.76113866246373	NaN
0.757354870175436	4.90168363844024	NaN
1.32544978783839	5.85211010433554	NaN
2.80282638108659	2.92555173380736	NaN
2.04027080399352	2.41078965128746	NaN
1.05421476615757	1.6465810705114	NaN
0.480864597189466	0.688457110281124	NaN
0.207491244201206	3.50015855675015	NaN
0.419270081462847	5.67339056356346	NaN
2.23847953734044	6.97358438613364	NaN
2.81608020719139	6.99666551572894	NaN
1.57009939513189	5.72867244291477	NaN
1.41271002835632	3.78964336223512	NaN
1.39472705947477	1.41024260593386	NaN
1.70272460492247	1.89435254795339	NaN
2.66950447105328	2.04948870529817	NaN
2.11524173445798	2.15749242617359	NaN
2.1899620442871	1.77738124716975	NaN
2.24075140982348	2.1285551270356	NaN
0.407420294079587	5.0967125275337	NaN
1.63628451042234	4.8767522664613	NaN
2.07071882997302	9.21543205689913	NaN
1.2905111523681	4.88535394681772	NaN
1.26134777266236	3.62341706771566	NaN
2.57793440511128	3.95996922783058	NaN
2.78744321633217	4.96448573664112	NaN
2.50920244108604	5.606782643574	NaN
2.72764561440151	8.34669348248919	NaN
0.0272189034911857	9.19364574120198	NaN
1.11924019361298	5.88658778222922	NaN
1.56975510547523	7.59622039466728	NaN
0.720250431453256	1.72020017850365	NaN
0.0849291784884861	2.1202564687816	NaN
0.236190137624562	0.969802478199709	NaN
0.779224086616505	2.04203862932859	NaN
2.26036708683232	5.66392746202583	NaN
1.19088893012233	6.94508786415988	NaN
2.52141796278331	3.24160931974715	NaN
0.11030370568403	3.87195499235445	NaN
0.0285716053289471	2.26311465345652	NaN
2.17914852232583	1.49880492032263	NaN
2.89579363024931	0.368523974237732	NaN
2.98943889706084	2.74809381267715	NaN
2.93599426745209	1.83663923200307	NaN
2.74712507552546	0.69062151416805	NaN
2.96727886553355	1.3029331010704	NaN
1.99717410167148	1.64477020705868	NaN
1.76567867615184	1.12118858124217	NaN
1.90401846696714	10.1703336749492	NaN
2.17667439573015	4.25605359296377	NaN
1.42357951311878	1.66020691737526	NaN
2.65413381197583	5.1832759047061	NaN
2.32925134253234	3.07151789721882	NaN
1.42814731372279	1.90759593965076	NaN
1.57968764704192	6.04679943820417	NaN
1.52466742893801	4.09436535339073	NaN
0.292332412652876	1.23997693333227	NaN
1.23691836572024	5.38562401984811	NaN
1.80743163576203	4.8468420119599	NaN
1.72839355033574	2.00331426281737	NaN
1.55513856672992	0.695042844571011	NaN
1.82366186097379	1.26307216041473	NaN
1.89537663862459	1.21514107721403	NaN
2.97308999806957	2.39684973059095	NaN
2.72836242615565	6.13896203670081	NaN
2.31600629466748	5.47841983693707	NaN
1.07851952311246	4.65736893969786	NaN
1.73410714508269	3.35439906053448	NaN
2.49712906297845	3.59864981843748	NaN
2.43706813993601	1.24048730950721	NaN
2.90450976949314	4.07277389772894	NaN
2.70547011608545	5.42655080747129	NaN
3.04574295173908	3.7188185736482	NaN
0.211739709266103	2.71216785290444	NaN
0.659567368152943	1.55819911403469	NaN
1.14284941502674	2.31929931014945	NaN
1.35904597807019	2.37502887956529	NaN
1.78602034923539	5.58141638997665	NaN
2.08088290336493	7.36743799715865	NaN
2.15909513547269	6.7171865768115	NaN
2.22051185794206	5.17498384789786	NaN
2.73217356992413	3.78412617021177	NaN
3.08414530038501	4.67946776738577	NaN
2.01876573995519	7.2424073999247	NaN
1.50579104766468	1.22654221950998	NaN
1.52818272112732	3.96472909678469	NaN
0.212444772265282	2.31027097491679	NaN
0.0648294371402117	2.10684848415849	NaN
1.99153869533503	1.54994634472132	NaN
3.05731881529148	2.19615319314477	NaN
2.74644905871694	1.98193871288257	NaN
2.68935119174683	9.75276591232347	NaN
1.08775070212153	3.51303993884226	NaN
2.99641065000272	6.67021254957812	NaN
2.25137307902432	9.40335783865244	NaN
0.760858109235766	7.1823329842764	NaN
1.47103330027126	4.0637905319801	NaN
2.3150039730908	4.30872892588403	NaN
2.62309145631938	1.06866991387101	NaN
1.01380198988546	3.31598885576982	NaN
2.15524102363628	4.89433834136745	NaN
0.676631337147408	7.0563932170642	NaN
1.26916637518394	5.30917869443856	NaN
1.37666068121223	1.65742172972266	NaN
2.7001344706931	1.27699502814313	NaN
2.25566427316766	0.951248687589071	NaN
1.35167026743459	3.79124798115083	NaN
1.25223525225998	2.38494181301621	NaN
0.808438584155252	5.25689510974689	NaN
0.380986467366851	5.33747924109745	NaN
1.62902878885735	3.41998345788715	NaN
0.373094891319566	1.62712122393682	NaN
0.00713154071901521	2.59268697554823	NaN
0.360215758013883	3.06342864450619	NaN
1.22749823306138	2.58883683890678	NaN
1.01796616278216	2.87518347249808	NaN
0.45056641262112	3.54016722364399	NaN
1.46711596015655	1.02030868664465	NaN
1.28903188062399	1.32352719009795	NaN
1.2572517885629	2.0623735243322	NaN
2.05753450716235	1.39596662486039	NaN
1.97424755343218	5.75009848782269	NaN
2.0076733436056	8.74589791607678	NaN
1.80144445009558	6.37869033332724	NaN
0.889948419191313	3.73961957176108	NaN
1.0970791646924	3.69371761865082	NaN
2.57994652865029	6.9411430839996	NaN
0.651881032101283	6.29591877853913	NaN
0.448298019523024	7.53993819295445	NaN
0.184366271641736	10.3717899977495	NaN
0.446624776252278	1.28247305400762	NaN
2.01087449822602	3.90801280234674	NaN
3.10235532392977	3.4034966066441	NaN
0.185057929123987	2.04741954860814	NaN
0.000806508081455619	5.96969661143781	NaN
0.0521397407813474	4.17663960890988	NaN
2.75548053812277	3.60841665801522	NaN
3.00343916015876	3.46660247995247	NaN
3.04001839117657	2.26941955079289	NaN
2.77138809078563	2.47942474832442	NaN
2.71618452247962	1.72619479232385	NaN
1.82648818938824	1.36808486532114	NaN
0.623273500583927	3.25927384954965	NaN
0.261517662153143	3.74921764373622	NaN
0.63972498038489	1.35106595242027	NaN
0.639560591659222	2.90158848228929	NaN
0.076920341764588	5.43583550341971	NaN
1.54937123676975	8.86434088748516	NaN
2.58340825168782	5.51197971636549	NaN
2.64130954226321	4.49035979978769	NaN
1.77444705598695	6.21102895809122	NaN
1.82513159216043	5.4663811363683	NaN
1.38579524195679	7.54903142855843	NaN
1.46379373809366	6.03824618414635	NaN
1.65650881999246	2.31238645396962	NaN
1.60260913069208	1.00553102430816	NaN
1.11224962984907	4.31472365175139	NaN
0.233125479149592	9.40228416861365	NaN
2.62780768542109	6.36197781800154	NaN
2.0237704445443	0.898204421350239	NaN
0.942058246726966	2.10305752541058	NaN
0.386040229352467	2.00293252389288	NaN
0.582021347782413	4.19344869079512	NaN
2.05281249176115	6.78969862211965	NaN
1.83870380755798	7.06488382564411	NaN
2.19794210444073	3.34965946911469	NaN
2.34938513447231	0.711889629944181	NaN
2.42567155835879	1.4909705518954	NaN
1.48292914401949	2.9830573136065	NaN
1.12740278060458	3.10769558277036	NaN
0.97528163275589	5.76844035044961	NaN
0.866323276654222	3.28953098108412	NaN
0.774871778491478	2.15733301524233	NaN
0.74356887167916	2.83488413915682	NaN
0.190439269948175	3.89035558159252	NaN
0.141152441157002	2.77781755519886	NaN
0.355236892242702	8.96541929696795	NaN
0.217351098233369	4.8365881924512	NaN
0.957827644792686	6.4023003044018	NaN
2.32703974109104	6.39939023461202	NaN
2.55651581880794	3.40434115726277	NaN
1.31448026485347	3.01695279262134	NaN
2.75876502494147	1.79435983995644	NaN
2.89656511224215	3.85152491652349	NaN
2.07965876821153	3.14736129314869	NaN
0.744134987112673	2.87355363722488	NaN
0.32953411834557	3.74295715318548	NaN
1.71213624611445	2.21072710336808	NaN
2.58759625177496	1.20246890378554	NaN
2.36086783699635	0.840267020266898	NaN
0.203869320762094	2.83153352406121	NaN
0.64697275455458	1.00245503576224	NaN
2.45050743419476	6.52594155731277	NaN
2.17693360660536	8.67636862848785	NaN
1.65686578402492	3.42081558799264	NaN
2.33244584218546	2.05738392039554	NaN
3.04875370474058	0.962992423605106	NaN
2.11362975511446	4.74364396272373	NaN
1.30092819813945	3.22522403073028	NaN
1.43799698999123	2.63204003546773	NaN
2.10315662859414	1.59662706133912	NaN
1.28083988154984	2.80407261223789	NaN
1.76571877181021	2.2982210104099	NaN
1.92907180314716	3.56970192886816	NaN
1.77388814812667	1.20594747376834	NaN
1.1809758338242	6.04037992991901	NaN
1.45580724723968	10.2944908463991	NaN
1.29758760088858	7.1662870564372	NaN
0.34694766304776	4.47764751443773	NaN
0.369685105398537	3.14258802949694	NaN
0.470079718469251	1.3939448934841	NaN
0.486093605627532	3.04031988862266	NaN
2.6780720145956	1.71155577736938	NaN
2.11873528169578	2.00132262691509	NaN
2.10702805745007	2.0430893931393	NaN
2.20026481511898	1.23744065245532	NaN
2.63215573859473	1.32323342120092	NaN
0.83394421100094	1.66850397223866	NaN
0.911413260084109	3.33328114933442	NaN
0.672739745670816	7.71378097953825	NaN
0.0964724453268393	7.83063032741598	NaN
1.74331743924452	7.39923531893941	NaN
1.73545223717441	6.81336759782293	NaN
0.593662028510355	5.99247047215917	NaN
0.267206437228602	5.06676617877002	NaN
0.76276864708522	5.39630939305724	NaN
2.80471071811638	5.65977806787389	NaN
2.44765978401746	2.94392124611192	NaN
2.89548245465017	3.96597137889996	NaN
2.78147995742626	2.64180423120333	NaN
2.90789424397614	2.68880707544056	NaN
2.89285465643822	3.52848191620139	NaN
1.95332741325207	1.39441869877302	NaN
0.238923562577013	4.71025937225727	NaN
0.280611404966803	4.89410982931302	NaN
0.579735956365587	5.20868994247165	NaN
2.02118308692625	5.88268019638139	NaN
1.1480259645765	6.21330928636391	NaN
2.49908485818737	1.03905901827457	NaN
1.42232926035021	1.56166238076477	NaN
1.3627280418942	5.32146567399331	NaN
1.32056410077231	9.29970884047392	NaN
0.420217686258213	2.56092074968822	NaN
1.79683015799323	2.2875496046019	NaN
2.57413266320081	1.0846073896607	NaN
0.101031532938882	2.32609364808653	NaN
0.158190430066937	5.35169600703081	NaN
0.287685982861193	7.29917433005056	NaN
3.01239634950814	4.67463652919186	NaN
2.95335771884788	3.32869375879445	NaN
2.79550718850881	0.855254782050516	NaN
2.74698630921826	2.52668885797865	NaN
1.91201129929674	3.49909644220941	NaN
1.26585656341519	2.11947968724802	NaN
0.916573562516327	0.402412675828023	NaN
0.83039398497052	1.89750039767163	NaN
0.718330852554851	3.06415900332433	NaN
0.788339896991536	6.18001188553379	NaN
0.553560336166667	3.35021154651173	NaN
0.0370133761508279	5.10658265870267	NaN
1.96075471661854	3.22034602160506	NaN
2.16112441923154	1.00360901007251	NaN
2.65344300813338	0.308875405262228	NaN
2.48382259231862	1.681852761784	NaN
0.578899991275145	4.40043196793943	NaN
0.231637867044028	2.39214357851663	NaN
0.195854169634245	5.06744906917489	NaN
0.320489114534267	1.72529220450987	NaN
0.317854967922356	1.85170315655682	NaN
0.547678693523115	0.789483082241462	NaN
1.68820238711196	1.67962691872797	NaN
1.78081602998249	9.28226437954047	NaN
1.59696644435665	5.09680346544141	NaN
1.31311236278727	8.69977457054453	NaN
0.849943250096254	9.98733474261696	NaN
1.62894424111329	8.01291471263061	NaN
0.44424989303384	8.27608297167835	NaN
0.563738929793385	4.8904352912286	NaN
0.714823606443654	1.72854878308642	NaN
0.564654832194455	5.33789803342206	NaN
2.05051952942977	6.57620873645271	NaN
2.67983597431547	1.53534226170581	NaN
2.70988244936553	6.46351413441291	NaN
2.62145434775664	2.79236855600915	NaN
2.85438460902582	1.68138266469309	NaN
2.75108623896804	1.82712270903143	NaN
1.8909096592128	3.06287830303899	NaN
1.52780815432666	5.55289443319015	NaN
1.69040853883519	7.12505620898405	NaN
1.19653910046734	3.18621290164567	NaN
1.2611829835153	1.93223464567442	NaN
3.02759889580512	2.02504492266914	NaN
1.03079162894694	3.39770803754243	NaN
1.39671270727089	4.0669560515849	NaN
0.164739682982622	0.912712632709213	NaN
0.0337745422401459	1.89097845058892	NaN
1.91104638235603	3.51073715275087	NaN
3.13175321208105	1.84546320220509	NaN
2.7674682714202	3.63364618156163	NaN
2.7638901457272	3.69536024932271	NaN
1.95692864422025	7.66717478714793	NaN
1.09815935647647	4.95038220901532	NaN
2.52695179265719	2.5891341791449	NaN
2.19235459193592	4.34874190450494	NaN
1.26522334430207	3.33153638563958	NaN
1.08169106291499	3.71052321801447	NaN
0.574570667682032	4.42639454671879	NaN
3.12955993009542	1.20609396510071	NaN
0.658272066558789	2.07378404958813	NaN
0.565970773945874	4.7423216720742	NaN
0.294060972234091	4.35872131882352	NaN
0.400372465056971	4.67083031301131	NaN
2.4084556003096	2.14879080855369	NaN
2.92298368584083	2.22264607219185	NaN
2.40267001573549	1.92110589428014	NaN
2.46757072184908	1.53826972430495	NaN
2.86522793453273	4.97551877128357	NaN
2.46852851108065	8.25875841563889	NaN
0.922435832641313	4.19717736954423	NaN
0.975335569844639	2.56818587847486	NaN
0.757898576733671	3.04646917272905	NaN
0.419565312152648	2.18897414867063	NaN
1.17847192748287	1.74086694787499	NaN
2.52872120661347	1.40690519078426	NaN
2.50645904022706	1.64111126745704	NaN
2.47955236760239	4.85550243839984	NaN
2.66026866193558	3.75558092790348	NaN
2.52210982406979	1.15572603191699	NaN
1.79418092532793	0.239128519976246	NaN
0.499143918264618	3.6181728879044	NaN
0.284734701555214	1.1100396503158	NaN
0.0141758953713334	2.00488592982932	NaN
0.676558084383763	4.2751522424475	NaN
1.02642664908563	4.26783661636495	NaN
2.25377006975768	4.86509995586851	NaN
2.29594817092602	1.90282271415211	NaN
2.74995498156373	5.74227357856153	NaN
1.16809524067961	7.23579869740617	NaN
0.94655489448599	2.30151958130246	NaN
2.29534497259578	1.19855008204953	NaN
1.05821564595457	3.42470835174359	NaN
1.10297631615254	4.07019034354268	NaN
0.341784649861588	4.77995613351017	NaN
0.408868944592394	5.68025110314463	NaN
3.10784513967851	4.66627056808905	NaN
2.85717725255315	5.23924357372415	NaN
2.9278730137164	6.30307771785094	NaN
1.89153713115332	4.17109972659045	NaN
2.89525905935344	1.15613114523769	NaN
2.33431498006737	2.22470259801852	NaN
2.16168591342326	1.61698147583608	NaN
2.23109155567298	3.03771390712024	NaN
2.08690055714331	1.02508064325666	NaN
1.96605907827039	5.14411022007667	NaN
1.83700452713357	2.0506090773581	NaN
0.980913881662274	1.26061041922397	NaN
1.73390047735801	3.37151128060977	NaN
1.74107095315795	2.14140489614064	NaN
1.51554864078558	7.74207481722151	NaN
1.55319333844479	5.76344645878951	NaN
2.9379436552526	4.72564295652286	NaN
2.18672928339527	4.43921880941707	NaN
2.17300098229263	2.42521548777785	NaN
2.26008994724743	1.7208834886784	NaN
2.16602454998115	1.90409148948266	NaN
2.11051021854844	1.69331554352295	NaN
2.321724945887	0.289495532335763	NaN
2.33098826180588	0.820138189571803	NaN
2.48954702076766	1.41576938237582	NaN
2.33715305451576	2.41297210956515	NaN
2.11865670396568	1.00147866466807	NaN
0.194829593037724	2.34533295265309	NaN
1.23062904611481	4.59377135352606	NaN
1.96697311968452	4.2903616646124	NaN
2.80081105590785	4.03481312922972	NaN
2.59290171832698	4.35199206133719	NaN
0.214342475565182	3.8654003197148	NaN
0.607141787103319	2.55011161470378	NaN
0.0814775189822802	2.62218550892492	NaN
0.499702255289256	6.90909899097494	NaN
1.31968191779079	5.61500493502408	NaN
1.11530483232629	4.45612775455548	NaN
1.816563468672	2.55817512012249	NaN
2.13448596751204	3.53352691365421	NaN
1.85506889660075	1.98377156003945	NaN
1.9846376439676	0.533089152157655	NaN
2.18416064251539	6.77198583797319	NaN
0.580339002866514	6.09176356032458	NaN
0.321693948185807	3.31588119478716	NaN
0.0671742378104324	2.03559051566343	NaN
0.6550802467434	1.73196237861146	NaN
0.6078104267928	2.33109064332888	NaN
0.83074877879258	1.89907883467861	NaN
2.43240248047924	4.11313410097403	NaN
2.08754262052012	7.41948487781357	NaN
1.8521668844749	10.2189008238399	NaN
3.12297872298103	2.57384506380057	NaN
0.16149316185637	1.03390960329413	NaN
0.289043645860863	1.5206216132451	NaN
0.332563939640191	10.2994065398448	NaN
0.222756164624159	8.62518474647506	NaN
0.310338448170029	5.6754274378585	NaN
0.247866594998586	1.49319001039569	NaN
3.11180372673675	2.35127289963332	NaN
2.35354587560547	2.26966376068358	NaN
3.01119940268629	1.96059676189516	NaN
1.72119885319269	3.04613328071044	NaN
1.69601584578076	7.15502799597786	NaN
2.3244619835089	2.69218535207105	NaN
1.45862673523548	2.84726423341004	NaN
1.96641912467135	2.42276205136279	NaN
2.50778521847961	0.574493069078629	NaN
2.35018936775351	4.74085771066118	NaN
2.02408849728322	7.2005040162449	NaN
1.28339975809618	3.87709859535286	NaN
1.59018574491035	1.75982580241106	NaN
1.65499901867422	2.22865509231408	NaN
0.728545333604804	0.831902218145671	NaN
0.47912794734007	2.37594831282256	NaN
2.04560401150149	2.37068750462613	NaN
0.975626216714657	1.51620070347576	NaN
1.07650331196241	2.24369536167697	NaN
1.04454507164728	0.68112656818023	NaN
0.888217492940733	3.95790993089364	NaN
0.865220414928789	1.62503475059851	NaN
2.10543031266608	1.28298241737467	NaN
2.26224859566226	6.41524821463344	NaN
2.01996014422497	7.95668906526016	NaN
2.24612215511463	8.23806030883225	NaN
1.16643592513623	5.83875631879825	NaN
0.587670353298093	2.14447440373961	NaN
1.05940477308474	2.75635173835981	NaN
2.08623864534924	5.69310486572308	NaN
2.06790918642079	6.0848428010383	NaN
2.11946184549595	6.5703651208661	NaN
2.63266901036274	3.52494643100704	NaN
1.85112325691328	4.36336617952654	NaN
0.918007769628222	0.519776086462201	NaN
0.328168513018211	1.48081470756101	NaN
0.334879139646351	3.8076588580158	NaN
2.98332370065992	8.85794423626262	NaN
3.08208352853227	10.4514076820369	NaN
2.47245624972068	1.13860871167594	NaN
2.51114296316644	8.69287043767221	NaN
2.55094713523511	4.6842621905256	NaN
1.56849713956866	2.53185507728508	NaN
1.64304675673746	1.84422910275025	NaN
1.70981490465645	4.69758425576937	NaN
0.657353122313746	6.84237417697569	NaN
1.05550574157338	3.47293732643268	NaN
2.50099716879821	0.38777275088184	NaN
2.95018497664937	2.08776292138303	NaN
2.83169556473326	8.99373490800233	NaN
2.62290838751972	9.35186173503433	NaN
1.14712664366799	4.37857438474007	NaN
1.33317284243698	3.277249621012	NaN
1.518639615179	4.17167742973944	NaN
1.63150390186465	0.32683886950132	NaN
2.00564218058503	2.85418535649139	NaN
1.69233784254149	3.43753478636947	NaN
1.78790379782865	3.6905366901391	NaN
1.29449392414367	4.60193861345038	NaN
1.53447741508507	1.97506538684641	NaN
0.0811584510564458	1.06518926315796	NaN
0.328484722708578	1.46863329017103	NaN
1.03210940805861	2.99125684048946	NaN
2.86007300963283	4.94450158282052	NaN
0.520223065716175	8.14164328404538	NaN
1.35042233856307	5.83080014303961	NaN
0.780549902533829	1.91979041987574	NaN
2.68309105278017	0.277941872855876	NaN
2.59774913240358	1.59446158243629	NaN
0.143783077037423	0.583802033550821	NaN
0.219412658513443	1.35750828498049	NaN
0.425039064069406	1.52730408839879	NaN
0.72808322377136	0.586157495466924	NaN
1.09896697062626	2.38756778443708	NaN
2.27595103551976	1.6021882135427	NaN
2.81684404868746	2.31456543860908	NaN
0.925834217340763	3.8710982983407	NaN
0.118858166732004	3.110072551248	NaN
3.02302405624111	4.35489417540386	NaN
3.06443164531841	1.72023895718206	NaN
1.56720799467981	2.54148404507548	NaN
1.03090140343309	4.26054086998369	NaN
0.55618288675514	1.32442336467679	NaN
0.583161610649947	3.74580763507172	NaN
0.596188531792723	1.9422568745087	NaN
1.61703963978342	5.27224131910644	NaN
1.54758382656824	2.13061793535248	NaN
1.89214617836912	2.78064845373647	NaN
2.39367358355765	2.2330220641435	NaN
1.85176554024823	0.933231567916135	NaN
1.75364529871558	3.48615681416295	NaN
1.43374502677836	4.67109617036894	NaN
1.1605507165001	7.77380595390749	NaN
0.817753520572529	5.84050375297809	NaN
1.13004816239724	2.66081352579353	NaN
2.25802046877467	0.909246041776077	NaN
0.3644411321757	2.99537931382238	NaN
0.446006801643255	4.16505284451353	NaN
2.63571478931985	1.01182674942371	NaN
0.576955633015193	3.4947668627099	NaN
0.599299619969379	6.21260043341763	NaN
2.14967748717925	2.94246633670004	NaN
2.54004220405436	1.85981158884398	NaN
2.91832767858975	2.01169702484094	NaN
2.84173873456811	4.30429074970309	NaN
2.81125947975924	8.45922313980839	NaN
2.87335548345809	7.66269791484017	NaN
1.95918536102689	6.1062599635446	NaN
1.73938457162971	5.97326247925903	NaN
1.49939151023637	6.9626074624638	NaN
2.60483366751011	4.09243042923072	NaN
2.33749241142594	5.96323536501553	NaN
2.04785081640805	5.74258647343495	NaN
1.54822624278257	3.27488026796932	NaN
0.819157344606014	3.55120410957359	NaN
1.27132380741227	2.55967677686299	NaN
1.45265981851564	3.79022437091709	NaN
2.3042595486675	3.68984761614116	NaN
1.59782987892463	4.28757075259478	NaN
2.3098202237029	5.72466259010998	NaN
2.32502638683579	6.45089365810886	NaN
2.01891868858671	4.09632901565229	NaN
1.83153834086286	1.12981126621692	NaN
0.10443971342199	2.55567045989789	NaN
1.28997028524952	2.31079052682398	NaN
2.73196771300961	2.11660094890757	NaN
1.91403557452072	2.7016697469528	NaN
2.2123980792167	2.8365138343099	NaN
0.700358439434594	1.36548398055473	NaN
0.498486622249671	2.63217640974747	NaN
2.24401497625207	5.09746740020929	NaN
2.34619582213409	2.57704834009124	NaN
2.22390583510608	3.51822705835601	NaN
2.29260755352977	7.65150711647278	NaN
0.376089456469597	6.55359043750961	NaN
0.13135527596152	8.51102240699784	NaN
0.462842960413748	7.66772275448629	NaN
0.183252259513729	2.16458771751374	NaN
1.28750018297329	7.47565105770696	NaN
2.16023925031727	2.55292111122833	NaN
2.31088312379738	0.863311220274648	NaN
1.69582244675424	2.94779368112062	NaN
1.95143536403471	3.8190410206781	NaN
2.2194856536081	3.02341399296692	NaN
1.68943332080207	4.18288702415962	NaN
1.08298743343786	7.03686426164913	NaN
0.403828641758234	3.51354109175841	NaN
0.90470786183609	2.29338482179866	NaN
0.982937423210505	1.11114005295685	NaN
0.540061941785275	2.41751214723424	NaN
2.49602998374757	2.41400408177792	NaN
2.89085528280768	1.88976205325079	NaN
2.54662773205665	3.3872130078164	NaN
3.00045079166528	3.49550231120706	NaN
2.55684861629364	3.27462233673602	NaN
1.6505745512965	3.38347273765924	NaN
2.18798611721415	0.857503765292091	NaN
3.12168291125682	4.52727612876822	NaN
3.05087953710104	6.39955737550338	NaN
2.98991509796026	7.14835754369282	NaN
3.04835753128806	3.86213663590611	NaN
1.92734801688006	1.68755871585477	NaN
0.847707284573595	1.71197545150126	NaN
1.06091772798074	5.24557697587336	NaN
0.983530502590349	5.18978344352566	NaN
2.11002343236702	5.1831488611352	NaN
2.58804014337081	5.48199143614392	NaN
2.5174082244011	1.08874526405402	NaN
2.17203506692169	2.03856868776732	NaN
2.19483444824243	0.554398839340213	NaN
3.12208516538376	4.61086098510463	NaN
2.05519211481662	6.8160717611579	NaN
2.23481057044891	5.96811871241596	NaN
2.72510291693003	4.12183324464915	NaN
3.06456841124805	2.65820188096843	NaN
2.02101489530491	2.67746688546201	NaN
3.01129800439594	3.15853813068994	NaN
2.88182649650219	1.48628084012611	NaN
2.22133805759769	2.43131749585113	NaN
2.22932899833662	6.68843266181955	NaN
2.19174355328102	8.05018294247869	NaN
1.09926035379204	3.72183762718828	NaN
0.508153018728529	5.63404659170053	NaN
0.925781544701459	4.37938045392192	NaN
0.822811660792029	9.51419087703323	NaN
0.588120697817081	7.07542797079367	NaN
2.04066282084576	10.3429007603975	NaN
0.575606072739392	2.94672502336922	NaN
0.688362608530462	3.57718500222535	NaN
0.459913661329514	5.37843106668663	NaN
0.290706519930841	5.74394830183521	NaN
2.54923833093645	4.34481669030212	NaN
0.486913094967375	1.39646229509134	NaN
1.53922124737161	3.42297036545859	NaN
1.84063635234154	2.78861943048713	NaN
1.73961209288005	1.75725469730659	NaN
1.83658061544994	2.05669089065649	NaN
2.03304142010229	0.68437298709152	NaN
0.712975384474118	1.93418893128237	NaN
0.277504626807225	3.59888103469754	NaN
0.178006171567304	6.03346467964178	NaN
0.438154224287831	6.95433936935353	NaN
0.16812411072097	5.33108529583645	NaN
0.72934687818642	1.54625593830495	NaN
0.628733219569459	2.320482901773	NaN
0.185766526060756	3.53505258355094	NaN
0.558398001047401	3.91905400890618	NaN
0.316912074297895	2.5024747974069	NaN
2.46596940238589	5.56879589743193	NaN
2.87432909810219	5.6208259694347	NaN
3.14123745076085	3.18372051620741	NaN
1.45778602816255	2.81532592999311	NaN
1.58288981354477	1.17899651079799	NaN
1.81663086363411	1.22682540976224	NaN
1.9195771287585	5.50216089509591	NaN
2.03230388619793	6.72361214682759	NaN
1.79452818707516	3.43593013572254	NaN
2.16308441220242	3.34127477023685	NaN
2.92604141538296	3.3021492942099	NaN
0.325856843593631	1.59908558127333	NaN
0.143423377107659	0.764308886902367	NaN
2.32286922840805	0.384180340683901	NaN
2.52054969258715	5.01480047684394	NaN
1.9852096207464	4.03307569623986	NaN
0.425500702626803	2.08198013255635	NaN
0.885106171869834	1.65816331414183	NaN
1.00085819069792	3.69605594732707	NaN
1.49409353709887	3.17977158833114	NaN
1.59286334152216	6.0056094366329	NaN
1.39434810996235	5.91242087559275	NaN
1.20478615331626	5.55225240183535	NaN
1.63131827705375	5.55768621723359	NaN
1.83527160075301	2.95612271998538	NaN
1.9493267975216	1.45531090570058	NaN
1.3233536480979	3.47127225380756	NaN
0.241326582537542	4.99364973126507	NaN
0.0541413374715126	3.87089096237841	NaN
0.573179752731096	3.00173127656812	NaN
0.54789733287858	7.76574142212456	NaN
0.554294550431284	1.48551596708725	NaN
0.973734049437638	2.2708907485979	NaN
0.062057631706237	3.85192713167741	NaN
0.938714396466432	4.07638593082364	NaN
0.18045274119646	6.18155127802669	NaN
0.134446171405279	6.49768901252464	NaN
1.63183391323871	4.49988015601835	NaN
2.88753067402718	3.13539055991734	NaN
2.94281968956196	2.3489861079959	NaN
2.72578640142094	5.5310314986673	NaN
2.43308114025575	4.88402968446311	NaN
2.0707295043245	6.05942980735702	NaN
0.374943618088706	5.49005882340881	NaN
1.48810709540324	2.43880650735837	NaN
1.41513073709411	1.51136792860776	NaN
1.17489915967747	2.0098532410236	NaN
3.01849907988995	6.63753397073253	NaN
2.61603457400951	7.99210446288703	NaN
1.07276808413136	6.04334852249671	NaN
1.05328107953301	3.76646252076511	NaN
0.207873809113404	4.30988472958328	NaN
0.353341985027038	3.62036011599777	NaN
2.412310291831	5.66936835461101	NaN
2.67087314216525	3.34654412599115	NaN
2.97253498018491	2.27133904917142	NaN
3.01123299472841	4.30401844876467	NaN
2.29680698747123	6.93837139551924	NaN
3.05016792555954	2.47247486873123	NaN
2.88490362470321	2.72303814681252	NaN
2.27424579285727	0.746735318549384	NaN
2.2725130013365	2.55819928305124	NaN
2.77447606881671	7.11837589498025	NaN
2.74257230075517	8.18186218423031	NaN
2.84067768860087	3.38330798760144	NaN
2.09630488607754	1.58232394452464	NaN
0.258502161209925	1.69835646635535	NaN
0.112158226720609	1.96153724004968	NaN
0.141395821004908	2.76974046064214	NaN
2.18886351005056	2.62009191706345	NaN
3.10402730053383	0.406171998794506	NaN
3.00503689907054	8.60672808691001	NaN
2.97385781904814	1.57880622304666	NaN
2.77558477537454	0.634201159454955	NaN
2.30408709930943	1.93497917155314	NaN
2.83088831730736	3.060732674309	NaN
2.9867366258012	4.43378016492323	NaN
2.68091889186132	2.88695253819509	NaN
2.03229970759053	3.37829138570568	NaN
2.35915513147485	3.36674714407273	NaN
2.88815786752027	3.57488670291844	NaN
1.55821379979793	2.5526195459837	NaN
0.447329326556027	1.45639694735735	NaN
1.10275584222201	1.57307697441721	NaN
1.0435125156991	2.23676442836981	NaN
0.739206504797736	3.4936051249696	NaN
1.39225279156829	2.07263386428316	NaN
1.81134843849376	2.06592016590572	NaN
1.41293687953578	1.63284037455931	NaN
1.83696235348454	9.69606869560706	NaN
1.62299525312039	6.91773983854852	NaN
0.651254631977088	7.59738455011986	NaN
0.0938982270995037	9.83470777046908	NaN
2.28941178771839	8.47586711082968	NaN
2.25293896827352	5.13478755142993	NaN
1.31107623274317	5.56928818979373	NaN
2.05508173254739	4.37768787378035	NaN
0.631853961621863	4.61796924757327	NaN
2.06458244461222	6.65868695141995	NaN
0.140205694269205	3.39498151449778	NaN
0.0879203928419125	1.32934396525689	NaN
2.73855986861184	1.98442159451419	NaN
2.82037784877886	0.0719902410248285	NaN
2.84398100611496	1.40321612868519	NaN
2.6877363963235	1.83452578453161	NaN
2.64005522420048	9.03598740019349	NaN
2.5208668514691	8.93460930957419	NaN
0.305768204408456	3.91748740712519	NaN
0.274962786986687	2.76615573654184	NaN
1.08529242342333	5.70504645698538	NaN
0.720146836474951	3.15670523011452	NaN
0.605287143699835	1.88920092838314	NaN
1.42389147068267	6.92910779856239	NaN
1.27305431878497	8.24682298268879	NaN
0.261626415303758	3.45586129418676	NaN
1.60892569680595	3.58202071708361	NaN
1.75385333163133	1.38554212208842	NaN
2.64791592939599	3.57241102947112	NaN
1.88690569479889	4.37985307814384	NaN
1.46869487795276	4.44319405170874	NaN
1.4960644044022	1.83667864579593	NaN
1.1485175782451	1.19368356457585	NaN
0.0682779901408873	0.361791219599335	NaN
1.42270090242135	3.44569168141963	NaN
1.91289192070591	5.34819216577068	NaN
1.3713364461616	3.72163070399521	NaN
0.806979678866235	1.92913522523834	NaN
0.294783509455908	2.16194233285261	NaN
1.76454515811101	4.03239647850174	NaN
2.6420189801363	3.14314484044594	NaN
1.55518043470926	0.395410052846638	NaN
1.63685219644898	5.20872501446898	NaN
1.71633648636075	3.8883845345764	NaN
1.32102897208211	3.01182560062828	NaN
1.78954299044834	1.91856924602322	NaN
1.63882479984978	4.43850794117952	NaN
1.19315814376079	3.16301738044478	NaN
1.6230401369428	4.11609498539823	NaN
1.95116874413037	3.70817387213155	NaN
0.616982281257763	3.26766081967964	NaN
0.713014840063951	4.03311650039054	NaN
1.26790996582144	1.21392014050092	NaN
1.89166405409669	0.911741874134983	NaN
1.84701933807756	3.12025363780054	NaN
1.24756020846993	1.70363506621351	NaN
1.09772529128034	3.34155808495189	NaN
1.19874552642414	3.39298022525885	NaN
0.708801435477114	6.79968431922289	NaN
0.755480561084883	3.63530912580404	NaN
1.26022747301113	1.02129254583833	NaN
2.25844311652262	2.81419284026954	NaN
2.62697578385368	2.61449806996838	NaN
2.01374696355451	4.97466583446682	NaN
2.87457898948542	2.08712558211117	NaN
1.68647466638026	0.815667723296838	NaN
0.0804057061706489	1.05193526984651	NaN
0.690450763803245	1.63269931140984	NaN
1.22433080724144	2.71669882494315	NaN
3.00542852721762	1.88414858269021	NaN
2.30593550240516	3.49081935674648	NaN
2.60830657262149	1.55779948407791	NaN
2.59515453218112	4.39774341227103	NaN
2.83178587119154	1.47937454199	NaN
0.0837930902667249	1.73717024739038	NaN
0.367553530168962	2.6128905111477	NaN
2.06175716830386	1.99093089173165	NaN
1.9554532108614	2.88212446795878	NaN
1.59891599222426	1.94057254857053	NaN
2.08202560493852	1.79165469343727	NaN
1.79296381734667	2.03045251555116	NaN
1.27772598685915	9.84777389232259	NaN
1.27521553834477	7.34889269326339	NaN
3.0561844916391	3.53175964849746	NaN
2.85725512405384	9.27239014885078	NaN
2.41906736155882	5.26728295397364	NaN
2.07418207772648	7.77285911987168	NaN
2.24619949048433	5.86304392345169	NaN
2.92109600434619	2.92275005317862	NaN
2.86803377196811	0.246725979454348	NaN
3.11748288922721	3.18062701812819	NaN
2.99159510639744	5.2895567072482	NaN
0.228276910137409	5.87818528256599	NaN
0.180621683960664	4.8762795981722	NaN
0.141844404067083	5.58899546952844	NaN
0.0664336409014044	6.4463670724086	NaN
0.267791364814345	2.06667283776256	NaN
2.40676474559445	5.379864328102	NaN
2.61287075842978	0.780489559558875	NaN
2.76685075052768	2.46211691106844	NaN
2.85345731123	3.00968771714805	NaN
2.70701860377878	3.83000284660638	NaN
1.1227156678218	2.95588918911473	NaN
0.329299583472423	0.845337859075488	NaN
0.819723891178893	0.898243978238272	NaN
0.131011447685796	2.98534347392352	NaN
1.70607599473265	2.39231374945447	NaN
1.75863636047187	6.53298895610984	NaN
0.532231217691649	3.77490495183002	NaN
0.519974068639555	3.67312768216461	NaN
0.717391590580321	2.18563859310002	NaN
0.526241607074642	2.74926709511534	NaN
1.83117456292418	4.33788123034611	NaN
2.72542834959065	1.85013445232832	NaN
1.00880982811069	4.17668795548844	NaN
0.129327674041541	3.99818433261881	NaN
1.44490793177046	6.54259009520818	NaN
1.14958754537499	4.71851563693409	NaN
0.484133161046538	3.37808922887276	NaN
2.84087973310476	2.73415649034909	NaN
0.619766873465884	6.02853652540673	NaN
0.475231990122097	6.87953367563954	NaN
0.187238746157495	5.79859687318447	NaN
0.121062382248971	4.18305208455946	NaN
1.4105468239778	1.72953461263816	NaN
3.02911364762945	1.12709264662964	NaN
2.70058417919838	0.337257928973503	NaN
2.3352039700057	2.3107328162443	NaN
2.04623152373815	5.6169300291084	NaN
0.878822967878088	8.37439804359034	NaN
0.196688205634505	8.11430757705812	NaN
0.21720428903932	4.12585098533285	NaN
1.54399104881529	0.890357473244196	NaN
0.301073605178278	2.39284628472481	NaN
0.728657056019076	3.42796903155712	NaN
2.3710650208733	1.78790794974883	NaN
2.71817539780532	2.90840861653084	NaN
2.06550119451189	2.27653756572453	NaN
0.061638079244768	0.712298833203208	NaN
0.00611419741553087	1.58129012485268	NaN
3.10537142100865	3.19833063497514	NaN
3.06324502097323	1.78061492830698	NaN
3.06445638779144	4.95025950687968	NaN
3.11813188559765	6.64018551934493	NaN
2.759263673347	6.35859386373012	NaN
2.55863540252079	4.96086674260755	NaN
2.14002019135765	1.73809448818554	NaN
2.18953292914033	3.26603163346352	NaN
2.93780482220535	3.2072622839985	NaN
1.19497183088201	0.828161110280099	NaN
0.641245313715374	6.54389625941628	NaN
1.38769682991672	6.35822884136432	NaN
0.261270125406592	2.13351583176333	NaN
0.0621374480912432	1.44552001554644	NaN
1.17805365089053	2.50402250516353	NaN
1.10680481060265	5.60600124725748	NaN
1.26512141397529	4.56969260763208	NaN
1.37856498394721	6.27437227368502	NaN
1.12835192365575	6.03034524391223	NaN
1.24687254311717	1.82326632360285	NaN
0.896728863475414	1.97621761075977	NaN
0.615729491165777	1.80847598599314	NaN
0.727482132552235	4.087805219222	NaN
0.300860877682739	0.753014428538828	NaN
0.100297186679481	0.894547396457038	NaN
0.0230838891370629	1.41716701170615	NaN
2.08440285635021	3.58642789461952	NaN
2.60615187815117	2.30519248870934	NaN
2.24853340281113	2.37827111208283	NaN
2.11202666862052	2.98331702948922	NaN
1.46024577977668	6.32453453377612	NaN
1.42746942832746	5.65201494448364	NaN
1.95725350366608	4.22211001761931	NaN
1.37510127558926	3.08086675348309	NaN
1.70458902894117	1.41855511091451	NaN
2.07639944879289	1.36636126851005	NaN
3.03783058295065	0.69354508814827	NaN
2.47132505474325	1.44395434369438	NaN
1.29549742483397	1.2826911336688	NaN
1.1936577182409	3.4899934678831	NaN
0.484684693681779	0.942479822730141	NaN
1.00925919591811	0.681461283419033	NaN
1.54112393105831	2.6220114224163	NaN
3.01703600540017	3.07584275421418	NaN
2.68575373238781	4.84135376696633	NaN
3.05557016303107	6.73323486328949	NaN
2.0815701793018	4.25383536575301	NaN
2.13331804064298	2.20272484813984	NaN
2.98395888196131	3.22477167659649	NaN
1.55666892094853	4.41011915360681	NaN
1.4797982378614	2.96638334435355	NaN
1.22724776605822	3.91129776420168	NaN
1.51830701734919	3.10996625394408	NaN
2.74274469855572	2.55642639777798	NaN
1.11686608238832	2.7403863907157	NaN
0.434028315871512	1.38827106444191	NaN
0.35075742790494	1.06713320568731	NaN
1.68970788810769	4.70098268320686	NaN
1.58292952855852	5.32453234110497	NaN
0.491948277956639	6.29894704257237	NaN
3.09865103100647	4.07369371293388	NaN
3.08665020769312	0.502888774288553	NaN
2.81640462185342	3.3361251099026	NaN
3.04095200603929	2.90025802816388	NaN
2.34537335052821	4.0168247648357	NaN
0.515147940893742	5.0033426574223	NaN
0.393694002506867	4.03554481867992	NaN
1.06931951350305	5.44899294919695	NaN
2.19950217429601	1.84572830645129	NaN
0.169053248008729	1.36434218443226	NaN
2.58969060982027	1.75129292850826	NaN
2.94939759145003	3.12105476320737	NaN
1.60875760230433	5.44453782589388	NaN
1.0115532317666	7.71832499162253	NaN
1.96696427724871	6.45117579210021	NaN
0.842453416282652	3.52641526033206	NaN
3.07296857253487	4.79383623100582	NaN
0.297561079113738	6.37864924705213	NaN
2.37680924616986	6.95308092603516	NaN
2.16272991715522	5.48582925899046	NaN
0.0124402105768999	6.98722026678536	NaN
0.858817523389412	0.802093395650036	NaN
0.850841470937479	1.43262251693077	NaN
0.809018950801123	2.12598751961249	NaN
1.06752138239605	2.10818007597628	NaN
1.07397404968415	1.40449125440427	NaN
0.941280877866149	5.02285236761088	NaN
1.07593029144977	2.37693719986006	NaN
1.44563974824796	1.60999527059211	NaN
1.76492274009933	2.15463076557985	NaN
1.13715518126535	1.28729476326578	NaN
2.88060183757431	2.55052126541578	NaN
2.78361109932801	5.17136556561038	NaN
0.643106599605539	5.80456587153373	NaN
1.43624026009486	3.70047537981204	NaN
1.62960599083154	5.38988412341808	NaN
1.24377581832974	4.53882715849987	NaN
1.52614188018367	3.27557204457792	NaN
1.70918680069159	9.59314216436922	NaN
1.43677959850776	10.4315398169708	NaN
0.902553496371074	1.80133551184399	NaN
1.51833896418542	6.53218553720042	NaN
0.570120841814816	8.52152490505453	NaN
0.688791702920252	8.16766268453228	NaN
2.5989508912592	6.61094710497668	NaN
1.81263811271386	2.53358091619959	NaN
1.8396905487629	2.05094408194728	NaN
0.940769666678189	3.280500556519	NaN
0.88312913696485	5.76862470798111	NaN
1.73043407803492	5.87473442587096	NaN
1.47604046289053	3.9190052414582	NaN
1.36619947704037	3.21598904881528	NaN
2.3209564375403	4.67651081427835	NaN
3.12356973018455	5.82329715727536	NaN
2.1744732242738	3.48753699922902	NaN
2.75163661561903	6.28178514496153	NaN
0.565706300131819	3.49998020624139	NaN
0.0363047259375766	4.35882627292118	NaN
1.7133968208348	4.10086284106963	NaN
1.54014064684734	1.72188956438869	NaN
0.0727894068889281	2.25816921670647	NaN
0.340795804843923	0.999008710109285	NaN
2.12994037288531	3.76711055863219	NaN
3.01669213695384	2.2042917033193	NaN
2.01501035515855	1.84323101805333	NaN
2.20289257497435	0.977661416000443	NaN
1.86134318452623	1.21108853192535	NaN
1.83889419163281	2.75740286056395	NaN
1.14067003135423	3.16056277282206	NaN
1.74698080556289	6.4336605227027	NaN
2.15143025273136	5.51389117910368	NaN
1.91924077915582	4.48996633225418	NaN
1.67075525256223	3.43485522820745	NaN
2.6321421732903	2.86294597889224	NaN
2.77646453651796	1.70103583916694	NaN
2.54377796191318	1.72405871795141	NaN
2.18251677162824	1.733212563286	NaN
1.06476497912996	1.78387996558434	NaN
0.303999900430845	2.98457737549212	NaN
2.48283303118033	1.71201586257652	NaN
1.57363497935462	2.78540063000522	NaN
1.93843236453896	1.46791473772029	NaN
0.970355080036338	2.25632210392547	NaN
0.720120810325718	6.88365289996204	NaN
1.10982463588344	7.93159715818958	NaN
2.96874942655316	7.51779222217992	NaN
2.17979948800162	3.90862701931816	NaN
1.88469555539823	1.96324002765246	NaN
2.75653255751788	2.76210814127889	NaN
2.76037157841246	2.99821837032576	NaN
2.1481476125624	0.58970762125285	NaN
0.579700764471335	3.4164241426378	NaN
0.530590344999003	9.77815442546548	NaN
2.44904842199081	2.6039991736319	NaN
2.82463550110765	1.61526608985003	NaN
2.38881177511738	4.827556135424	NaN
2.41071930297302	10.0330196366173	NaN
2.6192568941173	9.74938772512247	NaN
2.70103628762899	2.52100962133866	NaN
2.96930755870893	6.01939288098435	NaN
1.37267601954667	6.38505831940024	NaN
1.05757488996759	3.19562187268319	NaN
0.919601312903547	2.75934594952504	NaN
1.16662147387377	0.966331595767381	NaN
1.6710081409873	3.58097942559849	NaN
1.40520125390105	3.53222651578387	NaN
2.56892883074943	2.60399512017704	NaN
2.19970110518389	3.24271942866737	NaN
1.00647265642038	2.87165165767398	NaN
0.207690993933408	1.35849721442819	NaN
1.34001688387501	2.88504280339343	NaN
2.79163883786836	2.58308558335484	NaN
0.953053898720427	3.04469296584058	NaN
0.0498104752860046	7.43040104238951	NaN
0.381471074204814	7.30425035222727	NaN
0.157396954694532	4.28922308496688	NaN
2.66761917471173	0.676454339093764	NaN
2.94457946077974	0.473302205349409	NaN
2.58671038404609	1.66530281512095	NaN
2.79786900682094	4.96791605679021	NaN
2.88921294117267	4.43396462280548	NaN
2.57560575314541	0.710493243278407	NaN
0.995915019434295	4.69932958336224	NaN
0.259755024503669	1.62535763934643	NaN
0.801426265945183	0.844660513428756	NaN
1.70293356642419	1.14473660756029	NaN
1.08835754569314	4.03220807153529	NaN
1.85766713548123	5.68107930261755	NaN
1.53760714434673	6.07850390411896	NaN
2.07760298844068	5.74350583444315	NaN
2.80667560478377	5.0427808714831	NaN
2.91205858498095	2.61203061814128	NaN
1.19186523554769	1.52275978867954	NaN
0.204342218637358	4.48444821895034	NaN
0.564091507736284	3.78026076780917	NaN
0.597076573830536	1.01735848698266	NaN
1.41683974954339	1.105149928984	NaN
1.78340986625352	0.761756983231971	NaN
1.02845630361679	2.69002293551	NaN
2.56426776012447	2.79442639662467	NaN
2.85538490090078	2.0545655639622	NaN
2.82474171672288	2.41742677378364	NaN
2.67985946746253	5.11655922013839	NaN
0.797436225084814	4.39751909085355	NaN
2.54591684722243	3.82642969479547	NaN
2.83934218047404	2.79174711563713	NaN
3.12459857421782	2.21237048399777	NaN
3.03241438909368	0.518747726728484	NaN
0.0531613769674188	2.19542581310456	NaN
0.233183633874685	0.818877003232807	NaN
0.221183862008998	1.12279772520734	NaN
0.275695482846606	2.01882735091465	NaN
0.706102017935622	3.40584056812699	NaN
2.08024352095327	1.95457257171863	NaN
2.32079827885236	5.23175834727917	NaN
1.94684540189211	6.5844906826142	NaN
2.36649550239424	9.39787563653179	NaN
2.14329445229466	8.31825107363147	NaN
1.44804431758913	5.32144218553463	NaN
1.17542226065637	2.86993349805903	NaN
3.03775460041275	2.06179289200501	NaN
2.9738546451074	2.47925954673134	NaN
2.00624430962529	2.43794135362336	NaN
1.73718764762926	3.27642274779833	NaN
2.7446087344648	2.28919955751464	NaN
2.75383385907583	2.4617520848385	NaN
0.665253365724091	3.03157733755648	NaN
0.14180956137825	0.950316854667004	NaN
0.449650650269463	2.65034117440489	NaN
0.336452449657383	6.4603812610679	NaN
0.927766551147464	6.25130031048224	NaN
0.24167913353006	2.82730014484199	NaN
0.661044497618784	0.46183756750653	NaN
0.381404999887453	2.42792474287326	NaN
0.776882878945728	2.55611800349332	NaN
0.727114760695385	3.66393609826572	NaN
2.11040390653963	3.59985713000572	NaN
2.88950118191941	1.28709329344166	NaN
2.89301424492032	1.24329592389493	NaN
2.70303050263371	0.51268824249758	NaN
1.23734860680493	1.24218109697849	NaN
0.538021011215788	0.713591513295522	NaN
0.395991879716865	0.77588054826051	NaN
0.649737672355983	7.32942342140963	NaN
0.585186861390889	10.4158052353714	NaN
0.0170700172734423	5.57804599561766	NaN
2.68346275974651	3.49982423849675	NaN
2.39770080031525	0.988504789775716	NaN
1.24535054894921	2.55549992046495	NaN
1.34738185612678	4.13841711790876	NaN
1.35345308351631	1.58569239586196	NaN
0.587230369833736	0.852063795849294	NaN
0.514560644973021	2.52883544748563	NaN
0.824019663581615	1.45693408773407	NaN
1.42204706938073	3.94326638424817	NaN
1.39478951689145	2.66953777058539	NaN
0.994162968671285	3.37137507747392	NaN
1.1921882519634	4.4940206314321	NaN
1.24012061690159	6.14826523596104	NaN
1.18483701331894	5.02967968522576	NaN
1.36363391414985	2.60495729961726	NaN
2.41486826005769	1.86894504837106	NaN
0.108422725380438	4.18267221309426	NaN
0.33400894054268	3.92702760913957	NaN
0.247398056920418	4.84525626612385	NaN
0.556207845490069	6.48538733062625	NaN
1.15667911575453	6.4390017962578	NaN
1.0391125400756	1.97026814424875	NaN
1.96907597380089	0.497458241992003	NaN
0.555281293962725	0.87707843167913	NaN
2.66723737911137	1.90168720578588	NaN
2.52079899957761	5.06595964231888	NaN
0.0760652939082373	6.4446752665899	NaN
1.19289024757091	3.4691337993908	NaN
0.963826200670523	3.38534310037876	NaN
0.857747848640656	1.87361336554426	NaN
2.66386275683112	5.10985361911492	NaN
2.25272039991239	2.93422951182026	NaN
0.476569722360105	1.01905873688093	NaN
1.92669510791225	4.53153632896769	NaN
2.20075268576674	5.45337714380377	NaN
1.90251979130621	2.27776054574644	NaN
1.88148058099497	6.45038626261581	NaN
0.856076850465505	1.93051359001779	NaN
0.377791690142481	0.395879657601474	NaN
1.38608504495617	2.63691199740174	NaN
2.79035576455332	3.35918504026289	NaN
2.89799952091364	7.45354471178566	NaN
0.898240788459004	7.50598671450348	NaN
0.467779803013117	3.10337280749806	NaN
0.262068547411094	3.83227541087771	NaN
0.692886765776527	2.98564798183125	NaN
0.796658742925564	1.70540272541852	NaN
0.694610125504105	3.2140387736272	NaN
0.137878333834011	3.70329448041081	NaN
1.86330037804447	1.62034904240378	NaN
1.42789184255356	0.204840859875171	NaN
2.32691861940021	2.33269381627606	NaN
2.79812968832954	5.43916595267252	NaN
0.951173561213417	6.49705014002349	NaN
0.0907086840074189	4.95531341481775	NaN
0.816725686354151	3.4589534992276	NaN
0.870503474965153	3.75762140097501	NaN
0.834656694349386	1.67867989972895	NaN
2.85536156892688	1.70326882032096	NaN
1.64712039502326	0.605202332015504	NaN
1.53456789219803	1.76578291286623	NaN
1.76698039595129	1.27599585906578	NaN
1.45033312829647	0.271208409276924	NaN
1.27308763531022	1.85262372337342	NaN
2.57762813145865	1.13293688982689	NaN
2.20467477213942	2.31904491606186	NaN
0.118956545438721	4.27402267631469	NaN
1.26375969862411	7.03131592168526	NaN
1.99261186359019	6.26266706356591	NaN
1.81089814689397	3.38590673632295	NaN
1.95684712208357	2.11781787560965	NaN
2.99595233295618	2.25574095145789	NaN
1.58282695045768	0.85135333848081	NaN
1.33043419676614	0.601808777122356	NaN
0.672168115195538	1.36209855290954	NaN
0.654935605173894	3.15852819793438	NaN
1.32765993410348	1.59297915029238	NaN
0.0182619685560655	2.48185453855579	NaN
0.0199053450083	1.46340052634636	NaN
0.300008351717892	2.62398708203331	NaN
0.0950609553666779	7.08094748232718	NaN
2.21208800016454	7.39735940302296	NaN
0.0238331453618715	3.32433481655035	NaN
0.757104668684529	4.24811892433598	NaN
0.400422878404875	2.30023894572866	NaN
0.929527092606073	2.51321804296834	NaN
0.195596147103907	2.34397882940615	NaN
0.362957008179568	2.58131734387878	NaN
1.23607398034459	1.81217516456314	NaN
1.35525719800363	4.76603483382736	NaN
2.67549878099025	1.70725117962045	NaN
1.68274599903404	3.09780856386865	NaN
1.68207464836661	3.12267525298319	NaN
1.75041400114692	1.95665950915728	NaN
1.48901860045602	5.21755648487202	NaN
0.831068456720383	5.14692221137588	NaN
0.062041566526138	3.1191118559114	NaN
0.558397482541755	2.45431879205822	NaN
0.300517350918912	2.89067963388107	NaN
1.86960245094626	4.71709560456348	NaN
1.91274046142764	3.75049343659143	NaN
2.84887784886829	0.837739806951636	NaN
2.94475640068434	2.55971916769772	NaN
1.18893244261091	3.06078681959226	NaN
0.538506944626198	2.31142159361837	NaN
0.729749510512852	0.422659701236288	NaN
2.24800291190375	1.41859518885621	NaN
2.58667161027039	3.35747223061868	NaN
2.59431622773585	3.65293581515399	NaN
2.3567904885473	5.63804617448927	NaN
3.07744760551376	7.03943290795717	NaN
3.11764153480989	6.14313035223273	NaN
2.23138989088713	3.37366080085954	NaN
1.58769782406522	0.587410905392594	NaN
2.13102094783089	1.68865221551521	NaN
1.96329302321647	1.84377397178866	NaN
1.46112441746112	1.72641908087266	NaN
0.810221391610171	5.1951494033914	NaN
2.204624472078	1.83527510660946	NaN
2.04061293348863	3.74292879832414	NaN
1.80487601860154	1.74383381050328	NaN
1.59722109046234	1.99092927942036	NaN
0.798466204081532	8.26251814310363	NaN
1.42262978270941	8.88987959319601	NaN
1.57649642520977	3.60534076008604	NaN
1.95667179321412	2.3260436804898	NaN
2.56817297694436	2.68360082607323	NaN
1.34848848064313	1.67091142713264	NaN
2.16724739272833	1.70574648282011	NaN
2.54592289477745	7.21995026347992	NaN
2.2762933009998	3.01886118093654	NaN
2.35451409391819	2.32927310848075	NaN
0.821079148860795	2.8344802985947	NaN
2.84968322631941	6.15654166322577	NaN
2.97879518801442	6.01289940425097	NaN
2.24041221071189	4.85491238261421	NaN
0.18390505250785	3.52411347955421	NaN
0.0640280471265151	7.12712453026183	NaN
1.67822060897991	3.29979132179675	NaN
2.75455362414843	1.87157560615864	NaN
3.04465321409515	0.937420599384628	NaN
0.0555605958675107	1.32084242658861	NaN
0.702472988946707	1.88683836426634	NaN
2.21295827934609	4.91181161659206	NaN
2.26142065746944	6.85471507061121	NaN
2.89078472582411	4.659604667317	NaN
0.63038234809593	1.38461418426051	NaN
0.139548789173576	3.16590926704457	NaN
1.43103955378527	4.94372111048346	NaN
1.0202065978534	2.25981568296626	NaN
2.93519119884296	5.6310499607332	NaN
2.43578498902121	5.28125245888201	NaN
3.01465919959775	4.30271025029258	NaN
3.12431685115009	1.78067618444038	NaN
1.32153899678768	3.06329386113473	NaN
0.625799567691306	4.86532250685049	NaN
0.244336532149067	6.26174090104998	NaN
0.261746393229796	3.25029492180328	NaN
0.988265032743661	3.93223474701105	NaN
2.37725348250794	4.1408367744471	NaN
2.42590889816094	3.96148835900435	NaN
0.523991011621203	5.63990741349868	NaN
0.962026127308221	0.582538632090003	NaN
1.61052072304823	1.39527947064206	NaN
1.5603653053484	3.73175214355573	NaN
0.725595107399277	6.47182971743149	NaN
1.45675149345567	3.52422572022155	NaN
1.89918543073807	9.23727908823199	NaN
2.83204668765515	4.6325554909348	NaN
3.14106315862406	8.19938756819763	NaN
2.28848732228822	8.4392283475505	NaN
0.751307267810596	1.79593900423775	NaN
0.0885601128564095	0.974666465097197	NaN
0.238921100357769	1.08921747398261	NaN
0.107117327865436	4.26521800963187	NaN
0.795686586237078	8.43895370384555	NaN
2.4795962393939	7.21825765246818	NaN
2.8226981756815	6.53549399149312	NaN
2.65302520710831	5.22923781920358	NaN
2.78351519177009	1.57855390707473	NaN
3.11183873256238	0.331353684367253	NaN
0.164414652075505	4.96515021890468	NaN
0.391677081291161	3.24073199013165	NaN
0.389356296255162	7.70708325303658	NaN
1.52662101098808	7.62556205609965	NaN
1.44900150714794	1.52930697916792	NaN
1.04734906002619	3.33024890588773	NaN
1.36165131450183	2.64218120754252	NaN
1.39583743207796	2.52179704596265	NaN
1.40286111302646	4.07390939206969	NaN
2.42172550568198	7.16114577625548	NaN
1.92518096471903	3.85319696986582	NaN
0.236796739881446	3.829453802294	NaN
0.277282501756622	2.11115404193205	NaN
1.53744190664506	1.64803157493958	NaN
1.40108662076053	4.15410572008756	NaN
1.34173615753457	3.16088043683958	NaN
0.709798002098598	1.32442781156374	NaN
0.563482532551114	2.28846255436754	NaN
0.0655127151496139	0.948515319419441	NaN
0.231694356690941	1.63767750665499	NaN
0.261971717815432	2.97557720364104	NaN
2.77524484919648	3.87635622182672	NaN
2.6363094075007	6.07574078618923	NaN
2.56216640206547	7.34501960798679	NaN
2.04530183288709	6.33203171483032	NaN
2.22590547886825	3.01704723020794	NaN
2.75269337520183	2.87402200619646	NaN
2.10261830424589	5.21598822550411	NaN
0.709543767420379	7.07747308575953	NaN
2.35434606870556	3.91630508969489	NaN
2.20791598338976	1.24060355627703	NaN
0.316459332982599	2.42107401310572	NaN
2.43208985087428	1.12424892120808	NaN
0.647238811190041	1.00801282761338	NaN
0.161465089253932	1.20782115719608	NaN
0.671583670471338	2.96935344737479	NaN
0.667301350414094	7.51080417978069	NaN
0.544246581592174	9.88561486875334	NaN
1.76290732151804	5.45137340586249	NaN
1.80242192880531	1.59115307207277	NaN
1.95203689842466	2.28861793268666	NaN
3.03897630168349	4.36142169685288	NaN
0.420941189865598	3.20041098473727	NaN
0.293663038497828	9.57758150418281	NaN
0.228759039962786	4.38552782437302	NaN
0.769521022046605	3.43872338800971	NaN
1.05469414032304	3.86910652926579	NaN
0.96552133786679	4.59455216206015	NaN
0.714566982820649	6.02406285810534	NaN
0.562981534072163	4.98666355335313	NaN
1.33268936191643	4.8180299399939	NaN
1.56127491158572	5.10599194632944	NaN
1.49600192276027	5.28621029941549	NaN
1.79079020244707	7.97923134312433	NaN
1.50388116719298	7.96853187970564	NaN
1.38393917336764	5.21626142018692	NaN
1.64799606302634	5.34201245058735	NaN
0.846982957564313	4.24667243996955	NaN
0.709487130374695	1.42182921941823	NaN
1.14360289886753	1.34613817006927	NaN
0.514070360901516	2.73151577541954	NaN
0.109046989848046	1.77895687522378	NaN
1.23004233504943	5.30052516287964	NaN
1.19139831632537	6.14322809444953	NaN
2.47803463584457	3.26014091166499	NaN
2.43893889528977	2.11421664125087	NaN
1.645991355766	2.45936447804462	NaN
0.805216422879594	3.83493997014461	NaN
0.583323175622929	3.05915294608103	NaN
2.58412960110174	6.56896047288835	NaN
2.5817448513632	9.9014361407818	NaN
2.57010205056165	9.80316812820105	NaN
2.5579196032618	1.19413415895574	NaN
2.46889765905536	2.61832212775947	NaN
2.09976939526022	1.66193388833751	NaN
0.199339348622009	3.98887960858173	NaN
1.2749679137388	4.38741900829908	NaN
1.62185752165388	6.87400181519808	NaN
2.32598404012241	3.67976396242112	NaN
2.42792804929255	1.50927190764574	NaN
3.01515070763598	1.45150769835518	NaN
1.21841969906145	2.22232369073248	NaN
1.97251086374747	4.48529228840282	NaN
2.06160113969355	6.03657871779075	NaN
2.05245972887931	4.12972309489266	NaN
1.08318758353208	1.14476149290528	NaN
0.729427922074271	2.71216337333383	NaN
1.47989887559532	3.12994561242707	NaN
1.70564201113886	0.869628499474937	NaN
1.44526915683926	3.28473090182009	NaN
1.54288507962873	7.24715836488036	NaN
0.27815240724753	6.87111020594711	NaN
0.447471838696808	4.58606221934877	NaN
1.62260849418953	2.31248002531825	NaN
2.24393428607919	3.43285355643981	NaN
0.73770623317699	6.91345707526263	NaN
0.548276339911332	1.71777583146634	NaN
1.54860927423038	5.30740771067473	NaN
2.23490372481736	2.82336475602377	NaN
1.91326006398115	1.79579048582762	NaN
1.85363773143895	2.09294510206611	NaN
1.3991763986005	4.51277314209545	NaN
1.48551281223473	3.79871356873387	NaN
1.50093482137061	3.02956027018807	NaN
0.940883129885181	3.10282172754691	NaN
0.532810444983221	6.17307969124937	NaN
1.94294956929382	2.53873852460123	NaN
2.57500731420932	0.5778502174375	NaN
2.74539360479679	0.313334514672096	NaN
2.32140161070429	3.21100672108871	NaN
2.25570228522316	4.31150173269239	NaN
2.58215378257486	6.07768020805579	NaN
0.12526331817025	3.59451704162865	NaN
1.14952965504077	3.31859873368647	NaN
0.314230853378702	0.598165061317602	NaN
1.12510242028628	2.39411180539808	NaN
1.15387796653746	2.44004075830498	NaN
2.1771179281	2.6195458539418	NaN
2.01548395502457	1.08930911434613	NaN
1.73447119203875	3.64992320581629	NaN
2.36210170420842	1.58420574193252	NaN
2.50575724649952	0.511308092572665	NaN
2.1233107592446	1.06825795697251	NaN
2.55861918079682	2.62212227178452	NaN
1.52760515330837	2.68284465800986	NaN
1.13269912013872	2.9887440646213	NaN
0.0312900974233693	1.35492912178028	NaN
1.9138873805811	7.47231924749729	NaN
2.13606237875505	1.52078419784017	NaN
0.662307525490601	1.54368889746203	NaN
1.38081600422929	0.966404774612001	NaN
2.03833482747245	2.09434874361579	NaN
1.96866577488	3.89559950182355	NaN
0.495319353585269	3.77848521380182	NaN
0.138586990667759	4.02154682723624	NaN
0.342701451716817	2.05865422775835	NaN
0.125536183992884	2.53170312808206	NaN
0.798798734560833	1.88752589144161	NaN
0.2598259058066	1.83908124952028	NaN
0.264518273545148	2.13609647680558	NaN
3.0224172612954	1.08969387631491	NaN
2.46995276249906	1.5261468734595	NaN
2.12952548284946	3.62296381356375	NaN
2.59383527483428	3.87196820256729	NaN
0.860866343185001	2.31211001063811	NaN
0.555015721440036	9.93851215543847	NaN
1.34947485316244	1.23655380072437	NaN
2.42075712554333	8.37104188990528	NaN
2.3312897426152	9.90650930518363	NaN
0.661617071762336	3.26634892806235	NaN
0.855626959183578	7.12346496259433	NaN
0.691754236244694	5.42038843038795	NaN
0.589431609186857	5.88736041883921	NaN
0.87943049941097	1.5019090060121	NaN
0.624192344839765	3.76578499620221	NaN
0.159002514069226	3.8070663443922	NaN
1.75117196399356	2.80523219864484	NaN
2.05432717336473	1.83365081388851	NaN
2.27827665312995	3.55955067283672	NaN
2.8033772948323	3.63191474377079	NaN
0.135471229552322	1.27864786029011	NaN
1.67461410684623	4.10376325713119	NaN
2.40455252363102	7.65782530055341	NaN
1.80380958312112	5.79093335663246	NaN
1.93583524575604	3.35369888877467	NaN
0.421666049674352	2.69754888867196	NaN
1.06979429567727	1.27120310665973	NaN
1.1273051583387	3.51751314203582	NaN
1.02975448997877	1.52603694556227	NaN
1.60934021594546	1.90886157817046	NaN
1.39063459445494	1.75677271776945	NaN
0.479856168850884	8.68953273295132	NaN
0.763186604752619	8.99791634368993	NaN
2.09282879682614	6.00880152060051	NaN
2.31748330871681	3.98600399740884	NaN
2.27125923018914	3.39398831236023	NaN
2.88514823090498	1.61139832134912	NaN
3.09322130374313	1.94871578065251	NaN
3.1148063450379	1.50955129858678	NaN
2.60202739077438	2.99152680340535	NaN
2.45396587902598	1.64607739479536	NaN
0.0275698681756198	0.948061301732325	NaN
0.726443865503765	2.53157437185736	NaN
1.08061367575716	1.58453334617756	NaN
0.469675196773183	1.8029087411227	NaN
0.0279849052512388	0.87851051771764	NaN
0.728107340068791	5.98093231053576	NaN
1.43829153419976	6.87598880663563	NaN
1.14799971332504	10.1937887469495	NaN
0.874008073416407	5.71579315463303	NaN
0.30044968026404	4.63829098367088	NaN
0.832123505498268	5.21447421545508	NaN
0.470886847186218	3.59645849043382	NaN
0.409013132349445	3.70591988213399	NaN
0.573104347045012	3.41322417237717	NaN
0.347081396671884	5.04479313717043	NaN
0.370853784023064	4.9533017578674	NaN
0.902299216207357	2.46548598526845	NaN
1.83545549076769	2.04981770570811	NaN
2.27707394026852	6.76335886861089	NaN
0.622239516276027	2.75023628401927	NaN
0.370299098853047	0.144172442856779	NaN
0.321743448060229	0.206554128833461	NaN
0.508244580166705	9.93893237025292	NaN
0.369579985012325	10.0413266732699	NaN
0.154611661573251	4.9810452758158	NaN
0.280804998218342	9.14940864981728	NaN
0.194495798223919	8.30617619433974	NaN
1.89250886787489	5.96208883283114	NaN
2.67528587839669	4.77884932083329	NaN
2.59881944411544	4.52524117683524	NaN
1.82137195282767	3.67199391809928	NaN
1.86158743815806	4.46240861224481	NaN
3.01268272235021	4.73812597816668	NaN
1.05440402014933	3.31738283582071	NaN
1.20800306249493	6.43089662549123	NaN
2.38176176952572	3.57338898599915	NaN
2.69010907510986	3.07063031793038	NaN
1.31718922463024	5.15132110565662	NaN
2.76643580972685	10.0821040206249	NaN
2.76582769587793	8.58220452679703	NaN
2.75622750757864	9.07355012175257	NaN
0.801196382370386	6.40429032296968	NaN
0.621764316954195	7.20427277183955	NaN
0.870271652966966	3.56115528828828	NaN
0.559253147507322	4.87568907597627	NaN
0.88284559747041	2.42429557969229	NaN
1.2520620881539	3.09692599464148	NaN
1.31267693698992	6.18665764002455	NaN
2.7762936475194	10.0116101711865	NaN
1.3074801837499	9.74699384490413	NaN
0.913317451815126	8.27806186159097	NaN
1.65631621245407	3.36696367248412	NaN
0.487920188120921	1.79919697425689	NaN
0.467031949148582	1.58233130332218	NaN
2.70754246345546	1.35536349808083	NaN
3.0593638751174	5.25025352289521	NaN
2.82028350621182	7.47927441816935	NaN
2.75263821606387	5.06037530207054	NaN
2.16070965191671	1.1600600222624	NaN
1.14833580202911	4.31753021407779	NaN
1.36739013333723	3.72949791445974	NaN
1.53127379111791	4.2214954766374	NaN
2.26658546366611	5.81522869816513	NaN
2.20389301816557	4.88020681574637	NaN
0.595316273694984	3.16809269784324	NaN
0.482481068330531	1.93226577531224	NaN
0.549697682057597	1.27211913888476	NaN
0.507641992227496	1.35111652472036	NaN
2.25480044299171	3.04134877344556	NaN
0.120453676030577	7.55597159037015	NaN
0.511283510620646	7.36051710829841	NaN
1.11287579088501	5.51482550965323	NaN
2.48556142649097	2.66715932118	NaN
2.72193833339389	1.74139672813853	NaN
1.62186517262069	1.77737678499397	NaN
2.31235074152502	3.8520739052358	NaN
2.8893155300534	3.76996839071652	NaN
2.87902167445069	1.19622130519745	NaN
1.62999522373726	4.06950413245583	NaN
1.6962908539074	2.89996469596542	NaN
1.55946773766911	2.10841889534206	NaN
1.80311029932025	0.888626210504717	NaN
1.83388513693653	1.69473692565113	NaN
1.67608272664248	6.16819415459732	NaN
0.949614266415864	2.45819815641874	NaN
0.578961210914065	2.22975506021351	NaN
1.76639170425829	1.62666898206796	NaN
0.50741238321528	5.7008369581632	NaN
1.27333614043219	9.63790782870319	NaN
1.55418768159105	1.92468220442115	NaN
0.563253150220542	6.91511639733736	NaN
1.80154950282163	2.2870302608433	NaN
2.57813133208365	1.38409848478502	NaN
1.79615320046331	1.67122967349109	NaN
2.01933491410209	3.30448474009611	NaN
2.07208670189942	6.50735328035684	NaN
1.08941197236032	9.17413716870865	NaN
0.987319233538198	6.14960553595858	NaN
0.510176598573773	2.40911681559197	NaN
0.358072578617329	0.358405867882312	NaN
0.00930165234321118	1.84012326859504	NaN
0.588203834396357	1.20483586249561	NaN
0.333377372839905	2.72733057521554	NaN
0.553379651830212	3.64993579572559	NaN
1.00915920408434	5.51497351954518	NaN
1.26207758547693	1.64276644063822	NaN
1.52929726258813	2.9255861972214	NaN
0.435147098596773	2.8212569694732	NaN
1.90727133052988	1.09499311715973	NaN
0.0737568755896311	5.44534365860449	NaN
1.62437766724407	9.01930651344099	NaN
1.54419829870701	3.89682149348304	NaN
1.02235550869805	2.26771436589186	NaN
1.97888546136028	4.20600370711028	NaN
1.5180989662243	2.52337852798447	NaN
1.42881102172032	3.08740878031461	NaN
1.23882207990158	2.10216428484861	NaN
0.451107041470734	6.06690266943551	NaN
1.7082489890358	10.2375787803703	NaN
1.55651429401502	1.85200578392252	NaN
0.517892383790882	2.04593476476965	NaN
0.00681929623571076	0.508411595571809	NaN
2.11746656913003	3.86385200539173	NaN
1.14490189694892	2.12212871683543	NaN
2.95605348761131	4.25960036647534	NaN
3.00133205508944	4.32685085630558	NaN
2.72625093650349	2.29809358321147	NaN
2.74690518936308	0.681646114492326	NaN
1.65323899027101	2.52883326360885	NaN
0.546041775048959	1.61599920509896	NaN
0.596922590468331	4.10666017786885	NaN
0.317406248236146	3.58536920412518	NaN
0.869657333143718	0.720892488002664	NaN
1.46310028191096	1.09092971112177	NaN
0.939190404525061	0.309563455731866	NaN
1.14215908014409	1.75523081297398	NaN
1.26118372384298	6.2084462739125	NaN
0.55550395466847	10.0869669756184	NaN
0.843473286932585	9.95075314511085	NaN
2.88453839086009	6.86512523491912	NaN
0.41470283510443	3.74570372569083	NaN
0.331368587312026	3.5095997249632	NaN
1.04933246738135	3.3832009253743	NaN
0.855852476264762	2.04358018170383	NaN
0.401482231533452	3.27220013703375	NaN
1.44542564629629	1.69188630835699	NaN
2.27606728966816	6.72339800179256	NaN
2.3929538566494	1.72652133311789	NaN
1.68062357803359	1.06210205843405	NaN
1.36065928877249	2.32191173357907	NaN
0.311450937105763	3.91306066153379	NaN
0.315377996545294	7.99084905102168	NaN
0.146024569652039	7.37347723247336	NaN
2.99885348357074	4.97810475356907	NaN
1.04048154473499	1.03302186653388	NaN
3.00617557752979	1.79805715653862	NaN
2.09962156662327	1.59497883543031	NaN
0.565497126051154	3.11831885615426	NaN
0.504086097710299	4.3814199493696	NaN
0.454391877938104	3.88985308137861	NaN
2.15476617086766	3.12254996621111	NaN
2.76737008613018	1.21691985580939	NaN
2.81362154448709	3.18979496495636	NaN
2.47393377937875	2.4270166107084	NaN
2.75934862123409	0.45201587099423	NaN
2.85745203650744	5.43773672779941	NaN
1.91398060579354	6.69744893797112	NaN
2.83454703415504	4.31155558728048	NaN
1.46928460566652	2.82147337474204	NaN
1.84825991255144	1.55406077234643	NaN
2.34945702510268	0.680127882917259	NaN
0.528316429065994	3.88549986567447	NaN
0.500078364585531	3.00855165665274	NaN
0.0371793575382719	3.41571936667041	NaN
0.240090838205458	4.42844585351722	NaN
0.262404424692822	4.14867462607367	NaN
1.14055728939317	1.32912335254996	NaN
2.50443698421617	0.50416493160964	NaN
3.09948505033232	5.68093691653285	NaN
2.69901169021284	10.0823441563243	NaN
2.40911031438927	10.2133825056479	NaN
1.7017833408109	7.9271021879117	NaN
0.548989296563187	5.29053192382509	NaN
1.51473828389769	4.43892966795971	NaN
1.43538170494487	4.10641207589153	NaN
0.286188265341329	3.67066509209816	NaN
0.36690688012468	4.9194869848647	NaN
0.460448715394042	3.93588232438738	NaN
1.31289782029923	5.22717091080145	NaN
2.36461762058858	1.62685337092234	NaN
2.70138530267563	2.76970585932588	NaN
2.56838512654524	0.810506856573917	NaN
0.994800344637848	9.81324991768168	NaN
0.225421574255478	9.82380383732369	NaN
0.503954814890377	6.09528990861988	NaN
0.0238618324851913	9.393222194617	NaN
1.2482529036263	7.07450547497522	NaN
0.715168345543133	3.46628329502841	NaN
0.335402389923149	3.72910409294507	NaN
2.19148568978538	2.53795215655771	NaN
1.98255482739817	3.39292406490497	NaN
2.79497855170193	1.34830290172969	NaN
3.07876792147332	2.30844881389464	NaN
2.7074034034424	2.70936736964399	NaN
2.20417526705186	5.31185955563386	NaN
2.594813055916	1.91576202965675	NaN
0.244463776143484	5.37891355965331	NaN
0.188970316320282	10.3692784793421	NaN
2.83197375502019	7.72710775889984	NaN
2.8027877616001	5.29157852718881	NaN
2.92557162726244	3.08834043316284	NaN
3.04168823289442	7.51459155158985	NaN
3.10154695778052	0.979868174638884	NaN
2.67135687643127	0.615376364326876	NaN
2.87512117265017	9.29296072594806	NaN
3.11496710680259	7.17352745089305	NaN
2.8589341442581	2.5927439899023	NaN
3.06753342303586	2.74008031693335	NaN
2.97358647253533	2.33669288387529	NaN
0.0954092947487875	3.41383603484883	NaN
0.72416298744486	6.8198599731492	NaN
0.604426577853756	6.26239600380498	NaN
1.14934782426527	2.04301235426214	NaN
1.15368812841728	3.57625576326057	NaN
0.910679315806667	0.900582480958546	NaN
0.95124521985084	3.19083940578084	NaN
1.72565939219779	1.85041711345628	NaN
1.42571767035809	1.90420265889551	NaN
1.32004005030592	1.40926313327467	NaN
1.30146907229924	1.53752396034278	NaN
2.58176328109884	3.53865013396323	NaN
1.69522503804391	1.03987200009872	NaN
0.97823866127771	0.730815003848603	NaN
1.0312573439606	3.79888748084874	NaN
1.42187469755762	3.2573475057972	NaN
1.94788701304767	4.82400185744679	NaN
2.210006911194	4.46440078427166	NaN
2.34782641986687	3.81542985641573	NaN
2.76094457073994	0.869625165305294	NaN
2.42148804874605	2.63707409027467	NaN
0.494740497716522	1.6407053772647	NaN
0.644615729459479	1.71307735755511	NaN
0.571330777739615	3.29086286100209	NaN
0.47853827688093	3.57445439885177	NaN
0.438351486309053	1.52347123483034	NaN
0.722546669385935	2.47302412590993	NaN
2.09129399566398	1.68421861800353	NaN
0.559398279536832	0.958241063278318	NaN
0.0791692045335574	1.32475346011098	NaN
0.910018592052692	4.41080663185251	NaN
0.267904530688311	4.32325155121067	NaN
2.80484447046808	4.91017279053828	NaN
0.686697383356818	3.66275983458522	NaN
0.660711890241487	0.742496131427085	NaN
1.12469889837872	4.96421716149674	NaN
1.14152460775602	5.72385853088516	NaN
1.67374391723594	3.91789326070144	NaN
1.95601506848463	4.63782305198721	NaN
2.4839366179992	2.53821816229904	NaN
1.84977959233891	1.34984028834646	NaN
1.65347748043201	0.729948959200318	NaN
1.79776367957306	9.8502346227689	NaN
0.059035842898579	1.87256927779014	NaN
1.40807112786633	2.81392483803035	NaN
1.99768407759196	3.03842753076002	NaN
2.16879144329106	1.14075035454354	NaN
0.101184877220207	1.85375730952136	NaN
1.52622484563932	5.30360807218051	NaN
0.715845303033114	3.82488566595095	NaN
1.34799683883284	8.59857529734996	NaN
0.180444238715029	7.72071335395798	NaN
0.319309542882884	1.85020610596881	NaN
2.33936657526059	4.14697831198938	NaN
2.65133639771513	0.826135475225158	NaN
2.24589415251917	3.9181200968016	NaN
1.98514464573051	2.0210284075583	NaN
2.09816728797922	5.25398713319655	NaN
1.90669507478569	1.64969593774034	NaN
1.36174221584527	3.34473488498859	NaN
0.364756971825381	1.58214283946677	NaN
0.389455245287375	0.219689687547719	NaN
0.212094653938459	2.60272299516215	NaN
1.3931715986198	4.59925112527501	NaN
2.58280177932439	5.07513660525669	NaN
2.97812007184378	4.91620675395738	NaN
2.72553125670703	8.12189489316552	NaN
1.64416035571119	8.46562551768159	NaN
1.69211800786674	2.29348081099911	NaN
1.17192318945437	2.33969107034609	NaN
1.56429215140336	1.46905692041706	NaN
1.66622868483249	3.09259414233302	NaN
1.30268386771834	6.89948369648388	NaN
1.57303787869795	6.8432551365652	NaN
2.18616338267235	4.51794522538867	NaN
1.25937777074037	10.2234840747805	NaN
1.10148408827395	8.17892032471855	NaN
0.187696257010776	4.75409402427216	NaN
0.755104577862409	7.04463655896928	NaN
0.955993024561951	2.80649225840671	NaN
1.03480655927974	4.88145432565639	NaN
0.838789091839955	2.66086225065313	NaN
2.13362224067122	2.99169308780674	NaN
2.83828220006537	2.25643277961205	NaN
2.30769369657335	4.75897536073425	NaN
0.000250255703681989	9.28090296511446	NaN
1.24111188835029	1.58136567024486	NaN
1.05478100878936	3.68203319917465	NaN
0.434321889610898	5.42330697579824	NaN
0.964128301519934	5.71191098355678	NaN
1.14364202930222	2.09509535775194	NaN
1.42429789605109	1.30200482844499	NaN
0.951964413891915	3.01126873241635	NaN
0.881503518513665	1.60954470774221	NaN
0.859053581154916	7.48488207444076	NaN
0.443406745887487	4.86356982357358	NaN
3.14040586199943	0.962861296307797	NaN
0.853934539855295	3.32306106578107	NaN
0.958864901250393	2.02816899154719	NaN
1.11175369840718	2.07447205196032	NaN
0.972207689878273	8.7723832369184	NaN
0.699311819809432	1.47480476059949	NaN
2.21781240176966	5.29270629431029	NaN
2.28776808969384	8.28538870969411	NaN
1.9595586980488	6.402912207419	NaN
2.0605525611529	3.6434299050328	NaN
1.78635261483133	0.997123306909382	NaN
1.29331989428614	3.89344487110272	NaN
1.25916257538501	3.77169306227877	NaN
0.396937745826008	2.90714600228161	NaN
0.744910498998818	4.47825452013666	NaN
2.4202939482469	2.30811329602642	NaN
1.40396311983081	1.83951434380812	NaN
0.0691455518931035	1.76322879457488	NaN
1.84995588309128	0.291248425380266	NaN
0.660764718505774	1.52071468390356	NaN
0.825885904519917	4.58364065739398	NaN
2.78667071910055	7.04238465639576	NaN
2.44247913085159	4.75366216986912	NaN
1.99103491411795	3.06586003597751	NaN
2.17109111390927	0.95280569610111	NaN
2.24540719506347	3.49098917263479	NaN
2.12944827734911	5.92236455546354	NaN
2.81947490579926	1.99315466529575	NaN
2.71302686194768	1.90576082295886	NaN
2.36074662728429	3.45818091107665	NaN
0.248097591158828	1.92575723530789	NaN
0.600580666345357	0.855720334642213	NaN
1.5548319777536	1.1089904556534	NaN
2.43205357036116	1.32571112558108	NaN
1.93805685586192	7.60129703924585	NaN
2.29078314037588	6.26380368652085	NaN
2.34200408498294	3.92761890494971	NaN
0.352877691590259	4.32973084024114	NaN
1.77640137462126	2.32282619888536	NaN
1.93836745938865	3.17308724817763	NaN
2.00954129354726	1.64071112852695	NaN
2.45299062599078	3.05706141295331	NaN
2.29435812223214	5.36037640925714	NaN
1.19368006158037	3.13136906469874	NaN
2.73507547273678	0.545253788462259	NaN
2.81904596532871	2.01549493767776	NaN
0.410631921082206	3.76672614901268	NaN
1.12821915408383	1.78083771526736	NaN
2.07684551644415	3.76728649499628	NaN
2.22457448284189	4.86287718163042	NaN
1.51167259898708	0.391124983942442	NaN
0.172446588192406	0.299092153146341	NaN
0.0206226066297049	0.764650208544914	NaN
2.14673612000169	1.25227463444861	NaN
3.03190866053538	0.846948439991205	NaN
2.9273907659058	2.28157399279185	NaN
2.88579861251636	7.30516002865447	NaN
2.79963354506442	1.91798256919444	NaN
2.41207149596832	1.83614453437092	NaN
1.6744581098239	2.48436258956909	NaN
1.93758563856585	7.65023176480394	NaN
1.38504337795733	4.08476681069904	NaN
1.51014385376817	5.84820137821783	NaN
3.12704498866918	4.53423886941465	NaN
0.461311547751492	6.10216459476549	NaN
0.156393256023389	7.87975498321236	NaN
1.62684925727253	2.10395402691199	NaN
1.32006125656958	1.93749326933973	NaN
1.05956607120926	4.1149168449814	NaN
2.48353628790209	3.48872334865266	NaN
2.31236855259622	0.852954258017227	NaN
1.99953880413674	3.25440910083931	NaN
2.96575529529423	2.75181196269855	NaN
0.211556963274394	0.885099878606411	NaN
1.91898668889076	10.0460555916529	NaN
2.96382323398271	8.21461831522103	NaN
1.93626124368957	6.78677251219275	NaN
1.27626366973857	8.56616948209595	NaN
1.40905453507998	2.29449477053928	NaN
2.55962735344797	7.04495013136813	NaN
2.33478943875089	5.32501161279781	NaN
2.44645724684047	7.62460819066323	NaN
0.807166095724337	8.93605390470382	NaN
2.19809384979944	8.62579996041172	NaN
2.14956318151261	0.143542975346537	NaN
2.29087409295978	1.3108558293676	NaN
0.99333788919748	4.78857995349813	NaN
0.807612842452423	2.8611137973762	NaN
0.775437705515649	4.29417042347717	NaN
0.769904900225613	5.73546574729703	NaN
1.60051805418865	3.35155756361209	NaN
1.1954739341941	2.48734673060558	NaN
0.312617162687495	3.57674021830435	NaN
0.758557567132566	1.09559549093197	NaN
1.22955541369751	2.44138418992522	NaN
3.13643389308666	1.77473777363663	NaN
0.287282013878263	3.38319864730875	NaN
1.51521098282579	5.01709139945361	NaN
2.49245687889229	0.553666878749954	NaN
2.36829546871783	1.21055517766291	NaN
2.38519382349337	2.45021350165573	NaN
1.89770499046069	3.58387399631397	NaN
0.848155286883205	4.99271721438677	NaN
0.00811333656591839	6.69160686354452	NaN
0.270465400565622	3.63793622483041	NaN
0.243896649316835	2.80140119945831	NaN
0.792384417206873	3.6615135064541	NaN
1.9040810359047	1.42391996666604	NaN
1.86218201113409	1.62709451298272	NaN
1.7220503171727	1.09097107499123	NaN
1.98728519570967	1.79994504211435	NaN
1.97730921018999	8.99781884599853	NaN
1.96772534038812	2.30817501251995	NaN
0.3612394503318	3.54792625496638	NaN
1.70668921639424	3.22018416407768	NaN
2.15804442336581	1.96578176655532	NaN
2.22791576434247	2.47939912213768	NaN
1.58478358256909	7.70118922878095	NaN
1.23058329759781	4.18084295783527	NaN
1.19831955317204	4.83953293902163	NaN
0.777563397052232	3.33664291409995	NaN
1.68824040913236	8.73190613071341	NaN
1.34293937368912	3.54398064509021	NaN
0.300358055737469	2.16990851263434	NaN
0.575664974178879	3.33698937664777	NaN
1.02158012972879	1.92840104118742	NaN
1.18311623555622	2.13902856676889	NaN
2.19590135566817	1.29750674607353	NaN
0.395552071543776	5.50464171543443	NaN
2.88316517872893	8.41011011106107	NaN
2.95169807178224	9.21747796599416	NaN
1.90063383958168	5.69149646285928	NaN
1.92176532204712	3.77863927292783	NaN
2.33402804948988	2.27505183347971	NaN
1.30163014733009	4.36328755291344	NaN
0.99233196146241	2.95059094011314	NaN
0.36677197560579	3.81034217619414	NaN
0.289014346019784	3.61245297126661	NaN
0.147411644997934	1.11298099126287	NaN
0.487663075405685	1.31248775495979	NaN
0.541908901601099	2.51544176698138	NaN
0.45331608147477	2.93123099562721	NaN
1.93299915592705	0.199965426986419	NaN
2.0775966208858	5.55599280842783	NaN
2.9469509354921	9.37222636035233	NaN
1.26257191803591	4.66271806986782	NaN
0.27785718785835	3.00332627714678	NaN
0.0395850574516364	4.27679768992391	NaN
0.16059478075588	6.31395103522468	NaN
2.884689142567	5.71349187146273	NaN
3.13306224885421	1.56959169956792	NaN
3.00802854676704	1.50342971738901	NaN
2.17035248107146	4.34632285480536	NaN
1.91927366366519	4.11197239392533	NaN
3.02972730655395	1.39855684717955	NaN
1.22836987997198	1.01887623039013	NaN
0.407803881602942	6.29659706237388	NaN
0.577735931778964	7.64612381964754	NaN
0.62897414431259	3.49804737906237	NaN
0.906896364094906	0.271433086070532	NaN
0.314201192769191	2.26921264010475	NaN
1.43676423308614	2.44069913692989	NaN
0.139339105032317	1.4548080990586	NaN
2.02270444848907	4.89339765601772	NaN
2.14651951303873	7.25121546518682	NaN
2.27131864913946	6.83431249997071	NaN
1.44347068961415	0.875708603066542	NaN
1.4252586690994	0.733871546117166	NaN
1.35622816687612	1.38559083927343	NaN
1.6808511145654	9.82645652444579	NaN
1.15658912125132	2.32453648944889	NaN
0.115744669859178	7.20956491259109	NaN
0.869379783317902	6.33103835502079	NaN
0.623017889639381	3.48400267550822	NaN
1.42896559048797	6.80911655619818	NaN
0.807595115161925	3.68844266113651	NaN
0.391910296573896	0.342230233422542	NaN
0.20521712416393	2.05076931153609	NaN
0.215165955295333	5.99218989180015	NaN
1.26654495347352	4.96958034502403	NaN
1.39665045614485	2.30123602153508	NaN
2.96843227888314	2.39619499279668	NaN
1.62429336796272	0.68743935789561	NaN
1.86102604027095	2.25818075297998	NaN
2.02657385376101	3.16264395580105	NaN
1.61523746658962	7.90100770240565	NaN
1.4369459503405	9.11847650543306	NaN
0.390795573677171	5.7352918076687	NaN
1.04704871422776	5.17356862691262	NaN
1.84901734457668	3.22747274023509	NaN
2.71325892572168	1.42648898014784	NaN
2.89852634260253	2.15620173393733	NaN
2.54222927084674	6.60808181458388	NaN
0.158036643401217	4.94941968246134	NaN
0.181055712591364	4.41316780181009	NaN
0.641661166065898	2.41455140863574	NaN
0.645885946298621	0.37715503048296	NaN
2.52658896889798	1.47156980308371	NaN
2.0510381093095	8.72100020432653	NaN
1.78472168308189	5.79579041789094	NaN
1.09642322482911	4.60519240995448	NaN
1.72435475857254	4.76981252466242	NaN
2.62571155975624	6.4454529338464	NaN
0.460553217589736	6.50305564389944	NaN
0.22842601828442	5.88479273211095	NaN
0.994500439905486	3.12303534363916	NaN
1.04446698423907	2.51415891625888	NaN
1.03374356380421	3.22733092009963	NaN
2.89291677552489	0.882245605706068	NaN
0.0175373478951814	4.74021963562646	NaN
0.359075635535478	1.84124082663075	NaN
0.0338930211075725	1.41149116923848	NaN
0.0653395394383524	1.55880384001816	NaN
3.10438743078171	1.0776526550559	NaN
2.76514656574	7.81157562378182	NaN
3.06538105459004	7.88840505936883	NaN
2.86503323355554	5.23484112215921	NaN
2.66528819075368	6.03670351163369	NaN
2.86699496013955	4.25911457906971	NaN
1.21624601795685	0.326150394876533	NaN
0.686279429797841	2.06730526892058	NaN
1.51229383359008	3.48256102436335	NaN
2.68135236742216	4.04110997052829	NaN
2.27898523613911	2.49958165794512	NaN
2.67753132939814	5.41340607719111	NaN
2.26360584265082	2.58958931886542	NaN
2.2625537489569	3.47688251599675	NaN
1.1461791594529	3.85565158697238	NaN
1.13809011477971	5.26593593917177	NaN
0.248557769192681	5.40799973585647	NaN
2.01375511036048	4.37998346212661	NaN
2.19001945707311	2.48362577077574	NaN
1.91675612581963	2.0239952342571	NaN
2.28866711405715	4.55133245865345	NaN
3.07124690549168	4.68649417813434	NaN
0.0505727809870197	4.66319369429201	NaN
2.36255287449475	6.79995734491516	NaN
2.8021481697145	6.90348281908132	NaN
2.92275167244331	6.64485354997933	NaN
1.51820096632627	6.26734500915273	NaN
3.00574217370677	4.92552013792673	NaN
2.40373805637895	0.546096047240375	NaN
2.21975055286963	4.77446681232777	NaN
2.67628171037569	7.29795195721104	NaN
2.64710464828522	6.14807676103353	NaN
2.49739388143554	9.4525630321277	NaN
1.23223431607722	4.38513291684635	NaN
0.0756270219635816	9.81736782709178	NaN
0.597610768537454	2.49498004645115	NaN
1.91448082432322	9.03473606400907	NaN
2.9479855903664	8.82560876784884	NaN
1.85242807564408	4.04483584419336	NaN
2.32350789470686	1.30411856280472	NaN
2.27945603103718	1.58903268479361	NaN
2.70382585224563	0.737301241579887	NaN
1.96885478441127	8.09818309275987	NaN
0.667985099202468	7.59700455632179	NaN
0.589883319469209	2.93448763791557	NaN
1.01747456695688	4.3642262988568	NaN
0.394770796752338	3.57129385913064	NaN
0.382610339627927	1.66833966880611	NaN
1.67967176716116	5.63247225452089	NaN
2.25185997789851	5.13921906744602	NaN
2.32667706367082	2.5811757122702	NaN
2.42330963020413	3.77150995175646	NaN
2.4079198038305	1.70515207820013	NaN
0.67011354770644	2.4075492767729	NaN
0.589290007763589	2.66089170806534	NaN
1.30926438357454	7.0267526942029	NaN
1.46947502192222	8.2367920772548	NaN
1.42209204126564	8.25236471670436	NaN
2.13668102085573	7.32050025637438	NaN
2.33530246363379	5.7834824010296	NaN
2.74492352401429	1.83546574648843	NaN
0.638876625774721	6.44249644592773	NaN
2.81972237823717	6.49348716760141	NaN
2.90915260663141	4.08869408719281	NaN
1.0967886447653	5.5141433631417	NaN
2.58656717102978	0.9691724644846	NaN
0.42074012999415	1.47380725143787	NaN
0.0339939133966995	1.8594765863475	NaN
1.89154350868741	10.0587123549686	NaN
2.79762711214841	3.27212435402629	NaN
0.762906525526577	7.17417517105745	NaN
2.72356103627325	8.1849951696849	NaN
1.98677833031869	5.30598094589453	NaN
0.304893536432759	1.98087865118478	NaN
0.0785641523543838	2.46668811615725	NaN
1.80676961983742	4.6853733429654	NaN
1.61951170473895	3.04432238045477	NaN
1.03508257860258	2.0275683550151	NaN
2.29093833949738	1.39551565958316	NaN
2.23443523062799	0.751390794438939	NaN
1.18698829664194	1.54970647099999	NaN
0.858176096901115	0.566791570530624	NaN
0.81260640463692	2.72447940237272	NaN
1.08977333584253	3.25106167080935	NaN
0.666530185897244	4.67371288375295	NaN
1.22966310568351	7.72976990802508	NaN
1.1456369603476	6.37904252655415	NaN
0.154803275817306	4.01241600755316	NaN
1.13615174434182	1.13469031823035	NaN
2.16200943096679	1.39786389198929	NaN
2.22063328665269	1.43814868879468	NaN
1.04776991921729	1.34823475229684	NaN
2.02951939135763	1.36272226911743	NaN
2.98033316581696	0.448595223279093	NaN
0.0299622171100574	3.8320159053048	NaN
0.121534572759415	3.87240741726322	NaN
1.71855713648676	1.08571108599512	NaN
3.07318659770851	5.00270376007714	NaN
3.0517793670731	9.03107816875045	NaN
3.09515910375654	9.20022773743153	NaN
1.5599210629036	5.58938183863725	NaN
2.88040999216257	0.46148260596296	NaN
0.449974029586463	0.776142093887692	NaN
0.841910336068601	4.79689557523212	NaN
2.03205014192712	8.23637313740334	NaN
0.977072911378339	6.43765178106135	NaN
0.8324568966707	5.90559664108734	NaN
0.0695052188816078	6.53758062982684	NaN
1.58853155856681	3.41597738572792	NaN
2.53591455641202	1.14966568491346	NaN
2.69703978995495	3.49375205662818	NaN
2.83400699331507	1.74414151623263	NaN
1.24458469990821	6.49969619941188	NaN
0.65834696293862	6.39012027173763	NaN
0.267938009460208	5.44788828943688	NaN
0.0411719004620084	6.59011468098363	NaN
0.320688519177956	4.50889731318318	NaN
1.88366860238091	4.32590618022673	NaN
2.44921751119956	4.72210433943395	NaN
2.37254511175125	8.07581266426757	NaN
2.10435699220658	6.25763120669725	NaN
2.68119868901076	2.51137559771115	NaN
2.9589517520846	2.83314369451216	NaN
2.71203640963792	3.63074816527594	NaN
0.0890449141594756	2.34857811500648	NaN
2.11053124082877	3.88970551441452	NaN
0.0129316733113276	6.10764582637275	NaN
0.165251507373904	6.76173618732634	NaN
2.58849095915578	5.89345946861526	NaN
3.12026856806262	1.85260840219121	NaN
2.86210361017169	2.69417724035195	NaN
2.75728225970435	1.36255707160489	NaN
0.80227436920602	1.1389301468659	NaN
0.655875893053836	1.27555505219823	NaN
0.102093933190808	3.16311621858459	NaN
0.396331840446474	4.32922943091144	NaN
0.525576423518437	2.80880361700503	NaN
0.838618309739356	1.58002627796575	NaN
2.23644258349759	0.674016099762188	NaN
0.148210530130297	10.2323595257824	NaN
0.0748789724060227	7.42120378771464	NaN
0.0570564067218576	6.43438494778933	NaN
1.50834751498368	7.91346052369193	NaN
1.62051360891573	8.47602194194425	NaN
0.781466267305093	7.33824044050288	NaN
1.00254090868458	4.47639615930092	NaN
0.714823525130758	3.20838656815354	NaN
0.297975094010933	5.14707347444371	NaN
0.127642486413945	5.15108786095057	NaN
0.0312322881514915	5.24784341437294	NaN
0.0182679420132792	4.17996360254511	NaN
0.277065657836029	0.445000410512081	NaN
0.396119296352552	2.26778317478995	NaN
0.148675590729305	1.70702554435535	NaN
0.233704299798149	3.80338733571265	NaN
2.22837551109554	7.32676765675797	NaN
2.11192792658447	8.78040235541287	NaN
2.54149996890951	4.7628298497306	NaN
2.66602899316389	2.17180405404431	NaN
2.65415385480214	0.940045209924444	NaN
0.907959231477305	2.36949233305757	NaN
0.300242479400746	2.45181457128587	NaN
0.572607189449822	5.87242629687814	NaN
0.596834354025075	1.01606272671468	NaN
1.19052427423927	1.80794602194103	NaN
2.50353123243914	2.42940809764975	NaN
1.6997053176714	2.91898770992848	NaN
1.67485437416088	1.49969963007329	NaN
3.09447505474547	3.43103842437888	NaN
2.35919089899089	5.59774986983602	NaN
1.93747320105707	6.34594205383614	NaN
0.310303346746729	0.517627308254907	NaN
1.92020089841551	3.22323279963536	NaN
1.9220478884811	2.02801560337184	NaN
0.889931954247184	0.539401132451982	NaN
0.905466787170593	2.28033524524465	NaN
0.274123937106223	5.85684334803386	NaN
1.05321229294424	1.98139647735811	NaN
1.58589235082829	3.13483579915889	NaN
1.36553517771333	1.8999718270659	NaN
1.57934940439683	2.17338387347893	NaN
1.38629707457039	2.08356656841186	NaN
0.347315543888873	1.15616708818993	NaN
0.436855287210283	4.26682229327297	NaN
0.250488389675617	4.36478780675764	NaN
0.471348030685466	2.87212089994182	NaN
1.60244381470366	3.93059713459189	NaN
1.60192072353212	2.92421193571242	NaN
1.9658017305671	1.88589423260448	NaN
2.13729483180916	1.33269656297758	NaN
2.2554441839552	5.13120252905816	NaN
2.36857778117135	5.1479106448703	NaN
0.63036959623348	5.64384683415021	NaN
0.683763359019089	1.92912834146198	NaN
0.799045269768212	1.5722023759895	NaN
0.521752370311669	1.94550292779381	NaN
1.64771283482684	9.82777005519941	NaN
2.50549863868453	1.86842666065095	NaN
1.93878430969853	3.49898698042721	NaN
2.15283214707537	4.74431332929528	NaN
1.22828452340029	3.62389294877281	NaN
1.00031077177631	3.90984348610686	NaN
1.1747111204475	3.81483114122982	NaN
2.04005374144079	1.1981895582738	NaN
2.3384299181588	0.5806687423825	NaN
2.9883815285266	2.57390708056312	NaN
2.73437527361643	1.64494299236292	NaN
2.62276852701223	2.02069502016459	NaN
2.40384622905182	3.19488785657081	NaN
1.98569452613127	1.80893013874163	NaN
0.4299416454428	2.70367071661206	NaN
0.696273155225233	2.62693455538636	NaN
2.49867747381116	5.02468390129578	NaN
1.95783663340277	7.23339000057019	NaN
2.75091196302487	5.03993793790048	NaN
1.48793861048256	2.24518251307679	NaN
0.686274667297556	2.70261160639533	NaN
1.09979269414277	1.38408850372893	NaN
1.76804486431234	4.31055384426395	NaN
1.86534917347038	2.85463118730623	NaN
2.55775162904583	4.45994748715994	NaN
3.0993012830727	3.75523549699955	NaN
3.10559227022982	2.46782371189406	NaN
2.92645564945141	1.92698959599601	NaN
1.76055058162752	1.58686413153529	NaN
0.42920649052182	4.36842397710205	NaN
0.0516003256735497	2.92491225899448	NaN
0.106344780707246	6.62955431905156	NaN
1.28462360693614	3.43401703850347	NaN
2.02043321440201	1.36985158825112	NaN
2.82944296649476	1.16729246800166	NaN
2.37167572884834	1.14977736521432	NaN
2.06672973964927	4.08179646769793	NaN
2.82813325077725	1.35040383723921	NaN
1.89719834897848	5.82179167500729	NaN
2.15225662596417	4.12765355441621	NaN
0.447942485591008	0.751219871859374	NaN
0.26480652873709	1.96453298259678	NaN
0.0689197098946229	0.247533373100547	NaN
0.144789689823422	2.77414560642127	NaN
2.49997465854376	4.3406389364368	NaN
2.23701338881823	5.34936965807426	NaN
3.04702885048924	2.47862163980319	NaN
2.13314520964852	1.30071106647574	NaN
2.12289787352373	3.68713277347071	NaN
1.54360359101669	1.70183063931935	NaN
1.6702081593899	4.47832255996085	NaN
2.5719389621485	3.74449851923588	NaN
1.77379137689619	1.96742043957176	NaN
0.835501990517346	2.03748617646794	NaN
2.78791843394445	0.924736162689153	NaN
1.6442333300228	3.22658710879526	NaN
0.401270528831734	2.59191341589216	NaN
1.07159372760565	2.60910780230757	NaN
0.840896317971442	3.62118606439936	NaN
0.669060504144968	7.96621068967284	NaN
1.77223217362103	6.56018142585546	NaN
2.95598492522549	1.24084328596012	NaN
3.01112571128961	1.40647309187887	NaN
2.93929468495252	2.51762027444929	NaN
0.859888195692338	2.68901856582035	NaN
2.06968204707353	0.865129072302299	NaN
2.90853640163465	2.87015999605991	NaN
1.13531584668166	2.09110734914516	NaN
1.85096354318509	3.67036106330356	NaN
1.22452818859681	2.09228774928429	NaN
1.31875662237346	0.884184209836326	NaN
1.13718397684402	2.41291718438294	NaN
0.966473660403504	6.70848044356252	NaN
0.928396148437057	7.25244689354737	NaN
0.0275344721312545	2.68523828867586	NaN
0.118433901249155	1.18617323950595	NaN
1.88663332648404	5.24488361149821	NaN
3.06459703805254	5.38942171429703	NaN
2.94077001034506	2.98460608201324	NaN
3.09435754999511	3.37689967944363	NaN
2.30992910790885	0.772136707038774	NaN
2.64494944151335	1.07194023513609	NaN
1.81451023390271	2.11055070419894	NaN
1.27818152329693	1.74660098560516	NaN
1.07272394495206	1.31161178048615	NaN
0.0265060688083751	4.16676035730537	NaN
1.92041847371911	6.69896248369698	NaN
2.6021915729238	9.16297898337598	NaN
2.14461184443232	7.47108287638008	NaN
1.3069640206332	5.39181584022324	NaN
1.22926000719478	4.47087724367601	NaN
0.687684448351915	6.49025363640828	NaN
0.850077387209123	8.36739284898865	NaN
1.33995009291152	1.51972150828972	NaN
3.01684202845198	6.11607042164322	NaN
1.49425714630416	8.2661044874819	NaN
0.691222133744621	0.806889041895596	NaN
1.60673276584392	1.97180100168224	NaN
0.148800168083659	0.544703981301732	NaN
0.0685013086510945	4.89290895337885	NaN
0.210822243235476	7.27198000413644	NaN
1.56342015008057	3.90937820656581	NaN
2.10170162930092	5.12739870931429	NaN
1.41836927016987	2.07039127741313	NaN
2.17917166379981	1.0997568057028	NaN
2.03317879353576	3.42528622455892	NaN
1.31160332476214	2.59299798003704	NaN
0.993334831375664	2.44534273750594	NaN
1.87691894195118	2.26966032281782	NaN
1.53447824548918	0.813802833142472	NaN
1.58704825735084	1.39232605242009	NaN
1.46945162372655	0.472352453696465	NaN
1.09495471519756	1.77562987180294	NaN
2.30451368127204	0.130410539367629	NaN
2.46284777822649	3.07611250322865	NaN
1.86184731404491	4.39910387919303	NaN
1.38959716171558	4.25141951774981	NaN
0.646573001965841	3.69424741150657	NaN
1.82805314267004	3.99484907823305	NaN
2.55126501018155	2.44080534144427	NaN
3.05100446651591	2.74594985192119	NaN
1.89032898570472	2.84193265827868	NaN
1.83687372582246	3.29788601143997	NaN
1.58247806522544	3.04309112278114	NaN
1.44096544650114	3.06778297726951	NaN
1.15803287167489	3.65075369186149	NaN
1.00358959627545	2.77989816975	NaN
1.20813264589225	3.68632515927534	NaN
2.01434285807573	3.6414547360649	NaN
2.49987447597311	7.42018202999839	NaN
3.03188955740063	8.70216649536773	NaN
2.85544581283733	7.4056909036243	NaN
2.96383130200233	5.23371079446122	NaN
2.62103480191425	4.18344930384214	NaN
0.00477387865944195	1.66027617604846	NaN
0.121352246969681	2.39689734750307	NaN
0.171588315330143	5.15368133885204	NaN
2.51171905638519	7.60270161962716	NaN
3.05175305908887	2.80065034664317	NaN
1.06128768418887	1.22387451455465	NaN
0.315030808778504	2.34076010395287	NaN
0.163784948025012	2.19167065096038	NaN
0.288459230912494	4.6571486018358	NaN
0.357212409969368	8.49448945280821	NaN
0.102637593451682	4.39988239543355	NaN
2.80626657532299	3.44752677558637	NaN
2.93209808772009	3.78299873799867	NaN
3.07794782722261	8.20975446839791	NaN
2.73329622245763	8.37745909286675	NaN
2.20717819488709	1.06505115113427	NaN
1.54731916452176	4.70713731443104	NaN
1.88706913792853	0.236925000200802	NaN
0.911334840798462	2.54208194195361	NaN
0.0570472865530045	3.67040864957882	NaN
0.046111768996716	4.52729048005359	NaN
3.05529639611735	6.18578357327871	NaN
2.78070342155497	9.06983381258854	NaN
3.03757641174281	5.4421458176092	NaN
2.89644195865971	5.2190623182269	NaN
2.2657293987998	5.1387487177784	NaN
1.51611802809901	2.2819626509607	NaN
0.733542089166999	0.777635038259495	NaN
0.48379285967473	2.89100188321505	NaN
0.89583661909299	3.47440900729661	NaN
0.385582450137487	3.94398383447473	NaN
0.192938794927867	1.63534961971395	NaN
2.18132046453975	0.318542973791687	NaN
0.0621618332295131	1.15873156279919	NaN
0.046828993104513	0.449044479135651	NaN
1.17302936996452	7.01815758547084	NaN
1.13456409753373	6.22112860744351	NaN
1.29382567407875	2.58268102180434	NaN
1.8996131407614	3.85995776151331	NaN
1.76885442814345	4.39582139704531	NaN
1.57495151948407	2.00683626147254	NaN
2.27049211837021	5.68458784535359	NaN
3.02562419459625	3.37262247316161	NaN
0.886228305974998	2.18993393455821	NaN
1.84309914117384	3.86584107767431	NaN
3.04025892156821	2.83551883820905	NaN
2.31408437332728	1.34783841155535	NaN
0.75837212405548	5.6055434287919	NaN
2.42450428043904	4.9187024849694	NaN
1.81872574838502	6.49039310003022	NaN
1.66121905651955	7.20868601919113	NaN
1.31950038584582	3.46758969114123	NaN
1.32211394001956	3.07306992223962	NaN
1.86871875988617	1.43722101175526	NaN
2.02555221460745	2.96058095002673	NaN
1.97441450874834	2.77551312462076	NaN
0.0271339039151681	0.6321502406349	NaN
2.98367875895985	2.98473946309785	NaN
2.582807056229	2.31669243213986	NaN
3.08669559029542	2.21064919012334	NaN
2.92040992032644	2.1144520397697	NaN
2.35295462533368	2.61576641875833	NaN
1.73461362456662	6.97958147639633	NaN
1.38438168357748	8.49860844109596	NaN
2.89077714369823	8.0768872741482	NaN
2.74630008493258	5.1468112020862	NaN
1.83923142257444	4.3123512210607	NaN
0.228199512158105	2.15046758883581	NaN
0.267675473888206	1.48658402071	NaN
2.22346477834926	6.05159356840452	NaN
2.53760046800554	10.1782802241835	NaN
2.77890493658525	8.45093882948508	NaN
2.79811132397193	5.3815687583678	NaN
2.70211561060589	2.4629995908199	NaN
2.85330052966349	1.91811506168641	NaN
0.5894909042265	2.76110613327703	NaN
1.8496105019032	7.72604738952165	NaN
1.84331031871509	8.5378918611989	NaN
0.702711216071522	6.04127341094951	NaN
0.612450812253737	6.17673676327829	NaN
1.96896815401778	6.94184544904735	NaN
0.442468943168178	1.8567930431344	NaN
0.433478453763221	0.917009658266289	NaN
1.13526012767679	2.12125278933299	NaN
0.920787035145771	2.65264733933399	NaN
0.874073985468379	3.88001300444295	NaN
2.93462464110927	6.62609648635334	NaN
2.76296862128233	6.74551395839886	NaN
2.04192361995303	5.4726051670661	NaN
0.850888632050082	2.00683948560492	NaN
2.5876128442367	4.37209346479169	NaN
1.73681863957668	3.65092997196361	NaN
1.39908759632962	2.61834153147369	NaN
1.07538454595747	0.733403993461799	NaN
0.66200884108405	1.33696868679033	NaN
0.879777105721755	0.87056936901956	NaN
0.521530849377028	1.41437179376514	NaN
0.523395637253454	2.65465075888421	NaN
0.0972840219172708	4.03156111471208	NaN
1.14135396618078	4.5277824380771	NaN
1.00747009796988	9.57819361718336	NaN
0.159872286189096	4.13642379846188	NaN
1.13189065407091	3.58731097389413	NaN
2.09029786502476	4.8994184444123	NaN
1.80125963282711	4.02452202659988	NaN
0.92499653405845	1.89501689754964	NaN
1.36812765393653	2.8218764404387	NaN
1.44132767592517	0.194140796586426	NaN
0.314262659834652	3.07249961201719	NaN
0.0609893687855758	3.91507589331163	NaN
0.514646970260694	0.420047506593278	NaN
2.76306216340579	1.38180928092381	NaN
0.559864574046601	2.31490034948085	NaN
2.48554099404528	2.78441448117718	NaN
2.53579606048515	4.27130806898579	NaN
2.12288578459477	5.73946295366496	NaN
2.21405941661733	3.69758029507776	NaN
1.59678005136993	2.99143271245259	NaN
1.4674128896162	5.44217851379638	NaN
1.30698329643424	2.38262114476926	NaN
1.03816323755261	1.77881558434556	NaN
1.42052912710668	1.99478869596409	NaN
1.91672589842661	3.18865747960135	NaN
1.77437877792704	1.10039735857963	NaN
1.48354729164853	2.30507732332185	NaN
1.73382727089146	2.84732868503545	NaN
0.853656817415549	3.78837014268422	NaN
1.13325863745832	3.80951854116398	NaN
1.69481370266721	6.58498553143693	NaN
0.515796650361413	9.98144073110274	NaN
0.0871299666363112	6.94715941514256	NaN
0.0784438801685021	5.04027322008533	NaN
0.0992174665583625	3.72119488590867	NaN
2.94541942104797	3.283869205716	NaN
3.02013650495978	6.39884558426915	NaN
3.0029918359	7.24453871569709	NaN
3.03250340388292	5.19841828332412	NaN
2.72434875808362	0.698591359700454	NaN
0.322474260776829	1.51077367364931	NaN
0.822049540475838	1.66124644254951	NaN
0.288508011733007	2.34255414764323	NaN
0.413704554465465	7.32331278945535	NaN
0.479750029641162	7.96205601006899	NaN
1.58508701583043	4.0412936509631	NaN
2.36033150116373	2.95765354708092	NaN
2.53658245919992	1.80523644203449	NaN
2.69503661296296	2.62775077995806	NaN
0.407038497254528	3.00272765112622	NaN
0.248605942268979	0.901698690933372	NaN
0.264207748927252	1.94618523562572	NaN
3.08724720273174	0.436414706360345	NaN
3.06279169700299	4.92976625461604	NaN
3.09414320219829	3.43413534902952	NaN
2.74536878861496	6.22893855865921	NaN
2.07810561008819	0.929351453015361	NaN
0.962138340102451	6.57334359189439	NaN
1.83731816892319	5.08888315288415	NaN
1.73382146711726	3.56731578088231	NaN
3.10769424133746	3.56229658702554	NaN
2.82663629800923	1.23804185251814	NaN
1.48341236766303	0.560799683681443	NaN
1.562799765224	4.50187023702298	NaN
1.18542165019009	9.31889477164749	NaN
2.07294303205711	7.54055719543706	NaN
2.20311614546562	6.76626242164551	NaN
2.15568812273286	2.05287865298354	NaN
1.84176254060332	0.60999556562724	NaN
1.54060550410635	3.39325033482585	NaN
1.43664273732946	4.51105044318304	NaN
1.88082763802127	9.9087152466975	NaN
1.58236132271565	8.76317448629765	NaN
0.881282411387247	6.95006595246966	NaN
2.24056880070888	6.67192725425523	NaN
2.90761886204721	3.05482420167215	NaN
1.1030909488593	3.19846014023643	NaN
0.783723183029317	1.67377037069131	NaN
2.17854261571423	1.81127884170543	NaN
2.60778166546782	1.7826503997039	NaN
2.43993886557877	1.54518370134103	NaN
0.320394003921134	0.700750960206066	NaN
0.820918475046004	1.20028944947683	NaN
3.10255903835761	1.0999426048105	NaN
2.73512886436557	9.83888677261858	NaN
3.07872320335596	1.23074796827794	NaN
3.06768114982957	1.73485957633798	NaN
2.07294734075642	3.14915784774939	NaN
1.95571407336242	2.64947004807087	NaN
2.82775178730758	3.12341524268901	NaN
2.86882337445812	1.97945641625713	NaN
2.16240784375	1.30308655584908	NaN
1.23829235237866	0.994294326611079	NaN
1.77825316599054	2.21872865637088	NaN
2.75581860410109	1.50481942567385	NaN
1.70535165510536	1.59267843619035	NaN
1.11692719370389	1.92157673198107	NaN
2.23406494567622	0.814514553100542	NaN
3.10139110726379	3.07069903699241	NaN
2.39465993596372	1.78640190233451	NaN
0.284885758110804	3.84928209147666	NaN
0.118903874385086	6.11087594228911	NaN
0.51239525291467	4.0497400673993	NaN
2.56984419523306	4.4331275350164	NaN
0.269306100794659	3.50054549275188	NaN
2.21639477967541	0.730446340602219	NaN
0.537420199359437	1.84811431120977	NaN
0.544038178807091	4.37598573670963	NaN
0.0630815197075389	1.88397416754434	NaN
1.93729734614157	0.850619998486026	NaN
2.81307417992276	3.24921440941757	NaN
1.23603193730994	2.60594904963317	NaN
1.98560391504178	0.67214431125278	NaN
1.30454079432045	3.73621158710514	NaN
1.19099894360913	4.5334311830208	NaN
2.82648539231715	7.04148492014838	NaN
2.20606347318161	3.18617712369668	NaN
2.0911681663717	0.786963645970364	NaN
2.48675005470619	2.5172188594077	NaN
2.23760964341066	0.976138013343229	NaN
2.85488005813983	1.46545235767036	NaN
0.625497330200581	1.87286134602269	NaN
2.23080624484918	2.42625765811471	NaN
2.76462269738211	2.33565475377094	NaN
0.384710332845224	2.14643848816336	NaN
1.27529541606594	0.896567420635751	NaN
1.43004454291685	1.55167128524225	NaN
0.398229286943601	3.6820559533078	NaN
0.338285436343869	4.94663369806313	NaN
2.38613737587322	5.26614147211855	NaN
2.17387261085154	3.5865417539383	NaN
0.11158644327083	3.62625692568037	NaN
1.13104325892103	2.38167441013642	NaN
1.58397345586446	3.49018393042453	NaN
1.43802199976988	0.443798066821753	NaN
1.8637508177217	1.14540342773617	NaN
2.76334338728954	2.2051287769853	NaN
0.728794603047776	5.02915029240164	NaN
1.27205255425993	1.15275223520803	NaN
1.6269013847566	0.719130063092378	NaN
0.780141887664201	2.37565213569575	NaN
1.36408940604844	1.09627884684455	NaN
3.05667707633342	5.39683413547171	NaN
2.89055805594563	6.44071412489528	NaN
3.10047852301605	2.62309257546831	NaN
2.55489505219858	1.4227184305268	NaN
2.49349180805855	1.59538496124582	NaN
2.50039447859132	0.268355114556827	NaN
0.53556429506615	2.55145329442555	NaN
0.402687035439693	1.74879124211736	NaN
0.380200743140753	1.11847134359926	NaN
0.604098048760339	1.6041359669985	NaN
0.222320244147966	1.74546549775485	NaN
2.15839449656855	1.32689292269324	NaN
2.11185406281377	1.88712875547872	NaN
1.63179080315394	1.96512005841401	NaN
0.852231000473304	4.06454479326348	NaN
1.51097537124121	6.91239574064514	NaN
1.91586395047795	5.24988634452368	NaN
1.65074910839858	2.15422124066269	NaN
1.54885003776798	4.01364060469436	NaN
2.30109755403243	3.55341122241142	NaN
2.45727986144834	1.75530558769439	NaN
2.6001094074669	3.43030087710052	NaN
0.763729668863925	1.93338160708858	NaN
0.897062296391059	3.98164643921131	NaN
1.85329943393227	3.41710951477257	NaN
0.779761464582124	1.55073978389843	NaN
1.31681331078845	0.537395301049513	NaN
1.4401010304812	2.50574371551978	NaN
0.467694774652591	3.01162459252764	NaN
0.507395388771984	5.22462413358338	NaN
1.19115122454876	2.9497216327106	NaN
2.30469060374123	3.44560708456388	NaN
2.76385419014189	1.25181463718216	NaN
2.95324237354057	2.80726037103257	NaN
2.94339135748546	3.32992093713513	NaN
2.89023930841305	5.01424287372514	NaN
2.89086014399042	5.84388232272288	NaN
2.57495439533892	2.68185540656853	NaN
1.76745794233764	3.3794176655185	NaN
0.274747412779529	0.548277438784901	NaN
0.781931939103862	2.19696405264727	NaN
1.05363840567907	4.85412367095375	NaN
1.82004548860175	4.55853792367734	NaN
2.26538542707955	5.81843237601239	NaN
2.50744901550601	5.66803504982429	NaN
1.50921453778445	2.3773238272294	NaN
1.77889032560344	2.19679863761588	NaN
1.87045441437388	3.75551354692719	NaN
1.33904543773698	4.84748048210318	NaN
2.36710497497061	4.4369585898694	NaN
1.4729055048979	3.62416759746968	NaN
2.16084054290692	3.70959422551452	NaN
2.28342963040734	1.65228647571792	NaN
1.11476251413584	3.51748628412432	NaN
1.12190602381659	1.45842037217553	NaN
1.01000720711378	2.11561569596702	NaN
0.870753472768037	4.37621076053173	NaN
1.28194868880635	5.58606438893964	NaN
1.08653256860834	4.5977983034404	NaN
0.0504638020781912	2.60702959898463	NaN
0.516224677584899	3.88359290929798	NaN
1.46823559547425	4.30334319121391	NaN
3.10593549890155	4.03746918246759	NaN
3.1229446571786	3.13647943036617	NaN
2.05570403472501	8.1520384931002	NaN
2.63950664948578	7.36692189335906	NaN
2.86454224223171	4.14947078094069	NaN
0.375733737067634	0.896277194538019	NaN
0.318598441482291	1.09169378140581	NaN
1.17381240510419	9.07070197509838	NaN
0.769158333472203	2.07013507192376	NaN
2.50509024424175	6.62498081456776	NaN
2.62820549449693	7.40362041966409	NaN
1.33437209992139	3.55877089200794	NaN
2.87351167313633	2.01521973281285	NaN
0.58220479155278	2.19993857948814	NaN
0.215820293677867	1.6494133679134	NaN
2.7939383576664	3.11276005053251	NaN
3.00148551686024	2.20839753759424	NaN
2.22960274743123	1.00190057671441	NaN
3.10504806459375	1.67206053310593	NaN
3.08844687375011	2.28614501625766	NaN
2.64248146969354	2.73120388617403	NaN
0.285408375739641	2.39608676049574	NaN
0.455073152505871	1.51153645504076	NaN
2.27869347204877	2.37202434288126	NaN
2.24879413657124	3.34648536384455	NaN
2.51676887838787	2.26208424843316	NaN
2.53989826560713	3.46434939654418	NaN
2.69902025742469	5.1758604194891	NaN
2.95316449207523	1.63711022606012	NaN
1.28587038194112	1.92258833911192	NaN
1.45039711021547	1.43883914582149	NaN
2.41568537675668	2.40105085864045	NaN
2.85331055400961	2.20973101219226	NaN
2.10205566869148	6.11017964439204	NaN
2.30276713944254	6.76872930335919	NaN
1.93194917493287	2.04314368819489	NaN
2.27993011589528	1.6867434861883	NaN
1.15030560968277	4.12698205497559	NaN
1.15413073274991	3.82741918869085	NaN
3.06978351178131	0.403836170772914	NaN
2.56977847207117	0.589712650194723	NaN
2.0173759991066	0.643472471674092	NaN
2.05771161743863	2.6056101431033	NaN
2.89306309777132	5.55482292391133	NaN
1.26600209204159	3.96616202058466	NaN
2.10150991868989	2.61088629754188	NaN
2.41392086589034	3.40386188475314	NaN
1.09869576954533	1.10862335388913	NaN
0.173852181264637	0.498608351954643	NaN
1.05577017368169	1.40392673425229	NaN
2.10368986650101	4.33265586549392	NaN
0.854895145809573	6.61708691320939	NaN
1.72808064827435	8.70881664074586	NaN
0.113848242651493	9.14830543464155	NaN
0.144389980224483	4.4589020210879	NaN
1.87547532305326	3.41489967829677	NaN
2.95699298700185	3.02696761720821	NaN
3.04547007701168	2.42965420740582	NaN
2.87952079410572	2.04643304604217	NaN
2.80644821045763	2.46069633837507	NaN
2.39057218497242	4.16797028495133	NaN
1.19202076190716	1.49225614473901	NaN
0.213140140309641	2.42609679335641	NaN
1.87481175015388	1.15201205240844	NaN
2.57456109007048	0.643356767742277	NaN
1.5439585964384	5.24549348561332	NaN
0.0108045786355579	6.28571387071906	NaN
1.86239744436324	4.20732629789052	NaN
2.29588079011044	3.28809199981734	NaN
2.8995873845544	3.597511931602	NaN
2.82154990045808	2.19389543485487	NaN
0.647904010238817	2.25627471437109	NaN
0.0123447402971166	3.28670260267742	NaN
0.16726248131486	1.88603640567097	NaN
0.598713696287966	3.65243747313157	NaN
2.53832186790611	7.28520057143731	NaN
0.896834363381903	5.94414629709235	NaN
1.80705674754086	6.18303273385133	NaN
1.56411912330351	8.80045034949425	NaN
3.13677496362777	4.45293469324346	NaN
2.29531969074163	2.82050047664439	NaN
2.09183161838829	5.62632503720729	NaN
2.13340020166912	9.09466531898972	NaN
2.28635258922897	0.54089023123009	NaN
1.42488641937863	4.19665123867142	NaN
2.97316914102613	5.30376252000971	NaN
3.02496166530719	4.68469335789173	NaN
2.35132674760724	6.66502269944474	NaN
0.147588984096506	1.43704213437653	NaN
0.296937351174455	2.24681743399932	NaN
0.912659019468018	2.27684358663828	NaN
0.719230557503563	1.64690233236548	NaN
1.01601181389529	6.3554300589793	NaN
2.21498163376029	6.94046769439447	NaN
2.34525767842162	6.22014778967733	NaN
1.02872315787761	3.16338434462024	NaN
0.887871139263509	5.49894496832227	NaN
2.65671929593421	6.47174674087458	NaN
0.199900152113755	5.21097826356859	NaN
2.91989049498797	3.39850164443096	NaN
1.62029892867487	3.18686815449042	NaN
1.79334732773592	4.36370249035277	NaN
2.11845839431667	1.82752845149875	NaN
0.316461029681576	3.75873775429186	NaN
0.208505477904405	0.953433657239254	NaN
0.237312568214642	9.49786795166414	NaN
0.222834056086823	3.95945802380976	NaN
2.92509513235649	6.35073350237878	NaN
2.7902518767582	2.94706120442019	NaN
2.00091826992977	1.7779627754235	NaN
3.10442372233315	0.311547390053391	NaN
2.64382044164961	2.8507332658635	NaN
2.52928035585402	5.06002289685571	NaN
2.66010911321989	4.62470598831794	NaN
0.796669658387943	7.39092173915009	NaN
0.152596465498316	1.35494213519683	NaN
1.1614483917053	0.357840497935971	NaN
1.21500983370138	5.58348929867616	NaN
1.18130178373241	10.3244609478095	NaN
2.65540122024923	2.4837558041697	NaN
2.07938543613195	7.31165286649604	NaN
1.87290506654436	5.26350730014476	NaN
1.79892425947334	2.30635501065195	NaN
1.18807461975486	3.94316983657542	NaN
1.41375459040692	3.06514096441776	NaN
0.576543985664115	1.5611599656501	NaN
0.449646855475616	3.98296622234308	NaN
0.881686592224301	5.72765472017828	NaN
1.58105763108216	1.70716597604638	NaN
1.3279570683323	1.6216776565339	NaN
2.17403035444517	1.32453719956212	NaN
3.05420021184655	0.763815642017509	NaN
2.88531923818161	4.05669297746962	NaN
2.12180520403798	4.95174170171548	NaN
2.04164957213155	4.35853653723694	NaN
0.298540042903647	2.6885843926279	NaN
1.00384399001815	2.8683360424444	NaN
1.03007178517801	2.88743276618665	NaN
0.840197342283944	2.52220406976465	NaN
2.52013288361717	3.95724883500954	NaN
1.49816757227095	7.02659356661718	NaN
0.744800993195826	3.32328729279782	NaN
2.16535681213414	2.77530653155556	NaN
1.08474232554213	1.23048486521752	NaN
0.803154347242882	3.19519900761483	NaN
2.57466212220239	10.2658836146365	NaN
0.96630247186466	5.81482290071974	NaN
0.79397109324228	8.54716570190985	NaN
0.725399996490399	8.52983244867674	NaN
0.786205609547908	7.61216288211877	NaN
0.826777480773	5.486302033143	NaN
0.547559968697383	4.34726677511642	NaN
2.60363704157208	4.58538744056464	NaN
2.75647945581203	6.68209319747269	NaN
2.77965183297283	3.17513077655473	NaN
2.65345814036383	1.86768160430931	NaN
2.59223271953501	1.30061192747025	NaN
1.30481300232551	1.69482107647418	NaN
1.2597725172803	1.79267516463202	NaN
1.48909945432292	2.55963879711943	NaN
2.786559224792	1.60041315669116	NaN
1.55363534350144	2.99729616214833	NaN
2.84075940957474	3.32577972794692	NaN
0.0977394024903203	4.43632707393053	NaN
0.343671243317615	3.18680391971127	NaN
1.43215536529216	1.7841686646608	NaN
1.5299595013483	0.947310503250357	NaN
2.2454325252338	2.77857921565756	NaN
1.8688436094514	4.18727150842513	NaN
1.63550451908653	4.66838608716531	NaN
1.77123871847307	2.40766067144879	NaN
1.81717435482216	3.43564883017735	NaN
0.991688460375519	4.06033352742593	NaN
0.353764918860897	5.04389802619264	NaN
0.527916434105923	8.20245729498411	NaN
2.82689489470693	5.82639591139332	NaN
2.3613143831246	2.78966071249747	NaN
2.08054380665336	1.99083971235376	NaN
3.04455693686855	1.15848085819418	NaN
2.48898211855889	1.70994660823577	NaN
1.00282264030437	1.70526203343568	NaN
2.23832261830481	4.56781130866343	NaN
2.34351996336481	3.73385253085138	NaN
2.28471389848436	1.18292789789583	NaN
0.628170180097577	2.87936480359631	NaN
0.852759376004247	2.07788861480032	NaN
1.17663085828326	0.460924337727353	NaN
0.849132204769871	2.17007816672295	NaN
1.33762894925033	4.41345011300541	NaN
1.64800028638095	7.85730016563528	NaN
1.02635568675632	7.2343579572618	NaN
1.52979760196726	5.45115720086505	NaN
0.777076950336745	4.44863883503589	NaN
2.31424096673855	6.88965049510838	NaN
1.22285095684717	7.7008904558054	NaN
0.586108799793917	2.14489393085113	NaN
1.5180401137277	1.61810004741972	NaN
1.45396308463027	1.23413012082316	NaN
1.37295757227286	2.64279442859027	NaN
1.71396929248745	0.742941997962849	NaN
1.72391116888544	1.39954702106147	NaN
1.78841554983536	2.0802858946564	NaN
1.61133776125422	9.34343455063526	NaN
0.682744773371183	2.43580316792457	NaN
1.51995803077125	6.2552921296776	NaN
0.365627428807232	8.10985014788164	NaN
2.41879123163731	6.1821095239937	NaN
2.65723039145073	3.09179574523206	NaN
2.64064840497982	3.46083622485163	NaN
3.02955252434211	2.69828447962853	NaN
0.378370382069945	0.766667908355156	NaN
1.58316839263186	1.713788706834	NaN
2.23129069932051	2.11463694790918	NaN
0.322251871702375	1.41246512145193	NaN
0.440639596776464	1.03115060521091	NaN
3.02832711194128	4.12167841163217	NaN
2.87804606940306	1.26197506243028	NaN
3.02028256488553	4.68308714776228	NaN
2.83552305432297	7.88047285183331	NaN
2.66531952623642	6.32878697050294	NaN
3.06178529542593	3.24848213540495	NaN
0.0379585806963821	2.37932157324056	NaN
2.95797551618147	1.76060763880481	NaN
2.29631490978625	1.40695512671731	NaN
2.21529368653021	5.19997099298993	NaN
2.3945219208353	2.67977263111657	NaN
2.71114709696886	2.10517709512393	NaN
1.90033954005786	2.85195229512413	NaN
0.429686058739806	1.00077781920813	NaN
0.321122577304757	1.41189556524253	NaN
0.404827458325058	2.62135362758016	NaN
2.48630944196938	1.2942654871259	NaN
2.67667035171997	5.99514004202398	NaN
3.08915363176883	9.30668885971319	NaN
2.98863728880631	6.75647090306432	NaN
2.9941401295468	4.26262216069783	NaN
2.45663187399904	2.83240411368507	NaN
2.67600510647337	2.50950064460288	NaN
2.02750127326361	3.440600724789	NaN
1.19859535599543	3.74760293203062	NaN
1.7407289411171	2.12018169347229	NaN
1.87943709703322	2.43522326159225	NaN
2.76460294601641	2.20125341423949	NaN
1.94923411198301	0.871852196828574	NaN
3.06381517761112	2.04738633415058	NaN
0.694746444675681	3.42891235436399	NaN
0.332758474671677	5.93020421978725	NaN
0.737282909329425	7.91038563144212	NaN
1.79496126798109	6.48143725853748	NaN
2.23478522584677	2.19828851342246	NaN
2.4121375053891	0.748476046524482	NaN
2.85796647893355	1.03617658609429	NaN
2.83229494412485	1.04664217281819	NaN
2.07768087451279	3.07025084050496	NaN
1.31326442195698	3.26639873980671	NaN
0.881931097909051	3.50303233949028	NaN
2.34789170888864	2.06448206459931	NaN
2.59571211170888	3.44330804374986	NaN
0.764430738026413	1.37549027375257	NaN
0.972277034898533	5.62228355397602	NaN
1.2506144334649	6.33332242929475	NaN
1.65619040637631	6.12087875503418	NaN
1.59125898371408	5.39282872885986	NaN
2.88407078525988	4.26176437217801	NaN
1.64183731064196	0.351420603548317	NaN
1.34255510377392	1.69266668464137	NaN
1.38442199237852	1.72119080200689	NaN
1.06377954870032	1.68514230067679	NaN
0.98460009232484	3.12089394135535	NaN
2.51673688580436	7.84420055025199	NaN
1.68944429596991	3.96350845858242	NaN
0.755297708111897	2.82256297017994	NaN
0.166937154770111	3.1528820554618	NaN
0.44058802426087	2.12943853447326	NaN
0.0392356407887634	6.98796405645655	NaN
0.683628814732181	7.09078127386786	NaN
1.07476362469455	0.719928966691761	NaN
1.47397660034531	3.04835654442851	NaN
1.66429744278679	3.00194237176702	NaN
2.26730910423048	1.86296717636981	NaN
1.81649412159788	3.70439654053787	NaN
1.81925240636145	4.13324211962359	NaN
2.80900182541719	2.82076946019062	NaN
2.67993022965212	9.36911516657113	NaN
2.62366427364992	2.92196524746177	NaN
2.62534321653716	4.60473181316082	NaN
2.67961533824908	4.86988595407481	NaN
2.17705621337397	9.61601222546264	NaN
1.68673080241646	4.78022835896106	NaN
1.63054515165564	4.1678363559128	NaN
0.370202660907471	5.15513491136153	NaN
0.0359691744941747	3.67252680697405	NaN
3.04794513027772	4.12407084662303	NaN
2.51483569490705	4.94426253056795	NaN
2.32069320901057	8.01726187768682	NaN
2.2298871051328	6.96252361839072	NaN
0.396502495540293	5.67253646869439	NaN
0.738556632905104	7.49417908385714	NaN
0.812335502463552	5.28161926678344	NaN
0.0374859543902665	4.88603045506584	NaN
0.0821608919995578	3.5707672694315	NaN
2.76508506790093	1.05673492524271	NaN
2.84785626801408	3.99596848221682	NaN
3.0275101542442	7.26630864201413	NaN
0.245139194591905	4.63584318534366	NaN
0.0639346949950711	3.12004550630376	NaN
1.19041453166165	1.85744435005506	NaN
0.154658016737939	4.23614221059191	NaN
2.09813641963297	3.3070605736204	NaN
2.46696711807718	4.34360528865532	NaN
2.29018354048521	1.93720356526927	NaN
1.55982520356168	1.79380537948732	NaN
1.23440627724958	1.14444116820214	NaN
1.21853812098445	1.91088181452263	NaN
1.25712631763181	2.20231606200119	NaN
1.42993390289193	2.52908923433577	NaN
1.827475739511	5.27459433678787	NaN
0.825521261543868	8.30067523483913	NaN
0.72281712903852	7.72492358776993	NaN
0.965066577855707	7.79054487964954	NaN
0.632978642572817	7.65824675234204	NaN
0.132705936368693	6.17651549120112	NaN
1.77890698073383	10.3133818438977	NaN
0.937152912583108	6.78072986526294	NaN
1.24351093057731	3.01027425750267	NaN
1.29696721543237	0.750595676949587	NaN
2.00807540394558	2.79942534767108	NaN
1.47311601142737	1.57104525407197	NaN
1.64145719355681	2.71400967816541	NaN
1.59042620442092	6.39913063480372	NaN
1.49719120075965	6.11658510906529	NaN
1.46259742784149	3.85780245024275	NaN
1.48220909266907	3.18721760010113	NaN
2.6950947431788	3.60496741776171	NaN
3.05374210627596	3.51183448541762	NaN
2.50407210876914	3.33285911967306	NaN
2.66293564354303	2.42108759321771	NaN
2.72714433727572	6.22767843700304	NaN
2.58658132262412	6.36925950447498	NaN
0.326236857182554	3.83233578258984	NaN
0.466728034578652	2.34415611899593	NaN
0.626087868981929	1.42947780398876	NaN
3.01247158018361	8.57732429075229	NaN
3.0506220578125	8.89637685820762	NaN
2.96708746213798	6.15961282382201	NaN
3.07399505834768	3.38369327536279	NaN
3.11989440788783	2.87385399497713	NaN
1.25963990818996	5.11599174630826	NaN
0.921795520931309	7.38248617637141	NaN
0.676859648375262	8.95754632554951	NaN
0.29819500788193	7.83453625650456	NaN
1.14193887376529	5.57721225486269	NaN
1.04995271255494	7.66113626138602	NaN
2.36469875173223	3.04644765104441	NaN
0.709154066945256	2.91713409679516	NaN
0.331391751262773	3.81670414075363	NaN
1.17146985234505	2.4671962143264	NaN
1.23085274296023	1.50056963008385	NaN
0.445540487970407	3.78295231059301	NaN
1.88016682251221	3.09526664473798	NaN
2.29849634875274	1.46460336118667	NaN
1.88691150519486	2.01822798038233	NaN
2.41799946156049	4.15806464979246	NaN
2.79491477892527	3.06203658316707	NaN
1.166828888977	1.25227797584929	NaN
2.79937189400455	2.21481529073807	NaN
2.39659980515369	1.54751713023274	NaN
1.23827418905434	2.49925728558127	NaN
1.8378208930951	2.50412711716137	NaN
1.11561380561922	4.35167689121247	NaN
1.51624705673784	1.5332377706575	NaN
2.5812768445986	3.04971636157634	NaN
1.68068467994461	4.37277174128862	NaN
1.65715492178096	4.13749512451426	NaN
0.782376269109991	3.29966980048676	NaN
1.262447387825	0.921126288900521	NaN
1.58799885550296	2.17126334404624	NaN
1.47970841440148	1.26589676750073	NaN
0.274106937117955	1.25141450855864	NaN
2.25320868771859	1.90961722317739	NaN
1.40705883343804	0.923824797468047	NaN
1.56458926066716	9.67552766405666	NaN
1.95145529537279	6.18050459659527	NaN
1.66523485437946	6.96767235399792	NaN
1.98254072407731	1.56628715938551	NaN
0.44032774026429	6.76280208212144	NaN
2.66767278721765	7.05473750537367	NaN
2.76602486775333	3.0129816983697	NaN
2.54828814485415	3.30469770589336	NaN
2.45809428237416	2.04199159321497	NaN
1.51193774253792	4.0378580631553	NaN
0.39077306268529	6.24008998090306	NaN
0.563229449694531	8.02309961856121	NaN
0.823230970254914	0.678844107127768	NaN
0.802745735817653	3.26214684484011	NaN
1.67138141585119	3.91967244670815	NaN
2.19911686226654	8.0874129993081	NaN
2.27273173492752	9.91943054366261	NaN
2.20783964384076	4.64067124324302	NaN
2.33878618004849	3.68823747256471	NaN
1.97703229354567	6.57818983386855	NaN
2.4937677380226	7.5286031922916	NaN
1.94702260087389	7.14664177679213	NaN
1.33519459278774	3.21507730689734	NaN
1.53816833973644	0.895675851216471	NaN
1.51573276271086	4.00714529692626	NaN
0.931942235705138	4.87094920178621	NaN
1.40153385628327	2.27789363763946	NaN
1.5436673120117	1.79358832244745	NaN
1.25279633770184	3.20511064683753	NaN
2.26280111841737	1.95680099518882	NaN
2.99279121870036	0.699955433856197	NaN
0.645857405204835	3.22622724238542	NaN
0.845402045636444	5.6153340741316	NaN
1.64440533751467	4.80891911514765	NaN
0.0701487410428558	4.90834581726084	NaN
0.278667223692716	4.93929877168737	NaN
2.27833314548196	2.58334078015427	NaN
1.90291971141775	2.44170135978926	NaN
0.0378673368820427	2.3617510423094	NaN
1.76526586041627	2.95132106155702	NaN
1.78388434297503	2.34133310655312	NaN
1.05981943862902	3.62407005742429	NaN
1.40933858272379	1.99158239182862	NaN
1.7442977717412	0.995269036944367	NaN
1.23869721723248	1.98916186791482	NaN
1.31031393710314	1.74708521939646	NaN
1.54658192250284	4.1727968723277	NaN
0.552047043390687	7.07752017763084	NaN
0.83598369694484	2.58961196059591	NaN
1.70704726538447	0.985252399841785	NaN
1.86147054833525	2.89117274091833	NaN
0.902976154297027	1.49342364342007	NaN
0.687755591616096	3.86905476469505	NaN
0.0626826988925416	2.70901019136385	NaN
0.825144600221515	0.859025650044759	NaN
0.681444694819202	0.976262160187887	NaN
0.604471913892375	2.44420652753498	NaN
2.39131925970541	1.64019094708443	NaN
2.84256726952124	1.29468174069294	NaN
2.75420868954218	8.99407974523903	NaN
2.61591935917917	10.424292028001	NaN
2.85974074944336	8.74039376173772	NaN
2.89499588191646	5.86547363545195	NaN
2.62491078747413	7.71232364767143	NaN
0.902250778963606	5.76331433380397	NaN
0.16570271205235	3.48305522271381	NaN
0.00255515000200676	4.29858010182365	NaN
1.58816296520778	2.41175362080933	NaN
0.674854207898932	0.789158462757648	NaN
1.15088325635972	1.18379825447561	NaN
1.24943302705706	0.9424526013743	NaN
1.23141790958194	1.02416854206298	NaN
1.15425151910758	1.91855428860002	NaN
2.51926202670506	1.01315019104631	NaN
2.27530838720257	2.64895867620239	NaN
1.91481056212589	7.77425630687555	NaN
0.975128080105409	8.03009218281948	NaN
0.967038495014169	8.88623713090316	NaN
1.23500321789983	8.9973610895548	NaN
2.41011142743903	7.93574788891264	NaN
1.11553085709914	6.91316128759294	NaN
0.792915222844311	7.75372886341127	NaN
1.18861794218243	4.65904931416551	NaN
2.97179186652881	4.82543652737633	NaN
1.01359541946298	6.21184124663279	NaN
1.71220297271618	0.257424548959053	NaN
1.30867566584183	7.80243605492568	NaN
2.09886647395422	5.83948464713822	NaN
2.32306049355961	3.51612507134763	NaN
0.887655514872171	9.85555447041134	NaN
0.262911101280057	4.90418940030814	NaN
0.00952160460049807	4.06108808060774	NaN
0.38152892974752	6.45427526110904	NaN
0.90035345834624	1.81045707605296	NaN
1.13517658471012	2.95755029436152	NaN
2.29969247019468	2.5199906535632	NaN
2.69753975662478	2.7310056741964	NaN
1.16756114575364	4.8105791394231	NaN
1.10055095507686	6.71725842012548	NaN
1.82905711018057	7.74497707944933	NaN
2.94315438730472	8.8981534908856	NaN
1.09939773735574	10.371027957236	NaN
0.867348382168534	7.75813729653603	NaN
0.906066641490843	7.84850282582061	NaN
0.806843205922414	6.26233008943256	NaN
1.55526611706204	9.90189914403503	NaN
2.00051030983188	8.52014774087054	NaN
2.73308922261446	2.06388284325527	NaN
2.44555045322038	1.30906446846455	NaN
1.97892115501163	1.40496260331867	NaN
2.27609011167693	0.870641010905986	NaN
2.72365535370096	2.27476524271243	NaN
3.09321881399512	4.78436697696134	NaN
1.62570548950788	4.49546089452106	NaN
2.2231412825931	2.83823769904728	NaN
1.62652547425512	1.99017415052526	NaN
2.78470015446803	0.249401423200388	NaN
0.433334318920869	2.43655943400169	NaN
0.499573721950768	2.95982299315865	NaN
0.468632525934341	5.30955211878042	NaN
0.488634183359867	8.75380617893886	NaN
1.59172774152002	9.82936391042297	NaN
2.44271401371815	1.63973906157311	NaN
2.39842383261013	0.831471561434553	NaN
1.91882655235119	2.99922170511183	NaN
1.06455782876151	10.32534598358	NaN
1.72434845027544	4.25868166557564	NaN
0.638109773457852	6.37856734066679	NaN
1.88559380888477	6.84725056436613	NaN
1.00597040861343	5.43038473714433	NaN
0.360792633577431	5.1056015847293	NaN
0.011306500595009	5.74098014762809	NaN
2.10494276310054	4.3236458153802	NaN
0.289431690030476	3.78984611757996	NaN
1.6698736131084	3.7474942842698	NaN
1.44396715687572	0.772790350897428	NaN
0.948604937842535	4.92538699040958	NaN
1.01924444675897	0.066945041457318	NaN
1.15326017796325	3.56319844087969	NaN
1.3696722278505	1.87418702929955	NaN
1.35011321347869	8.20404756358679	NaN
1.47065256705114	8.3701875078915	NaN
1.49216112024986	2.42111496336167	NaN
0.775063583786047	4.99226672733663	NaN
1.46092488902288	5.20558282761021	NaN
0.0400237822361932	3.2272423273604	NaN
1.16838366791358	3.31313663770264	NaN
0.333999682210934	3.4042317562742	NaN
3.05813822546973	1.56620634863996	NaN
1.21009436376582	1.23168068831434	NaN
0.337417840701636	0.780030634503929	NaN
0.0611048306883327	1.68347045491284	NaN
0.0307170096923237	4.34145095951413	NaN
2.81799713898528	1.74768543653162	NaN
3.11275261754047	1.88609879938559	NaN
3.04086161385981	1.0002439381018	NaN
2.60879473268481	2.24711212144545	NaN
2.38685731406133	6.04459233139547	NaN
2.57064132118451	8.49132692096327	NaN
0.76109299318733	5.40722276716297	NaN
0.611679229030719	1.52423863286146	NaN
1.04598041156049	6.3060459100913	NaN
0.980938251313063	6.3886150281697	NaN
0.423544907752901	5.29609662595769	NaN
1.13866870786814	8.73083786170153	NaN
1.07266531213071	2.53240514245086	NaN
0.395678244261205	3.34935951869478	NaN
0.0183071636674403	0.406182392973049	NaN
0.110762846568115	2.43528850298406	NaN
0.759139511908935	6.8940710351656	NaN
2.98461915627049	7.81671631182386	NaN
2.95771186228701	6.60250623775911	NaN
2.92812107158515	5.74533456738719	NaN
2.56227410129038	3.772138003223	NaN
2.09070160667874	1.8434035272383	NaN
0.218399234972153	2.85543789443195	NaN
0.296716770307158	3.67059829406453	NaN
1.09965010471913	0.978496483939556	NaN
1.70518348320712	3.84127073983335	NaN
3.10841895360231	3.81034491431812	NaN
2.34679099634597	1.39085662867287	NaN
2.18929858147985	5.85249673895783	NaN
2.70900248249408	9.50880513704132	NaN
0.155290334467111	9.1493672493576	NaN
0.110271407203101	2.77199234848913	NaN
0.701386785417917	1.48036520766911	NaN
2.98179583923309	8.06693181783632	NaN
2.95472971614988	10.3550514501671	NaN
2.97014009867688	5.13842897755462	NaN
0.381447297343952	4.80460458159448	NaN
0.0994896073454297	4.19488789908023	NaN
0.174507167552197	7.39285567685768	NaN
1.52012848492959	5.86953237063219	NaN
0.897156314040414	2.60562754660361	NaN
0.169323664365024	7.06249408591168	NaN
1.81769646253181	7.93420616661417	NaN
0.498051485181757	7.35463710046871	NaN
2.23781083074964	6.37334886847871	NaN
1.19807022189858	3.45578844566194	NaN
1.55469450724517	2.56346362952048	NaN
1.76901957178367	5.07091475819962	NaN
2.53442504507461	7.27819127878213	NaN
1.86284741169387	9.19795920137052	NaN
2.1774293191218	6.77930424025165	NaN
2.23579609630237	6.04114471215876	NaN
2.30116050561944	6.77669599827467	NaN
2.54007582461833	2.6520651602088	NaN
2.95617085784358	1.72567963904953	NaN
2.93810503586993	4.24554803630878	NaN
2.87466637810441	5.96424947338049	NaN
1.50538674670565	8.72247806915933	NaN
1.49297618639527	8.82202232168303	NaN
3.12904276900959	5.98577491619737	NaN
1.71436161765884	3.04683679126352	NaN
1.48843880597017	1.17070370069398	NaN
0.326112607527067	1.13584087549656	NaN
0.125879102175574	1.14337942320451	NaN
2.36035680516345	1.83168455884616	NaN
2.88271855373919	3.54568213730531	NaN
3.10112213330928	3.51578116700211	NaN
3.12073638919808	4.52839080353799	NaN
3.0772612093553	7.03627722181426	NaN
1.1804804037643	8.92136030067089	NaN
3.0026328397459	5.75116986600987	NaN
1.88810599353126	1.39036880987617	NaN
1.5156545387108	0.708197576919215	NaN
2.7968647725888	2.44458639432135	NaN
2.81440777996969	1.00121870879575	NaN
2.57282905111274	3.83244445767951	NaN
0.568627589773953	1.9764176693839	NaN
1.03409458929608	8.26540785158767	NaN
0.795279090754879	1.3492556081791	NaN
0.787897766446284	1.89108973100018	NaN
2.19049381268964	1.06251563597567	NaN
2.69499430655545	2.43228681343647	NaN
3.05879581644406	6.69978783145489	NaN
2.89121810809677	9.5865832840394	NaN
2.69989158026275	4.38906738941725	NaN
2.02376456175865	0.768472591838299	NaN
1.02655449922804	0.545369204825021	NaN
0.64287658678199	1.01466079698363	NaN
1.07947074105912	0.818984880378255	NaN
1.44454358829137	1.92060753275286	NaN
1.81918675392254	0.810055875773399	NaN
3.03033186159752	3.09148624831148	NaN
2.94885806658978	0.505827056492968	NaN
2.65737035378749	2.31883662823942	NaN
0.389392974773853	1.7569774872382	NaN
0.341232407801675	7.06182470173119	NaN
2.05503129850788	10.3389131002377	NaN
2.51055214365807	1.65493815383289	NaN
2.97023919091194	4.19510786177461	NaN
2.65513368581173	4.92663855756087	NaN
2.31610411050925	2.81769205740749	NaN
3.07706534089876	1.91412650909338	NaN
2.19160930993586	1.48061180857616	NaN
2.27111970701946	2.5173367623689	NaN
1.48351873108043	2.74288414602139	NaN
1.67739121079037	1.38205913267855	NaN
2.30669733022975	2.99194970876991	NaN
0.649136278215724	4.01523926091525	NaN
2.14474707077068	0.949258872872485	NaN
2.20705591034788	2.41753199063406	NaN
1.42733993482909	0.638122272391581	NaN
1.5679552238756	0.812817067218648	NaN
2.12072998271422	4.7581717717519	NaN
1.37008237900381	7.47372261810966	NaN
1.48670134520145	2.19295496436816	NaN
1.02336192037241	2.66578909860159	NaN
1.15407943180956	9.74369877907902	NaN
1.51075855557818	2.38444876692768	NaN
3.0265538635634	1.9415945199179	NaN
2.87408435516821	1.34492998919167	NaN
2.65880509206426	2.64745635306507	NaN
0.449757790669161	7.12213725821958	NaN
1.8331526921535	8.63984875088888	NaN
0.185668097769409	9.43930691179193	NaN
1.05969199940011	9.26404886698369	NaN
1.26597883463368	6.790367157202	NaN
0.803784570269188	6.83942171105775	NaN
0.751286764055354	7.41404179097285	NaN
1.26668290460502	8.27275546041522	NaN
2.55837780408366	5.02777004370517	NaN
2.79566087108099	3.81798645838976	NaN
2.51891792796094	6.5589274239044	NaN
2.81770185067988	5.90658794067471	NaN
2.80755527068438	1.6175728660794	NaN
1.29390906996763	2.08446346919931	NaN
1.43011433620556	4.36307632971932	NaN
2.09915590900842	2.82485966477029	NaN
1.94440629079434	3.28309519858306	NaN
1.24434174071333	7.18351245293351	NaN
0.498214104885157	10.4171329200102	NaN
1.26434731475925	8.50754985854311	NaN
1.98610134471013	6.4323381109397	NaN
1.52575374458417	6.7571313378809	NaN
1.44561669853615	4.67527404481763	NaN
1.21257726434373	1.4554390100793	NaN
1.62702857809703	3.1110353652591	NaN
1.59137028238454	4.3382047977743	NaN
1.24572745950806	3.29505549656678	NaN
1.01165118218736	7.55261586191057	NaN
1.04465570259161	6.27582320171567	NaN
2.78354194010733	1.3474659364313	NaN
2.90396071875772	0.810790926439289	NaN
1.83313527706331	3.98998570478123	NaN
1.3322727814698	4.25819562041143	NaN
2.35694228884192	6.39340278298302	NaN
0.8757403108971	2.25830555263476	NaN
1.54323661415556	2.67552345390381	NaN
0.734426455338111	2.43595768836427	NaN
0.389482668269313	2.71001539062118	NaN
0.521895819810943	5.04045950466485	NaN
0.488838402012767	4.32406344029542	NaN
1.6159798726402	0.147556636534371	NaN
1.76941934421462	0.63501514459078	NaN
2.15311700662763	0.336711837216405	NaN
2.97418917015191	8.72940452398545	NaN
2.68504984916955	9.76668294474119	NaN
2.05543264900816	1.01158251311928	NaN
2.47946347522799	4.69427799821433	NaN
0.349969069146242	5.92759057750471	NaN
0.425692206610401	2.93779716732398	NaN
0.65524790567763	1.54683443562615	NaN
1.92183376685262	1.32675654160853	NaN
0.212975328399929	5.3140186677116	NaN
0.768776619549206	6.12445534734155	NaN
0.80342612497387	5.19814515847167	NaN
0.874235823805276	9.48845318534527	NaN
2.49430191651328	2.75630406623846	NaN
2.64056539043667	4.92016273219013	NaN
2.47364709282623	1.79879505707308	NaN
2.55740092174416	8.09060203402971	NaN
1.90968887120403	4.1810134610872	NaN
1.23666480454538	7.00089663068502	NaN
2.26516548557141	10.0967878581311	NaN
2.43917663421511	7.33162041827191	NaN
1.96666571136913	1.42364407948659	NaN
1.50982965920592	7.04104990573006	NaN
3.04717243211446	4.51357718544626	NaN
2.65124331677567	3.82298115481152	NaN
2.68887624082828	5.76953833046142	NaN
1.93187706785765	2.0501202272786	NaN
2.70183062866852	1.50015173617598	NaN
3.09791682286414	1.15752881054809	NaN
0.610258326831507	2.27908719669148	NaN
0.686825864724534	2.87981986549089	NaN
0.228666653692053	6.2824044089133	NaN
0.231647187651333	4.46373923752097	NaN
1.55785292305486	3.76788608491755	NaN
0.15698521206153	1.0616888334753	NaN
0.175590820419216	6.71208786817878	NaN
0.233201436400071	3.6667512443495	NaN
0.399403819459143	2.38439411870339	NaN
0.58618207299351	1.74386337198244	NaN
0.391110687956398	1.43716007856727	NaN
1.97915486157268	1.29445810221349	NaN
1.781639539299	1.04675717423771	NaN
1.07826807041681	2.97058465147514	NaN
0.0355124683524847	5.19817861992676	NaN
0.0715194079016639	6.40597875567786	NaN
2.57714835190055	3.91228277578319	NaN
2.83804425453984	4.35248976095506	NaN
3.10805019676306	4.47962043134272	NaN
3.1407141767389	2.33449684513027	NaN
2.50044181673302	5.20208552164764	NaN
1.92321489473532	6.02588748100318	NaN
0.461772025617023	4.08164185471364	NaN
0.231024539923741	3.49467557601029	NaN
1.25145217997474	3.7794546852061	NaN
0.0304539574317635	2.48142901378429	NaN
1.2429813049674	2.29904122968021	NaN
2.06633932879018	2.39169928986134	NaN
1.45408261804412	4.92295728405767	NaN
1.08608653203205	5.79916677956766	NaN
0.582570272408887	4.5082184744509	NaN
0.756152706354388	3.40728852763405	NaN
0.63311760909949	0.434012386028886	NaN
2.25801636296189	1.63899871975121	NaN
2.27822633403448	0.104281512666392	NaN
2.00448801442344	1.08878544037707	NaN
2.79552071712182	1.94467701522513	NaN
2.76266423416357	1.91691595790186	NaN
3.02325130575149	2.07233220448895	NaN
1.95327693139138	1.89296093134812	NaN
0.65120214548025	1.86369010874945	NaN
0.579501236766962	5.72861920503841	NaN
0.106930505322928	6.31428890692039	NaN
2.19931101937944	10.2424335446162	NaN
3.03671384739003	6.01843275741347	NaN
0.980699378292956	4.0076148088136	NaN
0.0456796282486193	3.42998691713913	NaN
0.113406331361769	2.60274936237824	NaN
1.86275938361105	4.87500874231474	NaN
3.07614640997039	5.03219259340594	NaN
2.43878077645305	6.96018256549133	NaN
2.67059067992532	3.49513583601949	NaN
2.71060729159705	1.32054020982936	NaN
1.79924393326061	2.12472801221363	NaN
1.63497704047957	0.977397255785836	NaN
0.895065899526887	2.40850187925779	NaN
0.888963026536536	5.16422201001289	NaN
2.81021597302288	7.95884778179041	NaN
2.98013337579737	5.9689497112269	NaN
2.10012114365666	1.9494743692227	NaN
2.28431446433802	3.14418749431927	NaN
1.95262500733748	2.44437674551539	NaN
0.412189755345696	2.16610145974782	NaN
0.361993577819562	0.394460848405242	NaN
2.1683434430982	1.41021228643934	NaN
2.98940475798631	1.89594623856106	NaN
2.95782008361363	1.67631906604107	NaN
2.72408390813285	2.2693212818061	NaN
2.78170835066661	4.79048443369912	NaN
2.37126244746578	9.66647038387587	NaN
1.99141471321381	5.45718099106498	NaN
1.85232400156623	8.45598848406507	NaN
2.19704610826312	9.01776856323452	NaN
2.43304497648324	7.73272930036857	NaN
2.62521600804054	5.20205179178624	NaN
2.92371310854384	4.1100567800833	NaN
0.84935058111541	2.5639321664264	NaN
0.778004219696527	1.45449086799221	NaN
0.0116864173251472	2.39738123259875	NaN
0.136497044331746	2.4912903137428	NaN
2.52862899450538	0.682781592901171	NaN
3.00812292411707	2.39757343304013	NaN
3.08788613684242	3.92498686448242	NaN
3.13538116161071	6.00996351610362	NaN
2.76278277070145	5.75569067524489	NaN
2.0276268611534	8.91988167520249	NaN
0.679068290938452	10.4253114761411	NaN
1.26185265125535	10.2247630725278	NaN
1.28077110258684	7.28668609835454	NaN
0.486108419962807	5.00825290241926	NaN
1.80907022096959	2.54372545848221	NaN
0.514200308932222	3.54327380635769	NaN
1.43013858481204	4.58981892227696	NaN
3.03289239402585	3.40808999518477	NaN
2.61945753981885	5.52130025346653	NaN
2.57912177804181	6.84473054587869	NaN
2.12116859642483	2.6234846230277	NaN
0.432727340053849	0.444428882909715	NaN
0.454507415315347	9.19375738299047	NaN
0.247909189617225	1.22212049076888	NaN
0.729577902776176	3.65658013063256	NaN
0.0624327233376826	2.9075367143838	NaN
0.563101649612216	1.39614342071888	NaN
2.36334332168153	5.882670383945	NaN
2.29800466342999	9.36369481418557	NaN
2.54095905971119	6.5666270854367	NaN
2.36822177924919	4.80557246785167	NaN
0.172852029286314	1.39169947114252	NaN
0.51767456992338	1.38749228651074	NaN
0.637002250821614	1.09434746326206	NaN
0.770311042288634	2.03594062896612	NaN
0.760600617203018	6.12858893753594	NaN
1.10880637378167	6.13558702829669	NaN
1.79423914961783	2.43286689720403	NaN
2.14849945122326	2.02926004368101	NaN
1.86182000773261	1.65034008243994	NaN
1.40004349937566	1.93044763555216	NaN
1.56306119900061	2.03213629728958	NaN
1.2556640561	1.7346151939427	NaN
0.715369478926125	1.30460357845494	NaN
1.41203483338856	1.62191581248152	NaN
1.31976766078845	0.925664311619548	NaN
1.89106656616355	4.06077500124496	NaN
2.85002456141143	4.70654599039763	NaN
0.703889571684035	1.10589009973484	NaN
2.7158221817861	4.63274308110147	NaN
1.82469145822668	6.38772227095101	NaN
1.80257205059231	5.58967159970218	NaN
0.614498095226128	4.20570538901188	NaN
0.858971128149623	1.92581217516472	NaN
1.86293222435087	2.79726532420431	NaN
1.53917813770138	2.39486359375177	NaN
1.50989755851841	3.71738211546826	NaN
1.42264440371493	7.27095185229959	NaN
0.136168982769603	5.40033481060989	NaN
0.184173629387638	1.03692937575606	NaN
1.66346599759333	3.77567298845449	NaN
1.29985724929922	6.33461829579887	NaN
1.85768614596335	5.82577409432128	NaN
0.0510532397036632	5.71050215500057	NaN
0.27037755151887	2.65669047800067	NaN
2.35256647141265	3.95562674294605	NaN
1.58302458629048	3.50837520713202	NaN
1.24815204547645	5.80029201021329	NaN
0.981312321265992	1.52262166316621	NaN
1.31747069408427	4.23275599364586	NaN
1.4865960596174	5.40334602235671	NaN
1.97874846050909	4.39186562973713	NaN
0.324315208745486	4.75054375536519	NaN
0.499313031586682	5.43803090141198	NaN
1.75043804427937	4.73836831100973	NaN
2.27120697009471	5.28111308555038	NaN
2.12566682133261	8.81790635560354	NaN
1.3694399761408	6.3352863660103	NaN
0.416223587658859	4.5494289739957	NaN
2.61179739934622	6.6667492349949	NaN
2.09230567663876	8.35952289193547	NaN
0.182019958107569	3.63047414721274	NaN
0.96942446572262	5.60138829879583	NaN
0.814708024454901	1.41749070585315	NaN
1.18155791744622	0.809472467731495	NaN
2.28093792598216	0.681046250363497	NaN
2.6669013071067	3.98384151874519	NaN
2.27528153355784	8.6180493364188	NaN
2.84902895430968	2.78484429496044	NaN
3.09740651299564	8.6399008008596	NaN
0.191393573324185	5.53135891935505	NaN
0.124741194302363	4.75866765480398	NaN
2.24950131102671	7.52355183370559	NaN
1.71137487177931	5.19271305439813	NaN
1.96693874881956	1.86111832543708	NaN
0.0947760884751266	5.5521872303353	NaN
2.79151057712558	6.71866017692467	NaN
2.92535014078957	4.4660335272531	NaN
2.34682422831689	2.08094929578807	NaN
2.32019390958829	1.22191881165588	NaN
1.30766648386941	2.75149351811933	NaN
1.36090682382093	9.84691208238334	NaN
1.13243893697194	10.3611061794851	NaN
0.407955778232525	2.17674001897806	NaN
0.264597789172017	3.74851715442919	NaN
1.32946759927125	5.26879850863355	NaN
1.59578035637218	2.73086516374319	NaN
0.0836340189847926	4.53743806239362	NaN
0.381593744253138	4.96395326254941	NaN
0.824601878108474	1.41312181545362	NaN
1.86973871252221	2.00474327975385	NaN
3.01751284278681	1.41437026431132	NaN
1.12456249813543	3.50227231377267	NaN
3.13662133867295	2.55425292651158	NaN
0.0953799892822759	0.658596533253858	NaN
0.00200655899120898	0.730456731397525	NaN
2.91740526452217	1.59258842694617	NaN
2.93853903733718	1.27481476292106	NaN
2.72813167480952	5.25917866814031	NaN
3.13419504286429	8.41313480977404	NaN
1.48543514086396	5.57847599625132	NaN
1.69076958334087	1.36576286347008	NaN
3.07907112387554	0.344218499092836	NaN
0.856466549618637	1.24261957504302	NaN
0.619701054561224	1.73707621890184	NaN
1.00948983916766	0.597473999037381	NaN
1.70944344204449	0.382201661841026	NaN
0.929706256713495	2.61563559689125	NaN
2.0818836783272	1.20400471362339	NaN
0.492330329924114	0.407906571410341	NaN
1.05568124420652	1.45285721453288	NaN
1.3038142326754	8.95036565364125	NaN
1.32935459146212	4.54223595177829	NaN
1.2488165514499	3.85095171871984	NaN
1.95606907453281	1.85588032322326	NaN
2.16444302713028	0.69461419082068	NaN
1.84839520778631	3.08349093845929	NaN
2.57178838906154	6.71305859459338	NaN
2.8615510362852	4.98939949066586	NaN
1.0705025905436	2.48774141497434	NaN
1.08143095179035	2.0055985342073	NaN
0.682210540242241	2.52945229812364	NaN
1.05739756369827	4.13830990289565	NaN
0.951185856806211	9.25947631148972	NaN
2.25792838954096	8.08414280070469	NaN
2.53417769751925	8.90625316162074	NaN
2.75938984844077	3.45507273653409	NaN
2.72016423168975	3.61065520440462	NaN
2.25877704033424	10.0630275456647	NaN
0.0347153540269056	5.77188025153873	NaN
0.282488648364554	3.46266769660979	NaN
0.891690521045012	4.75609523818585	NaN
1.74353534792841	1.39883350859377	NaN
2.37686370058761	8.8124264463515	NaN
2.10210676414223	4.48980650734219	NaN
1.62299725691974	3.3358335858306	NaN
2.10251607110811	2.33181813021936	NaN
1.86136890580707	9.719588962511	NaN
2.1702026866926	2.18943737780146	NaN
2.18262509605434	4.98047660760774	NaN
1.82038687447812	6.63412058610796	NaN
1.29313176334222	5.89613543518354	NaN
0.201042482245935	2.86705064291676	NaN
0.273707197075894	3.905575208983	NaN
3.07209719655662	1.72116339006817	NaN
3.09345597863307	2.71819418968604	NaN
3.03654362992628	2.33770240256782	NaN
3.08780554341959	2.15213493853874	NaN
2.13415182244943	2.02680151102038	NaN
2.77149606261992	3.01756247200649	NaN
1.4675353629516	5.43660970145015	NaN
0.836480464120507	4.94870959627186	NaN
0.873055276677466	3.2185737864981	NaN
0.765626094300301	8.9540300530225	NaN
0.700245367063033	4.45559871574604	NaN
0.393562787155011	5.75219840834166	NaN
0.810639338244255	7.72810528652366	NaN
1.68593330583507	7.12245762017151	NaN
2.04609967414288	5.09027544276268	NaN
1.93548140164699	2.41695753473647	NaN
1.44295104433597	4.30406085023518	NaN
0.960363777650923	4.49656230975725	NaN
0.732770397200147	0.314820119595741	NaN
0.631644073903039	6.24304777940701	NaN
1.03517068764016	10.0880489247088	NaN
2.00962633483685	7.18474060752171	NaN
2.58768041251823	3.400829456432	NaN
2.01107106825569	2.9697791658847	NaN
1.4042683246877	1.53113088569115	NaN
2.03310196502292	2.33887380650396	NaN
1.90612913119416	2.37966479061637	NaN
2.71551596261727	2.11767512081604	NaN
1.21130564114409	1.11757500607494	NaN
2.65796234397164	1.40579346620634	NaN
0.815487282402486	1.71781821782047	NaN
0.858873144034127	0.975624202424307	NaN
1.55477216801392	10.4465529375595	NaN
2.38377060509676	7.58880341300141	NaN
2.862148292837	5.04447127970097	NaN
2.53562212234818	4.71164398685639	NaN
2.06595287387413	3.58240989177613	NaN
2.0237160258055	2.29053865951733	NaN
0.888131332580896	1.65962887940718	NaN
0.231137819236055	0.88034654810987	NaN
0.9113539749238	1.72768804823774	NaN
3.13554178735834	4.31816959829948	NaN
1.23968423032754	5.34359980971763	NaN
0.34454228631575	3.10525579903714	NaN
0.747628456645389	0.701610954857165	NaN
1.08654232996332	5.83091543857474	NaN
1.26547022653492	1.086708653534	NaN
1.35568568041793	4.14679239829051	NaN
3.08298107018556	5.70860595014889	NaN
1.22574982574785	3.00482396109823	NaN
1.6510324645128	4.33982358901932	NaN
1.83388211471576	8.34028969131162	NaN
1.19562838406682	2.69982047318067	NaN
1.23235134889744	4.56757683149003	NaN
1.74077518271921	1.66796975671841	NaN
2.41956327626777	2.97710096981636	NaN
1.31842085872845	4.01900447363329	NaN
2.442684694183	4.77086091714193	NaN
2.83369666265167	5.70044747438851	NaN
0.273146808378861	2.19323420265184	NaN
0.417955055031161	8.66995962226617	NaN
0.184312327276994	10.3481018328458	NaN
1.59755861148926	10.1204929468861	NaN
1.75279988009667	7.4587738941114	NaN
2.02727917299511	5.73741271537905	NaN
0.809093418990382	6.75272136135923	NaN
0.962541364974841	6.75060093560946	NaN
3.0639677201619	5.55482749688201	NaN
2.81934239499856	5.5589606076231	NaN
2.70511643887235	2.2356053951003	NaN
2.22160310866162	0.234584492876241	NaN
2.1251635108701	3.65501998356403	NaN
2.04768536251583	7.41747771624835	NaN
1.71168944698699	9.36558312519524	NaN
2.0102781136425	3.38327391567914	NaN
1.312678140697	7.01879147699506	NaN
1.46557825650638	9.3432127359162	NaN
2.34569201862848	6.74996282551263	NaN
0.937701126420311	0.905279928008755	NaN
0.730509135134766	6.14791625450393	NaN
2.29786506132093	4.59161890183492	NaN
2.59169636184112	6.07682545409592	NaN
2.8106972279382	1.34876713110716	NaN
2.91650493872077	1.55348978742355	NaN
2.60227432647201	1.82529488822658	NaN
2.32702221416849	0.449933972430663	NaN
2.93413483394708	2.16301476161684	NaN
2.8639020246631	5.43002960354261	NaN
2.51518270747485	5.9088331508304	NaN
1.46906881993462	2.35925652626854	NaN
0.785787939431078	1.58027976910862	NaN
2.39028837405331	0.11499310734992	NaN
2.51277866536265	2.21658692026405	NaN
0.208890826329713	1.84754532415987	NaN
0.0851607319345148	1.46503726586103	NaN
0.243881279644153	0.46385543039037	NaN
2.92126624682495	1.83399881378957	NaN
2.83375789292476	3.07186186115086	NaN
2.61159249003174	3.57789975058331	NaN
2.34782325003943	5.8219187812676	NaN
1.48554801091779	8.63844361057775	NaN
1.29470296569236	6.78131761897141	NaN
2.51410667000111	5.02747587630091	NaN
1.94284849219804	0.729394058795097	NaN
0.97694844456812	3.52486193164489	NaN
2.76215751551072	6.40666644929849	NaN
2.46240205373724	5.63107145438771	NaN
2.30497152916197	4.77022531093112	NaN
2.62321886270504	1.8840718713796	NaN
2.92050822134182	0.858687031850052	NaN
0.889850147362329	0.885088835087372	NaN
0.432593687123965	4.06134041506198	NaN
0.276341392905703	7.75763050332213	NaN
2.54471486815792	7.61731371990988	NaN
3.03671261371592	3.46829166027361	NaN
2.81536086469706	2.70323503930256	NaN
2.55334245516187	3.356000766559	NaN
3.11380333996285	0.209962993060515	NaN
1.20066113964368	0.15010749613565	NaN
1.60594915366533	2.39676558438321	NaN
1.1814814499405	3.6736625955393	NaN
0.156065014389561	2.40006828374885	NaN
2.827344206664	1.26330225094977	NaN
0.976056174726444	1.48508178908046	NaN
1.39265637360687	3.61840079107499	NaN
1.45476582718022	3.49731773835971	NaN
0.203470986372848	5.15323506911273	NaN
0.0998955086701153	5.90039339146691	NaN
1.5371258951495	0.601015140094127	NaN
2.0786798727475	2.29357638208751	NaN
2.40296911225584	2.22884305587974	NaN
2.03250793593839	4.23097378215959	NaN
1.26541368594982	4.81671335805691	NaN
1.26004591248512	3.52742572729296	NaN
1.59141050224501	1.55916783262137	NaN
2.02949659414305	3.78252000482412	NaN
2.08897979958681	2.05295909307624	NaN
1.80537585690611	1.46922049713565	NaN
1.71913152517691	0.195839350474549	NaN
2.36937904256349	3.95211035501672	NaN
2.33972679607559	5.63629271536239	NaN
0.286019259628036	7.88041372647679	NaN
0.808568364256258	5.44624880265077	NaN
1.05277523334373	3.02529206495088	NaN
2.19930283297883	2.00658929559291	NaN
0.908931255429134	0.771827601355328	NaN
0.405461260447761	6.11514559713253	NaN
0.274288709176231	5.87281974748176	NaN
0.855126059623375	0.438399159872182	NaN
1.30738805908042	0.413192467143607	NaN
2.01086917982847	1.12259630451206	NaN
1.68594268353397	1.88132251846251	NaN
1.67730798029816	4.2776254496184	NaN
1.41188276633108	0.505123398254799	NaN
2.24454536724414	3.09085301567715	NaN
1.79709618551941	4.6124094933294	NaN
0.807102858385042	1.95097145207903	NaN
2.26631635968587	2.07772023871739	NaN
1.8484818060355	2.68393646372978	NaN
1.52476063233614	0.58145255885268	NaN
0.9782040446453	2.08670137838596	NaN
1.53133541325495	4.39035085636295	NaN
1.83762657321178	5.23682319542109	NaN
1.40496388922021	1.52273060185648	NaN
1.67129737173721	3.18829546427963	NaN
2.27358974649004	1.81333698223889	NaN
2.66103212217854	2.37383003935332	NaN
2.60842001439621	5.12539032524376	NaN
2.88805683203146	3.63577424630781	NaN
3.10635776797783	3.93569348634168	NaN
2.62426727514164	0.554697060244323	NaN
2.9693359887913	1.89706367658021	NaN
2.04669350118188	0.423244772765087	NaN
2.48259025876482	3.48943543574149	NaN
2.23586004669265	3.61797961436045	NaN
2.18662553597655	5.45539966429276	NaN
2.35932774283125	5.07502200085435	NaN
1.62641837243664	0.82573375145549	NaN
1.37033163728398	1.60591554145489	NaN
1.19930323729117	2.42164498853049	NaN
1.88994088013513	1.27498057622802	NaN
2.73542297089065	3.07839212706779	NaN
3.09108902058041	7.11142988743929	NaN
2.6107537966455	7.89907873036827	NaN
0.32819691828323	6.75694845734549	NaN
0.0399710747235955	3.62506089129561	NaN
0.385619289661378	3.45816328792311	NaN
0.917244109093003	6.44211129214469	NaN
0.290241744823284	7.20427720922655	NaN
0.0662105139350981	7.1886668381121	NaN
2.2312647443674	8.88009078964414	NaN
2.27544206911819	9.17801818072965	NaN
0.0985373599707906	0.581367350469721	NaN
0.636711192514964	4.13225243915352	NaN
0.856761252661697	6.58476295626429	NaN
0.625625988127893	4.41316415921316	NaN
0.860606262358656	7.23078451275681	NaN
0.687058240368808	7.952351907023	NaN
0.245191688118361	4.87617050344205	NaN
0.134665788582914	4.52442037576685	NaN
0.404185304127106	3.28792458210368	NaN
1.99265880989127	3.07289164743625	NaN
1.17356017957865	2.28657648574624	NaN
2.45892978663059	4.29816483949655	NaN
2.75483571607569	2.05777384402805	NaN
2.55085159081805	3.80445672984648	NaN
2.99924327214571	1.30022659416731	NaN
3.04134178678916	1.08790016423119	NaN
2.75745687836998	0.463034083786259	NaN
0.352033915231636	2.89365176444627	NaN
0.125144309043658	2.92900595413627	NaN
0.214025170044779	3.41182818423137	NaN
0.377163823948229	2.59455945694156	NaN
1.01298893400545	3.59885399656497	NaN
2.4962918848579	0.723996756508499	NaN
2.14793494945026	1.81674195005322	NaN
1.84169820997906	2.26480351921986	NaN
2.30935614393242	3.72231847982387	NaN
2.60911098174648	1.32902232109305	NaN
0.0118940691834186	2.63760647817635	NaN
2.85567526881206	1.39949642698272	NaN
2.69104790123016	1.16556679838446	NaN
2.88596596729316	0.558197865442406	NaN
3.00427263622135	3.66715277613231	NaN
2.35279450517503	5.10089600601493	NaN
0.29401037774441	5.85364260167406	NaN
0.362783112387086	2.85061284633306	NaN
1.43384203697165	2.47175959720273	NaN
1.7332076847358	1.80312852031857	NaN
2.75173829788881	4.55270526564249	NaN
3.08843903308569	4.42239373574936	NaN
2.37694214822128	4.50606784600185	NaN
2.75584447944201	4.40518483760757	NaN
1.41734670726465	4.05904339270402	NaN
1.53621461526724	1.91113094563204	NaN
1.36433535969749	3.00341246232471	NaN
0.697312397690645	3.49694500269272	NaN
0.547678526037469	2.06862588978866	NaN
0.999562357669733	5.06801021745314	NaN
0.962807853486232	6.02809875523866	NaN
0.710925619502775	3.77356793314915	NaN
1.88778103834574	4.26366409933269	NaN
1.80899294899749	3.516511935239	NaN
1.56791781705701	2.64968229527558	NaN
1.71502153185258	3.11555699914863	NaN
0.393522305144884	5.17060200235192	NaN
0.314600966715364	1.77349624202991	NaN
0.526312336128165	2.48181785155117	NaN
0.400848033520739	2.16764660794365	NaN
1.45988073983373	2.8694187807925	NaN
1.8283932150592	2.19162400734975	NaN
2.20761994632424	1.47470147065605	NaN
0.278565556366334	4.63152579691525	NaN
2.48606944416591	5.80588642763989	NaN
0.882908533132099	3.18035821164914	NaN
0.674485990687211	2.38471585602259	NaN
0.837602191268459	2.0364216500026	NaN
2.16451291936909	2.99014972672897	NaN
2.67950988917716	3.1447458605959	NaN
3.02630725119734	3.78725854080133	NaN
1.92430634431722	4.00381392029052	NaN
1.33185667450708	3.84145488567893	NaN
1.14640584534906	1.08365678603551	NaN
0.421142664201055	4.22727354327211	NaN
2.36652330091939	1.00367179211028	NaN
2.46737157031831	1.06268527070387	NaN
1.9043458043842	2.7199256389932	NaN
0.255014883210454	5.12912231403882	NaN
1.32695860663822	4.95809859930701	NaN
1.35012012677777	2.2288063208489	NaN
1.28931765005231	0.832502639529154	NaN
1.3672190295048	0.307422009475893	NaN
1.34338216528667	1.48679808006429	NaN
1.75474541897547	1.93473235219994	NaN
2.08800601919838	2.29035629026399	NaN
1.9110163334122	3.82040214224139	NaN
1.87158657825362	2.07275884554591	NaN
2.82064412810218	1.79500508595505	NaN
0.723403004169148	2.02441655720688	NaN
0.818247794638265	3.91734021968978	NaN
1.79276376715756	5.75739973125086	NaN
2.0938680169151	6.3789627043594	NaN
1.22304909589681	6.20024897283563	NaN
0.965248963899518	3.23539456531809	NaN
0.612889219673841	1.23866975465526	NaN
0.627923346681788	2.45876055871299	NaN
1.20240413266631	1.10243564060553	NaN
1.44971394388096	2.3272993219465	NaN
2.37004329041624	2.79188213836351	NaN
1.33452124323078	1.51785976027989	NaN
1.51844006142158	2.10206905540334	NaN
1.32378222686571	3.73148046268581	NaN
0.690273852557122	5.28874672968667	NaN
0.986199030476529	3.76918383685016	NaN
2.2112753777436	5.85581843589021	NaN
2.12660863982601	5.80557175804946	NaN
1.46609410188348	4.35760820049695	NaN
1.26186406335605	3.68668755895175	NaN
1.44619263083325	3.08953354401933	NaN
0.0555352338865315	3.00273739024665	NaN
2.25042289800582	5.5359464111706	NaN
2.19089231255137	1.87646087254535	NaN
2.7005746223962	6.03885832834272	NaN
2.72044428276514	4.74510428598691	NaN
0.612194932267941	4.28305994159604	NaN
0.062723626477648	1.62215998178844	NaN
0.0566500881356412	2.12525383247788	NaN
0.414303937161957	8.47675489524086	NaN
0.484867555985595	3.46358778156034	NaN
1.78485752737736	7.26405045662059	NaN
2.57138938682621	9.28749409846237	NaN
1.2520785319509	7.96167146859219	NaN
0.883740517825256	5.52734246934058	NaN
1.69012434159935	3.26372069586318	NaN
2.23465857165726	2.92009431109671	NaN
3.08237539030739	2.57383104259577	NaN
1.9068425964413	1.45281248174452	NaN
1.68893521182833	1.88679837361453	NaN
1.52113523936566	6.87204823274937	NaN
1.54574598046673	1.88764671062264	NaN
1.69596096288748	1.75613445678407	NaN
1.61310716103338	0.922103335388172	NaN
1.44074789213185	9.91723436491338	NaN
1.45345213930508	9.08542537759128	NaN
1.44297177629877	8.57395425830798	NaN
3.07841952416725	9.26835553571781	NaN
2.26379114219002	7.98285461773223	NaN
1.12852933059801	7.19071944218761	NaN
0.711846455813766	3.38135379007471	NaN
0.252542277854662	1.62167086190367	NaN
0.60570348395315	2.06233245792935	NaN
2.10269916845859	3.51019392980075	NaN
1.16777642715352	3.29934504786974	NaN
1.54227980085293	5.08715069417639	NaN
0.193752937434152	4.84052707563558	NaN
0.0796863972741882	1.98622724818299	NaN
2.92981242664022	1.94144834932421	NaN
2.90651049234296	2.34247469423251	NaN
2.87007619273813	1.37157903806829	NaN
2.16412658075715	4.81004611703394	NaN
2.98731458945125	5.5506823883175	NaN
2.00438133592043	3.42091291162691	NaN
1.15958583266589	6.30275544849917	NaN
2.355430257053	3.00749670619752	NaN
0.0887478411218685	5.16856517436897	NaN
2.50183022182741	5.96843614611995	NaN
2.76692217401347	3.14555246987928	NaN
0.45707363024594	3.07742410786632	NaN
0.340965547396847	5.43609532740622	NaN
0.182471911900402	0.2673226262644	NaN
2.25254214833171	1.69512509405778	NaN
2.90349986600114	2.59307072833535	NaN
1.41370534012593	7.26072295527279	NaN
0.995189500922051	7.07064450507522	NaN
0.930259564641659	6.73684064368531	NaN
1.21579522425598	6.1059628259156	NaN
0.0912480357885984	3.39102577143592	NaN
1.00637259612288	2.41632299121298	NaN
0.851668233713675	1.96981700949057	NaN
0.16190886345713	1.34795460903832	NaN
0.46615146963947	3.85249423355335	NaN
0.4899632314588	3.18409445875176	NaN
0.639317199200757	5.83963734099165	NaN
0.0729599118304628	1.27350610183349	NaN
0.137735282653212	1.64230486848883	NaN
0.89638550737056	0.938067018462239	NaN
1.8020232682952	2.05144187648823	NaN
1.72897486442699	5.63922869371133	NaN
2.06228602809988	7.7881749940901	NaN
0.786820984835772	5.0925670892474	NaN
0.229049715938885	2.23364886812967	NaN
0.239754987281383	1.20622327064532	NaN
0.00727385611408133	1.54162802676743	NaN
1.29014481337545	2.35081444016437	NaN
2.29291722303032	1.9820934513119	NaN
1.74455108960644	1.82324579243169	NaN
0.534991931284873	1.73518142318713	NaN
0.202907921964637	1.13042683519933	NaN
0.742944601101456	2.04617434719168	NaN
2.17576962258848	3.64484816208813	NaN
0.516636412218497	2.22471025841235	NaN
1.9975533097947	4.97394789729302	NaN
0.512550105692829	7.9890800172449	NaN
0.478454910192639	10.1961775605658	NaN
2.68148434945442	7.60006516297714	NaN
3.019432867228	4.81115721027391	NaN
3.10636047950534	4.77363531244235	NaN
2.80390755371241	5.56931189296265	NaN
2.06604403299799	3.7479319034728	NaN
1.97761833165683	1.51967312211786	NaN
1.27463808678201	2.20571282242567	NaN
1.06288204431614	2.28529724422997	NaN
1.36845622459062	4.64169116244634	NaN
1.02325450870519	0.872198855980125	NaN
2.84193287640081	4.99839235459816	NaN
1.14539550137464	3.79759860219607	NaN
1.55451137138044	0.447942608117811	NaN
1.60697400574156	0.669684538485358	NaN
1.39516676933914	2.35447368447772	NaN
1.43970593512377	0.480117569890282	NaN
1.49800431367403	2.15422120557624	NaN
1.6009911936966	2.30145112494074	NaN
2.15316337840075	1.07786985360071	NaN
2.53626141204211	6.26672943423203	NaN
1.89593919875857	5.19208191582865	NaN
0.227227784105587	3.84926193249743	NaN
0.158881908528068	1.75796188948986	NaN
1.19425300418259	1.89449933076253	NaN
1.70936354149117	3.41091781759674	NaN
1.94764164112883	6.02388246151061	NaN
1.1222554548233	6.94873336520965	NaN
1.04768071681153	9.38757638491947	NaN
1.43207397293785	2.49598189683529	NaN
0.797939490218422	3.01166015555332	NaN
0.675444532341834	2.97563100239099	NaN
1.327230307555	5.91949741376725	NaN
1.69689919404733	1.23536779673594	NaN
2.33349051638039	0.48079072761525	NaN
2.13995811635742	3.71126157071287	NaN
2.179041134191	4.26895602603692	NaN
1.56990283723492	3.87582655314188	NaN
1.17114163892001	6.41398371765073	NaN
1.00298208474136	4.76234126109972	NaN
1.23817066010605	4.0468444877185	NaN
1.14824363269378	4.8932400920982	NaN
0.988468303808474	3.84901662254175	NaN
1.11696111859501	1.45352919591643	NaN
1.80551618097911	2.42086515126044	NaN
1.66734327604396	1.61489318632527	NaN
1.24944356671722	6.61175612840504	NaN
1.17046266356685	7.2355775786844	NaN
1.96016246456108	4.85632366665418	NaN
2.94012266739268	3.83773072548792	NaN
2.11916711794833	3.86440505902731	NaN
2.57213295230323	3.77455322817423	NaN
1.88313722772012	1.92015793426704	NaN
1.58182450083349	0.936499325755245	NaN
1.59362173883055	1.81093285452695	NaN
0.963904734215141	4.09631816135999	NaN
0.227125089141966	5.59932377794333	NaN
1.28854008800985	2.54127001803385	NaN
0.940912393474772	1.9928894104838	NaN
2.67306423487072	1.31274576290008	NaN
2.940656897625	3.32007078148202	NaN
2.10979939300923	5.64915549123685	NaN
1.76231088901456	7.72284684756528	NaN
1.65394110198055	5.5498067540468	NaN
1.22802657490393	3.81786566758562	NaN
2.17893879299899	2.33080916521231	NaN
2.19301984143714	1.15964086672467	NaN
1.77452211133754	2.15028762838165	NaN
1.81897990740454	1.39425102014071	NaN
2.96305736080291	2.62824392408456	NaN
1.75870423693091	3.52393214195899	NaN
0.764275582338285	2.74292758720911	NaN
1.94901804521933	2.63513401907691	NaN
3.03619206316308	4.91362327264091	NaN
0.680445713129917	9.04736189617362	NaN
1.32271330761957	8.83020492291762	NaN
3.03684175373827	7.44292105075551	NaN
2.60681941155286	4.54566213255426	NaN
1.93863863012915	2.62140503472587	NaN
2.07355785007208	3.17633573295736	NaN
1.13295279161235	3.66153725221553	NaN
0.0162389463221657	4.46780670811369	NaN
0.0665079987167589	2.03760138612138	NaN
0.34743578042479	0.745033043109329	NaN
0.350829183857475	2.7432618226074	NaN
0.315500307855298	3.22346283124996	NaN
2.59963438082499	5.00968397841279	NaN
1.96824482747731	0.285960618306458	NaN
1.59660848439145	5.54760145833727	NaN
1.73293933826338	5.98513824428669	NaN
1.91643238449077	6.09419617661525	NaN
0.417081114499662	5.63509088537417	NaN
0.0110381858811154	0.778240075306002	NaN
1.3259127725645	2.42313323002198	NaN
0.653296300470256	1.79578626770134	NaN
1.12526542718497	0.871208476595399	NaN
1.92986359872113	1.1143563629247	NaN
2.1838734855578	3.43736835874168	NaN
2.45370617539564	3.68759007051282	NaN
2.4603266170645	2.83847891640067	NaN
2.66337316660375	1.18429417384842	NaN
2.10775333799789	4.1769594450352	NaN
0.599737631979389	9.02909109058322	NaN
2.3922836271873	6.52106032516291	NaN
2.37381625942568	5.07360004183079	NaN
1.96689113331697	7.67236773479177	NaN
0.470433486601882	4.77851342581739	NaN
2.68573246888384	5.30486542322109	NaN
1.39400955262222	6.43811506263419	NaN
2.46532272592452	5.67059884754214	NaN
0.649596872270239	2.55545136083826	NaN
0.586037926466071	2.728225678011	NaN
3.03968119974857	2.70874762585687	NaN
2.96329988056278	2.8380218524291	NaN
1.62391520164316	2.21354801468694	NaN
1.82407625398398	2.17756077689166	NaN
2.51503950890095	5.77093007805345	NaN
2.77736604801559	8.30156689042512	NaN
1.52892076185596	4.94175534981426	NaN
1.95248590065309	3.13783509592313	NaN
2.60206385757344	3.19167252228923	NaN
2.48161395143591	3.09050310894632	NaN
2.86032388826731	1.42605740911668	NaN
0.550545539660947	4.69682179006977	NaN
0.0177527703508256	1.3086916035181	NaN
0.700975896243245	1.41942176592644	NaN
1.32561200956133	1.79005405350992	NaN
1.41240240973189	1.85679823138605	NaN
2.2331090326638	1.90108775628338	NaN
0.711938826004833	0.832096900673642	NaN
1.0569991395648	4.44636996709185	NaN
1.86841798919482	7.85107892206249	NaN
0.484431333679693	4.86608835265003	NaN
0.665660024506008	3.11478907133496	NaN
2.69260541438673	3.19969932105381	NaN
2.83577403270587	1.14533429084764	NaN
2.60443055933859	2.05867134299603	NaN
1.48935969002228	1.11933564464491	NaN
2.41652694558236	2.96339320350444	NaN
2.67659012468578	2.46970961296075	NaN
2.92080035791723	3.31911099688868	NaN
1.34427957116321	2.28843251127847	NaN
2.30890217250295	1.05581567960619	NaN
2.45521789774563	4.08608501924023	NaN
1.99368556725474	2.47844134629037	NaN
0.957374652980513	2.7312895744335	NaN
0.21600284709532	3.51445360019633	NaN
1.20078284300742	9.87601779063707	NaN
1.43559762798489	8.96452844618591	NaN
1.50339969713647	6.89483055443805	NaN
1.39524641900773	8.28532878816228	NaN
1.17773875594091	2.34625360218951	NaN
0.138854217832453	1.15615575324433	NaN
0.861828880966373	1.3880208609776	NaN
1.25033499928903	6.65360827279282	NaN
1.9586326674609	2.01537158769216	NaN
2.3619103619539	2.40564446065855	NaN
1.20047927059165	1.99068568733727	NaN
0.720126290039928	1.15295730361351	NaN
0.546096598063086	1.21344698801671	NaN
1.80189850215319	1.46424572765065	NaN
2.05296508878533	2.85795582946937	NaN
2.35459884877057	2.4554936129611	NaN
2.2896351273927	2.69904415461681	NaN
2.28572268651011	5.01792268803802	NaN
2.20508585369105	1.99552887265186	NaN
1.69893716176668	2.72657219563483	NaN
1.56122081728151	2.30834242266155	NaN
2.24477515900798	2.61485657161345	NaN
2.28752559198879	4.06662463542158	NaN
1.64245815099718	5.40776153627484	NaN
0.934143572300264	3.81581179073538	NaN
1.14498732329515	2.32709350054309	NaN
2.19538421289411	1.02036458588907	NaN
0.922964488838403	2.4704368861387	NaN
2.21873122077496	3.55274733577654	NaN
1.00402312593838	4.12689709230195	NaN
1.35367809270541	4.20579859247023	NaN
1.32944718210564	6.63841518695759	NaN
1.85611793023577	2.91782884264016	NaN
0.610595006458714	3.51697379110966	NaN
1.3449319085184	2.2137047388951	NaN
2.25837553500266	5.35763436084677	NaN
1.03630276181298	5.2456713060094	NaN
0.0346767367915555	7.99393881847935	NaN
1.17229742814513	5.95893498941283	NaN
1.5524836416624	4.18637096728536	NaN
0.24670999461644	4.61273327313742	NaN
0.235266609688586	6.58663811462118	NaN
2.77642213947425	6.02221097116599	NaN
2.23532037797015	4.72069720667853	NaN
1.85176006347545	7.25003695570971	NaN
2.27374308794615	5.89283417557284	NaN
1.95989755688561	0.928294745208565	NaN
1.93342499903477	2.5014615590028	NaN
1.72546676964187	1.69237972422484	NaN
1.11230449603708	3.12968172544643	NaN
0.726907868673232	7.03534861936827	NaN
0.623939986940767	6.9998121350909	NaN
0.946343275841673	5.07698238526469	NaN
0.988141411483235	4.92019976208804	NaN
0.406875066068703	1.13888268816949	NaN
0.33902380046941	1.05112621287714	NaN
0.800399511278588	1.64472856369798	NaN
0.364125240444595	3.19921375191338	NaN
2.98621569587534	1.62363223222127	NaN
2.38745848758788	3.31832495585365	NaN
2.13573009287361	2.83583250458237	NaN
2.47183477320173	3.35906739514139	NaN
2.50701439193166	1.24251524447538	NaN
1.03155471830033	3.25386876908141	NaN
1.13710757446353	4.92474474070102	NaN
1.31553222921472	1.97549330133503	NaN
1.10394321341109	4.41709844758319	NaN
2.49507474187617	2.37514659455108	NaN
2.17395501081753	1.77136409829516	NaN
1.69786405233792	5.59148838502236	NaN
1.19675209819123	6.15981268603997	NaN
1.01616267877566	2.56183422905769	NaN
1.26330085125861	1.03094562598739	NaN
1.03675492023116	2.34072244714518	NaN
1.39479444454465	0.302767647954283	NaN
2.4762399779742	1.84077723054456	NaN
2.01538330035194	8.79012442971136	NaN
1.82369249764875	8.51113319171804	NaN
1.81123243276355	4.76711055362678	NaN
1.73642626322097	1.41280188528699	NaN
1.57830991795057	1.61998662885139	NaN
1.5554059691079	0.726066109907053	NaN
1.76368583615453	7.67549002747414	NaN
1.89246804033246	6.84782010051517	NaN
1.6777781672932	1.95942916994588	NaN
1.43563762474345	0.635951853400083	NaN
2.06666947710019	1.13019004515165	NaN
1.82475123436135	1.77408862291879	NaN
1.44658821069379	7.1484604627502	NaN
2.92294478807602	7.63161642506239	NaN
2.60362402376491	3.86568308513226	NaN
1.44051767070894	1.99082135299759	NaN
1.45234097799535	3.3560773696492	NaN
1.28326042984105	2.66168414422178	NaN
1.36165106590381	2.9764782581811	NaN
2.0361247242908	3.67777400940131	NaN
1.60186886009571	2.60482076088271	NaN
1.77313848230071	1.03999724481651	NaN
2.11861807067906	1.41165892430151	NaN
1.19241570498813	2.54821604336133	NaN
0.998556751774832	2.9398178588937	NaN
2.72033131691199	9.02472512518991	NaN
2.78146830690268	7.31416713309003	NaN
1.71076552573522	10.3338384379745	NaN
2.48661148346353	9.66331129883879	NaN
2.40436750075233	10.3444848014403	NaN
2.69044466619734	7.32063615791837	NaN
1.88771814295782	1.60920142711513	NaN
1.85684785739533	1.77734154250767	NaN
1.59929144412553	4.55830148939414	NaN
1.4906886915659	5.47032343318845	NaN
1.03386950907436	2.73784252783591	NaN
1.97038271151776	7.30285865046716	NaN
1.89134479004301	0.518399752268786	NaN
1.26254036503287	1.98751479804269	NaN
0.640423310683385	3.6113871588652	NaN
1.16091688452259	4.91975876307639	NaN
2.55455808194691	9.46061350488185	NaN
2.46778152541633	8.49130523478301	NaN
0.272481317123229	6.89542074187013	NaN
0.839551299462332	2.23407374608519	NaN
2.09708036534391	3.30457278321667	NaN
2.69056055138637	5.83446251949231	NaN
3.1265073736673	6.03745476080526	NaN
0.539235343922837	2.19449909987922	NaN
0.713481066728705	7.27713742343619	NaN
3.11311910089637	10.4510142161075	NaN
2.54698905310886	3.34113770856896	NaN
2.66035046876216	6.03683004722006	NaN
3.08934970427393	7.64773971191718	NaN
3.04015450476571	4.81308387204736	NaN
2.69320968376994	2.46179797746744	NaN
1.48412123620162	3.29749239570207	NaN
1.03178952506545	5.30840986747866	NaN
2.09737040849317	5.75969798660133	NaN
2.42338142572742	4.04327274556503	NaN
1.11715684374827	2.87501400369101	NaN
1.62588891176001	4.21366913731763	NaN
0.161425912963444	8.07953638713669	NaN
1.31375847491956	8.60501671143054	NaN
1.5853700872136	6.02212305730836	NaN
2.37389877401123	9.08822163452351	NaN
2.01697543424689	3.19549470668498	NaN
2.13649293666649	9.5788080465585	NaN
2.27210142366473	2.52763388737258	NaN
1.75273356220242	3.28642633603741	NaN
2.49192403852387	3.13583902394897	NaN
2.7588564400947	9.10394901147115	NaN
3.00118640039767	9.8407852331925	NaN
2.67628380062595	9.55814420843021	NaN
2.77003491280427	9.39778429297719	NaN
1.69461022583174	1.65343118976652	NaN
2.4867096367138	2.13113355890958	NaN
1.35927568545404	0.949578047421615	NaN
2.91187444007224	3.76797889917208	NaN
2.80866802745166	7.21291695545374	NaN
2.7094076401801	7.26416228602353	NaN
0.471560227403553	3.1068002207834	NaN
0.632121085993927	1.8006227732771	NaN
0.440463314374418	1.12343985945356	NaN
0.264001984332088	3.28777872578722	NaN
0.210852174530724	3.12052951983967	NaN
1.17418213172878	2.630934071025	NaN
1.91618703243582	2.15497855471882	NaN
2.30866227707922	1.56279430051247	NaN
2.40146593969199	1.67508120030471	NaN
2.28601701771831	3.45110148615652	NaN
1.6609906784535	0.629856789487859	NaN
1.13601301504011	6.81256870955058	NaN
0.0666227024548959	8.6759415229026	NaN
0.186732990622835	2.83519296737644	NaN
2.74115489696457	2.31266885741466	NaN
2.75881484195595	3.94633814491561	NaN
2.28510932791789	6.06934087404573	NaN
2.26389758048366	0.619762434037014	NaN
2.45087813222574	5.73378486098295	NaN
2.1345101191424	5.54159370958358	NaN
2.44118427487382	6.24929919681219	NaN
2.75258655331675	3.95940604902559	NaN
1.43830917621279	1.37978751171153	NaN
2.2799528402527	2.26506319877591	NaN
2.4088455684202	3.99366293135869	NaN
2.54132342222251	10.3208274304035	NaN
2.60798439078833	8.7434575332497	NaN
2.60153826135299	8.37406898140721	NaN
2.99196726413004	5.59740407852934	NaN
1.379451008949	3.06919993578363	NaN
1.88147699573661	2.46742657164905	NaN
1.57165718957362	3.84992465728878	NaN
0.342061400513213	3.41116474004356	NaN
0.15864640476983	2.208752018144	NaN
0.28124800706819	4.80515557627303	NaN
0.266603996412891	0.710975865687811	NaN
1.06371488660548	1.33361108406139	NaN
0.541417968198145	2.91381983911684	NaN
0.851034434410728	5.12763990785268	NaN
2.34409087385262	7.74198093377003	NaN
0.407712431099437	10.4330611098965	NaN
0.0696540198381414	8.17371425397138	NaN
1.21410192260697	4.68706902240401	NaN
1.85135309898793	3.74774792831809	NaN
0.30521405816647	2.96677334605552	NaN
0.734924931362393	3.82586962775488	NaN
0.649677421914876	5.03067089950941	NaN
0.762028846924148	9.09721455307101	NaN
1.31723365862761	1.72462857320649	NaN
2.6789494265676	2.9186683904173	NaN
2.76954947390072	2.16315623021025	NaN
2.72894243108764	5.2958129782634	NaN
2.58909706607336	3.14896527634224	NaN
2.73316065487321	5.231557030774	NaN
1.51253915933912	3.92970662372663	NaN
1.18325541343591	5.16976854239584	NaN
1.75544866863853	3.8481361124614	NaN
1.85342532973779	3.40849088836727	NaN
1.67366705294756	6.75388074002344	NaN
3.08373350515536	7.46087119480248	NaN
2.27516785205642	4.58796985073888	NaN
2.19504813604554	3.46047150226943	NaN
1.81575318979363	1.54856203717593	NaN
1.68969063875797	4.98448866751167	NaN
1.54072176397813	2.70101263712894	NaN
1.73595496206555	4.65261600939893	NaN
1.56667554120061	7.99977349326406	NaN
1.26385868172016	6.68586410367923	NaN
2.28066397349523	2.12278027147606	NaN
2.80763028289163	6.39266485510272	NaN
1.326650778373	7.77073217057523	NaN
1.47620452353852	6.546433840937	NaN
0.718600396002429	3.75281679855987	NaN
0.251472521492491	6.26996585229132	NaN
0.661404513371677	6.11562354000436	NaN
1.60404395469783	0.623573921449195	NaN
0.1655050759914	2.06092288533325	NaN
0.449796830473229	2.2022751228218	NaN
1.93428655838515	1.84093281552906	NaN
1.5572471270773	3.39308288506491	NaN
2.56873726390113	6.84613898797046	NaN
1.35772891073403	5.57168923024969	NaN
0.779832547268716	4.85072561787591	NaN
1.28687611995444	3.12125971457576	NaN
2.4821856369704	1.42729320514744	NaN
2.10093436308372	1.48575395372795	NaN
1.1628616773099	2.18291049626358	NaN
1.32781718919979	4.18910253560791	NaN
1.40928805241826	4.5602823050532	NaN
0.641041478467858	1.38461384747773	NaN
0.52690969200979	0.754377224874389	NaN
0.309039226856516	1.47928908811279	NaN
2.09612273319659	7.845366750969	NaN
2.7700489154609	6.87951093984742	NaN
2.77974311850267	8.97486517297544	NaN
3.13867387331882	7.64259949637008	NaN
1.62429047753833	5.24123572036892	NaN
0.53328711519954	3.77727211189622	NaN
0.389031656056977	3.4182254981846	NaN
1.20443919077012	2.30509189961639	NaN
1.07287598437437	1.90012063427673	NaN
1.01302291621795	3.09962099745253	NaN
1.549198194586	0.916583564656874	NaN
1.65049821093776	3.28352236065394	NaN
1.86366312750609	2.06288717660761	NaN
2.26842609067091	0.0943974247341658	NaN
1.19135829782714	4.81013952115716	NaN
3.09493030208239	5.3936196675096	NaN
2.59887769224741	7.21992675303306	NaN
1.94607914941569	4.40203547236457	NaN
1.65653709122704	1.50054361569612	NaN
1.83548016918471	0.847666690098627	NaN
2.5683046350409	5.21008137659908	NaN
2.25712932519674	5.35942204074996	NaN
2.11953883631811	1.10829826855479	NaN
2.06499181124892	5.28072993519018	NaN
2.34949818699408	2.57005308556279	NaN
2.48504195646006	2.84144096668931	NaN
2.34933450313175	1.11149838188336	NaN
1.91728813241906	0.683697034134466	NaN
2.11518918260224	6.42810900837524	NaN
0.0274366869901759	4.5147279726861	NaN
0.368985741039581	4.0598663761576	NaN
0.380186912772442	4.551033474232	NaN
1.44880155887748	5.91538713009504	NaN
2.12202950395957	2.66035671469442	NaN
1.99493091813508	3.42099601013208	NaN
1.73413908103331	2.9422963937193	NaN
2.76836284787952	1.07264498124106	NaN
1.65853480052273	1.99254425966348	NaN
0.511252518376203	4.45958683020297	NaN
0.299032402181	2.72923061495488	NaN
0.293974649563991	2.28013702984963	NaN
0.0636359155051465	3.47086733577337	NaN
0.672362893104928	3.14562557690299	NaN
0.564791772248118	4.92382226491631	NaN
0.987874333141671	8.58598082260579	NaN
1.3787650838392	5.3726508409766	NaN
2.85921413249657	2.5496724377223	NaN
3.13802692456691	2.17371297914678	NaN
0.694573775906977	3.50856702227076	NaN
1.24177038896468	3.7638999777742	NaN
1.2691595488106	1.3106424159053	NaN
0.0832681177515332	1.71774784628059	NaN
2.01116665289244	3.24836398668638	NaN
1.9695848026223	1.75919818522753	NaN
1.74807105349216	1.72081781050581	NaN
1.6574504712322	2.38621753935435	NaN
0.0482964915495682	3.59492387421261	NaN
0.504042767801121	2.41576190918499	NaN
0.705901677201369	3.69293191943307	NaN
0.27190641745589	3.38286863950331	NaN
0.316927261542877	3.63118478548658	NaN
3.07571566853137	4.61507314826144	NaN
3.1370434331212	3.10777634787122	NaN
2.02110056943971	4.41132231118076	NaN
0.423742263590445	4.10262395315336	NaN
0.382436371784224	3.01629100548665	NaN
2.55192447390709	4.97114814430534	NaN
2.58922673820342	2.76327063111366	NaN
2.25351085707144	1.92393486084773	NaN
2.97175010395008	2.50358236924248	NaN
1.54817660828498	4.55815122369225	NaN
1.52177376487437	6.14728795515143	NaN
1.90033756757526	6.30784857268474	NaN
1.06021566016467	1.93861702425707	NaN
1.72703918587773	1.47358825343595	NaN
2.86726221580556	1.81719727721709	NaN
1.18875540838144	2.2376503592748	NaN
1.77173399809783	1.03116799893829	NaN
0.772693863466092	3.25600264598972	NaN
1.2317171777487	2.62792654283786	NaN
1.96585707307957	4.51189800449981	NaN
1.83636761975196	4.66838332741386	NaN
2.99993618194607	5.07331951852093	NaN
2.1305503062418	6.05632391498732	NaN
0.904249981980841	9.58406391985961	NaN
1.0252252255382	6.26910773410699	NaN
2.05767642981876	4.61719078038752	NaN
1.62720243618697	4.99572053051219	NaN
3.13592185615977	2.57657912520246	NaN
2.88491775788653	6.06810722522722	NaN
2.97080000974444	3.7499332997271	NaN
2.08017897570505	1.91291034431473	NaN
2.76782498641485	5.41159101382209	NaN
1.2732134855962	3.59155321162402	NaN
1.33068034011301	4.25117067560471	NaN
1.13696426291847	2.56666651316018	NaN
1.6567865498699	1.60945144319278	NaN
1.54163628281095	1.74248482048144	NaN
2.1286706719282	1.68984335316013	NaN
1.382273013057	2.39198968149426	NaN
1.29648984870963	6.82926328956075	NaN
1.07160505067015	5.28345287994459	NaN
0.257661184160181	5.15232213572013	NaN
1.23387371606629	2.01457438349323	NaN
0.715074366718014	1.51692358408135	NaN
0.0054322135412313	4.06324283333737	NaN
0.387391095074838	2.50956157807878	NaN
0.461955268785582	0.356357070592242	NaN
0.71548194937662	1.03128741527995	NaN
1.72651592160791	2.95461532047031	NaN
2.00470515057502	0.745252238772304	NaN
1.96526038250016	0.916450597845849	NaN
0.538133571327436	0.195743055982119	NaN
0.359220215970531	2.18484598278614	NaN
2.69826798561394	4.43631682269014	NaN
2.46247508767313	8.69610403865767	NaN
2.385284547825	6.02350030393974	NaN
2.75562340096324	4.03265087641207	NaN
2.53665312974734	2.95280433810825	NaN
1.37098336553553	1.89546639033868	NaN
0.637352029737961	1.015298212498	NaN
1.83813464329154	0.125181141271195	NaN
1.97946812275255	2.08274229403434	NaN
2.99444722147018	2.51958560272033	NaN
2.29905975545405	3.10590557641955	NaN
2.37860685880244	2.86909570709964	NaN
0.667607426171634	2.19315545360165	NaN
2.00669712827895	5.54274199624702	NaN
0.532132883288263	5.05147659233913	NaN
0.587305805095177	3.64939227557484	NaN
3.0664688579205	8.2879717187676	NaN
2.52714686547651	4.44438594533267	NaN
2.55309343669577	4.57433157884751	NaN
2.62309343684673	3.03446249001153	NaN
2.23088886523285	4.59804518743575	NaN
2.51253099519759	8.01677501812385	NaN
3.00755130527051	4.1436632453216	NaN
3.01879060339596	0.561988465931607	NaN
2.0102216198094	2.93182163058748	NaN
1.50704097413615	0.171930143087829	NaN
2.62764822264226	0.770872925341048	NaN
2.36811563983478	10.4585547248047	NaN
1.35583924274869	3.20021582112506	NaN
1.03874042139062	6.8069670258731	NaN
0.085397569763965	7.91655249930356	NaN
0.0224070972000855	3.31104307976817	NaN
2.64784773505356	4.45989663097717	NaN
3.02482572701813	4.67310038216047	NaN
3.11486090546346	0.574516970627133	NaN
2.70263176750575	1.9765106220762	NaN
2.18634559618795	2.56113417035774	NaN
1.33684251583329	3.26559094781341	NaN
0.168831989457649	6.64001982110933	NaN
0.291744014080824	2.10764968950895	NaN
0.814054240514941	4.74288044967164	NaN
2.96409579852346	2.24273215437397	NaN
1.87513367095981	6.2716575162884	NaN
2.30714026016952	9.7067355161912	NaN
2.4639301257487	7.22051695437249	NaN
2.38531373110412	4.65093432734813	NaN
0.279441105121411	3.37028668758483	NaN
0.0713403170778007	0.970237393208113	NaN
2.97541099915868	0.847275406117851	NaN
3.12029492274813	4.91539371567295	NaN
2.66399696574412	7.88886799033223	NaN
2.50162916434301	1.55028200338779	NaN
2.79461705357518	1.98918219298752	NaN
2.08526804377088	1.11276835955886	NaN
1.49705926394011	1.54295671608627	NaN
1.67553529041613	6.33200809296679	NaN
1.01207062683892	6.33515214589662	NaN
2.95118285888602	3.13882947188847	NaN
2.07478816526213	6.8116142609606	NaN
3.06769869364726	4.21426585433394	NaN
0.213224931111841	4.27440570670047	NaN
0.605012807255958	6.57056453415712	NaN
2.85387283593534	6.30184619928268	NaN
2.67424368787337	3.29052972352531	NaN
3.10993008079851	1.16399188204487	NaN
3.00789291885684	2.9750211695461	NaN
2.74665380060816	1.85259455636662	NaN
2.99425892636909	5.60158619788479	NaN
2.85827257071714	8.24759505793292	NaN
2.66159383383273	7.48740501610598	NaN
2.67923876032122	3.26585793870981	NaN
2.16037917475266	1.54369429972827	NaN
2.05547923766106	0.259666410622584	NaN
2.58137654647413	2.96185050788128	NaN
1.49981907972325	5.70467052668865	NaN
2.34375919177707	5.71634345878847	NaN
2.82822876174861	9.05061669503201	NaN
2.87732740323928	4.59510475688025	NaN
0.324495430364609	2.33387033966374	NaN
1.34925567057968	1.54465058901792	NaN
0.132185628335427	2.57560107830676	NaN
0.000348438459846306	6.32217423105552	NaN
1.95550450479238	6.26483819093862	NaN
1.86822335740676	3.88513477347209	NaN
2.01329864027503	2.79448566955455	NaN
2.93544209410453	1.74037634087419	NaN
2.18141859388955	3.88316523945201	NaN
1.27192623869023	5.32056262384316	NaN
2.42506575830732	2.47924684771145	NaN
2.86577793825154	2.4202158839152	NaN
2.32325827545742	1.89113267139525	NaN
0.41610380634745	0.505224587365118	NaN
0.390274261335379	2.15988073701533	NaN
2.79458710679233	0.977073591020603	NaN
2.6426929672175	1.64595069877321	NaN
2.44437924130158	4.91519158939115	NaN
3.0471325822569	9.20060014751497	NaN
2.66287542085946	6.57384038583785	NaN
1.04424321938707	2.02450558785319	NaN
0.225924822805056	1.23662914550019	NaN
1.42643657734443	1.30448905990291	NaN
0.27355546710795	0.232636565288895	NaN
0.376915737288191	0.599512867632706	NaN
1.34123657311437	2.71688230288231	NaN
0.426256215070114	5.22868892307403	NaN
2.22078769200267	0.889298607948639	NaN
2.69208805382661	2.20151520692414	NaN
2.92098489850815	3.37400666878468	NaN
2.91624667176524	4.22128870826296	NaN
0.750553766047118	6.67836272143866	NaN
0.146936799521187	6.92920384751755	NaN
0.349483298412344	3.52422167310491	NaN
0.196641224786444	2.67764834781141	NaN
0.201328664035048	1.76810591747783	NaN
0.251699710550317	3.4763184560768	NaN
1.53886175775106	4.2043349785363	NaN
1.51317547659788	3.31385369591763	NaN
2.86104795838719	3.39128238299487	NaN
2.64538123900349	3.39459182432378	NaN
2.9045357026971	0.731863789568542	NaN
0.10620017781353	1.63372031849615	NaN
0.811230561710833	0.332188889524951	NaN
0.927944233359417	3.0857538765802	NaN
1.3103077108129	5.7286584087734	NaN
2.27482573490132	4.19511913620863	NaN
3.03147741765432	1.11565225073403	NaN
2.36278399677144	2.52750196320132	NaN
2.27566955845667	3.59690521847177	NaN
1.77810719034614	2.10542020640381	NaN
1.7646214757689	4.67879680316199	NaN
1.07733126382208	1.75617699894186	NaN
3.13775602108348	4.60564526805446	NaN
1.96689281339178	4.50652460343421	NaN
2.9421384134927	1.97386175618775	NaN
2.88123728671943	3.64728601358673	NaN
0.612718560756723	0.854571480202772	NaN
2.82608034583156	9.39026207943373	NaN
2.89776959255612	2.84112965382141	NaN
2.86528986053132	7.21052660758208	NaN
0.528490781744107	6.57871096507519	NaN
0.455957597390519	2.46889353355774	NaN
0.414068494923715	2.18589769747923	NaN
0.295503250753218	1.55739602774319	NaN
0.260424039073712	6.64979837670337	NaN
0.477488698514181	2.68872675640932	NaN
0.00634780049454784	0.850942592251808	NaN
1.92892001591049	1.08224151072592	NaN
2.53466896945059	1.0130574255248	NaN
1.30185477952303	1.89350298149521	NaN
2.52874422818289	5.78319411115386	NaN
0.697051241936709	4.60483234318835	NaN
1.3964493608224	2.78847884310851	NaN
0.872081695163923	3.79924098975197	NaN
0.33772093632838	4.17916260065859	NaN
1.73589500729336	1.7440957273919	NaN
0.392034515778683	3.44623216094519	NaN
0.793345794322986	5.00325886251076	NaN
1.29050586852941	2.99590575579022	NaN
1.30511802858555	5.05600940728567	NaN
1.32094407995342	2.91299224849572	NaN
1.69360270168264	0.959444009955823	NaN
0.207337165044407	1.68662880179313	NaN
0.243174108290293	5.89261706492059	NaN
0.795206752882745	7.38717796495388	NaN
1.39027002515601	8.47808176822113	NaN
2.03396186961809	7.02419414366303	NaN
0.394683964911096	4.04334996040377	NaN
2.62319381813452	1.59646726204648	NaN
2.68217350584574	3.75945361918734	NaN
2.28929612884557	2.4765734253796	NaN
0.312580418979104	3.81577953548587	NaN
1.38148460692084	3.1232465988107	NaN
1.43777031098225	4.2608330619476	NaN
1.08822435986388	4.64518521577945	NaN
3.04235304862552	0.262029233332788	NaN
2.68654895938863	1.06917801648451	NaN
0.896793991711294	3.97246763345668	NaN
1.20070866908609	4.34731519617654	NaN
0.813132357987064	8.67285078790759	NaN
0.602658740008211	6.389568059431	NaN
0.959297123497626	5.17748440722857	NaN
1.33247212593011	3.36564594706854	NaN
3.12863820427961	1.14337677717483	NaN
1.27846944497413	5.67041457166748	NaN
1.55764627312611	7.068757414946	NaN
1.64153048849546	9.70510428797866	NaN
1.89928360717634	9.64962849532188	NaN
1.5674246900473	1.49813506600761	NaN
1.54540761765634	0.652280118228695	NaN
1.60956475263855	0.71274668164855	NaN
1.17167277308504	5.53061078787365	NaN
0.502637033338276	8.80131351955212	NaN
2.5233485079039	7.84864519436267	NaN
1.41646652504983	6.11293082299825	NaN
0.644429619596346	5.58809728801198	NaN
1.4324901200205	3.65679780997432	NaN
1.64471331159558	3.16481445591868	NaN
3.08148154116457	2.0372998173108	NaN
2.91686109319107	2.50428781122852	NaN
1.54434425331531	5.9254865271649	NaN
1.49809755142787	4.00164122203506	NaN
1.57002630994281	2.29323475457362	NaN
1.92583674636824	1.72868058358215	NaN
2.12024511300164	1.72385192533071	NaN
2.54420623204138	3.62541135779041	NaN
1.33884514903566	6.09799354784895	NaN
1.54757999092877	6.1694047039858	NaN
1.77311869364717	4.60070687993452	NaN
2.12736021467133	2.65143983442367	NaN
2.03619900395288	0.587210577059718	NaN
0.970688623700942	1.779333739819	NaN
1.05450390499264	1.93148628217534	NaN
0.207483106422861	1.03937245020753	NaN
0.052624381778345	0.955923893628069	NaN
0.0527360199689064	5.77184312420678	NaN
0.679996561231542	1.07081940927001	NaN
1.36405681121655	1.96929261230831	NaN
1.67333121533313	1.56324284938902	NaN
1.32144648264176	9.33080482902951	NaN
2.28182430507864	6.694367914125	NaN
3.04005108553126	6.87035073132018	NaN
2.32121992816052	8.14416760092931	NaN
0.63851069680491	8.9390259990382	NaN
0.0121892234028665	3.940912741893	NaN
1.67643632522607	2.24037288193831	NaN
2.13763573738867	3.97631675465546	NaN
2.70312997954038	2.24540440869233	NaN
2.58789550029865	0.227519344305209	NaN
2.73303226688762	9.42480039656554	NaN
0.634820850349595	5.38190669775263	NaN
0.479202244322675	5.21509715487279	NaN
2.99402846679841	5.34457618197195	NaN
3.02211774736292	4.360121586731	NaN
2.75094638061016	2.60296823505354	NaN
2.69302984261695	7.52533816013684	NaN
2.95310847439884	7.97709974198211	NaN
2.96172275933255	3.1436843513419	NaN
2.90292036348862	7.31548434577036	NaN
0.876943291717322	8.62176726061112	NaN
2.73412130451837	6.87803832229732	NaN
2.39222074429556	2.72469594186645	NaN
2.48383677111124	1.81565701969442	NaN
2.74942700700672	5.9155565932635	NaN
1.95573545434056	5.88175555694307	NaN
1.8253445967088	7.16377565135813	NaN
2.50286466498992	4.6644019617887	NaN
2.67021445100856	1.11873971621087	NaN
1.71299324395996	5.08650168277461	NaN
1.69990746462735	9.40840427735439	NaN
1.97654140244765	5.13476407273749	NaN
1.99772703162076	3.12865618015191	NaN
1.33865126847089	2.44457967277391	NaN
1.5353226871196	1.98711617068892	NaN
1.36705017414681	2.27163759807223	NaN
1.06020392054787	3.58986812380443	NaN
1.59004239845112	5.72556163846296	NaN
1.71356473403051	6.8319633875068	NaN
1.86956811590575	5.504642704315	NaN
1.8399597349755	2.15592728497811	NaN
1.81381900216608	1.96782825881582	NaN
1.9134202675365	2.81501049564545	NaN
1.75987698712546	3.5286584238273	NaN
1.68059877440578	3.72148603145986	NaN
1.64860035236688	2.48624551756539	NaN
1.97387906012328	0.753095805841039	NaN
1.94722526919551	0.987324790416107	NaN
2.60054538203956	4.22610018402023	NaN
1.92142207615422	2.35543298562804	NaN
1.56137398511808	3.96123375286701	NaN
1.52931923152271	6.15701186338016	NaN
0.257683664296024	5.50874810005638	NaN
1.98111407034382	1.74278305779954	NaN
2.03115984191834	0.530152992242415	NaN
2.86791353533644	0.416186290787746	NaN
1.81186766305374	2.74171242183166	NaN
1.90282452598922	5.25029144278773	NaN
1.34597263968904	3.64233761644184	NaN
1.17233284876914	1.78675525406048	NaN
0.908943289727988	2.17290140089458	NaN
1.72992249890858	3.21896468822393	NaN
1.88519104310713	0.730899262355957	NaN
1.7203484574678	2.17119892506965	NaN
2.02026912103917	1.41509077357371	NaN
1.78119814128729	7.64704441177242	NaN
1.88113889683421	8.52786916192797	NaN
1.58088585809381	5.06455555955853	NaN
2.81283639839791	5.86635295426166	NaN
1.57203742608388	3.17855255146409	NaN
0.750267781710688	1.35423240693218	NaN
1.6963981868056	0.909385541434199	NaN
1.07967015241626	2.60826504090374	NaN
0.773748138458435	3.29600571660468	NaN
1.94672406292752	2.77920784060601	NaN
2.13116068741075	0.791799233201903	NaN
1.99558859530802	2.52271876958285	NaN
2.85176231050316	3.32434949265118	NaN
2.46111680872449	0.153014266992616	NaN
2.30163485047481	4.13838005597447	NaN
0.248443786871807	8.2094926204513	NaN
0.297045470244345	1.24521166577183	NaN
0.172905268628002	3.43084364959326	NaN
0.410258042321587	1.8523618772985	NaN
1.14275038284739	4.12624021613763	NaN
0.902880494393857	2.31088260849527	NaN
2.45437632891231	3.00455681871788	NaN
2.5851660882246	3.6713561754617	NaN
0.360756211488712	0.726506103923614	NaN
0.144466877894732	1.29604145666018	NaN
2.83968248405997	2.31844091409702	NaN
3.09022707858058	4.85364041589917	NaN
3.12994800013796	7.27310769472547	NaN
2.12191860395462	7.47902452395023	NaN
1.74476932019689	4.97358358316078	NaN
0.584668513102314	4.91039896683434	NaN
1.21436490981644	1.89409416335138	NaN
2.80771897765374	10.4565829629944	NaN
1.92814024271393	7.87559222470809	NaN
1.84247191441989	0.893363659593815	NaN
2.69931277909094	0.915567830809507	NaN
0.655751736891837	2.94614129340802	NaN
2.39979678999019	3.13446102485238	NaN
3.08412383992998	3.92017307411831	NaN
1.31966158534282	5.00458512141735	NaN
0.939400245751013	3.75317749343953	NaN
3.13478704873105	3.41418181098015	NaN
2.70829082062363	2.77764405013492	NaN
2.33910698667149	3.1348201961534	NaN
2.55888014263839	3.76513963907365	NaN
2.79001227317935	3.67015652918199	NaN
0.452239565124586	2.19791358421494	NaN
1.50301710154439	2.2081965180803	NaN
1.38055540517232	2.36852713654438	NaN
0.283105524467519	1.42262459273531	NaN
0.0738056604117151	0.35225078418455	NaN
0.000843009543736143	10.0005595640172	NaN
0.899331334904754	5.72277441839933	NaN
0.0340087427247861	9.16590759685747	NaN
0.949625889089862	7.51370244474535	NaN
1.35797193904308	4.79094270961814	NaN
1.39363282057924	5.26817842117043	NaN
2.94903059753049	3.22013971272238	NaN
1.39218282799229	8.03607257802408	NaN
1.50849825194205	10.2305686253981	NaN
1.78584174597243	3.18103623230525	NaN
1.53541377349599	4.15247587880523	NaN
1.14028263949107	1.2119370535092	NaN
0.358440008516225	9.47598121597159	NaN
1.45940287718089	7.97482318529328	NaN
1.21287664056432	9.64807852315695	NaN
1.66973728360857	7.43712053267829	NaN
2.35175202248161	7.52728980895169	NaN
1.53470295401339	6.11069120758345	NaN
0.99145430276911	5.45403763626667	NaN
1.33413082334428	3.82203129891896	NaN
2.40276199618512	2.60431457788256	NaN
2.47400806124742	3.62146939654179	NaN
0.597811284823477	1.81541557161545	NaN
0.795469549136658	0.613138132916143	NaN
0.949747454482163	2.5343929426311	NaN
0.789722308331512	1.8796445268395	NaN
0.474282675186318	4.76684245135057	NaN
0.622604343274958	7.28577812642278	NaN
3.04891631170798	5.36833207484664	NaN
2.61647325773701	1.59020360526096	NaN
2.41486503790588	0.210405816754426	NaN
2.93604282605041	5.52401271575583	NaN
2.14857789998212	2.87874488456756	NaN
2.49272476530925	4.00569473987206	NaN
2.03113773131686	4.8543012228235	NaN
1.96429043879705	8.32434222476543	NaN
0.220488558419154	2.83802290249471	NaN
0.218784465939112	1.85988667312998	NaN
2.62101775552254	2.06842697246928	NaN
3.02788201535739	3.10364649625361	NaN
2.9996106141048	3.38420163608287	NaN
3.01393931549816	7.60179730741989	NaN
1.74451626916138	6.10845802172175	NaN
1.47505986618357	3.72502704881154	NaN
1.01356362389239	3.4096705806585	NaN
2.86843235321265	3.73858005339527	NaN
1.43984479967201	5.08740846321867	NaN
2.38012522857978	3.91493607747469	NaN
3.04320901267957	9.43397906213904	NaN
1.40957516356649	1.50966000471978	NaN
1.92445529463743	2.24191422467069	NaN
2.01221075612322	0.992770477845428	NaN
2.514681139915	5.58273366472036	NaN
2.32882214599761	6.92317228619019	NaN
0.274505340789579	8.58114904698402	NaN
0.304430127309421	7.82329136344543	NaN
0.431046936190529	3.77928637850955	NaN
0.883990317483035	1.38579345878965	NaN
1.83239644323694	3.67311567019599	NaN
1.85762669247102	2.45408582459956	NaN
2.1326170906924	6.33995747280901	NaN
2.00012834893677	1.54074055006778	NaN
2.08581081259383	4.28336273458508	NaN
1.95322479589693	6.09202697336658	NaN
1.72518959290689	2.51849945888915	NaN
0.297847725379518	1.53296857544645	NaN
0.217150064719019	3.27004670439626	NaN
0.0708425053199571	2.1775086682087	NaN
0.863044647379336	1.85669230264859	NaN
1.00042055500277	3.01545619533398	NaN
2.9388367894017	8.42841068304896	NaN
2.87304482275737	6.63923240096161	NaN
2.44067006832082	5.03705086671933	NaN
1.88487236415459	4.19503202225454	NaN
1.43251867506388	1.20414831422897	NaN
0.772071278532562	0.96321030609442	NaN
0.0456540643677736	3.18800060079331	NaN
2.69968955625459	3.897289491015	NaN
2.50958938728051	0.948934720159787	NaN
0.958396444406217	2.83371279089029	NaN
0.0912362630829651	4.1536408058306	NaN
1.48059350607885	3.34957286945574	NaN
0.574291727878356	4.05529222643546	NaN
0.629382892860775	4.36589454920613	NaN
1.12517832277815	1.00033359393785	NaN
1.15802002853009	1.78833123274737	NaN
1.65126634443946	3.37091865285577	NaN
2.21191589631631	0.563975176921048	NaN
2.06363599472026	3.3001480393329	NaN
0.912413096397372	3.55775692891507	NaN
0.0957074229936382	1.63897675358178	NaN
0.611980930527496	3.38521911700611	NaN
0.787120142231987	6.48085826034657	NaN
2.28860826459094	7.95535095034872	NaN
1.56112797253961	7.30491825484445	NaN
1.59649880815798	6.31956015889377	NaN
1.08649706622107	2.25869465355666	NaN
2.96434918897544	1.45722137069542	NaN
2.36547135366821	2.84671605433248	NaN
1.77212637175166	2.20867693079821	NaN
1.33452081075061	1.71457353624833	NaN
1.04717494928237	0.575202858496339	NaN
1.1559539897984	3.18683988295942	NaN
1.71769291229755	2.4087069375791	NaN
1.74695924134009	1.78196770682906	NaN
0.866927564714333	1.40747146501199	NaN
2.10403238301447	1.79577931731614	NaN
1.95313640318994	4.44091245884585	NaN
0.856513091758803	7.70736720037068	NaN
0.541938527412567	3.42709162737422	NaN
0.762160285364725	0.364809571468772	NaN
1.42535294518475	0.503942320644095	NaN
1.27175960014422	2.06645814178196	NaN
0.173249285178146	2.91967806610121	NaN
0.290977507634685	5.45019000987852	NaN
1.33207438788028	2.10264074984295	NaN
1.6892609265346	6.89610107887872	NaN
1.58632984693659	3.07976790870155	NaN
2.03335832970989	3.94854663708558	NaN
1.78814919525781	2.52582301652459	NaN
1.75633780058761	2.01686752344351	NaN
2.17402016249384	4.92699369070708	NaN
1.8377413743643	8.78831073078618	NaN
2.05679797980039	3.63197545243993	NaN
2.38541754647855	2.26977085338583	NaN
2.41213325046473	2.1814497666151	NaN
2.41777854775581	2.76346982399086	NaN
1.50548255135497	6.8168340446562	NaN
1.09055098086466	5.30677877677477	NaN
2.58012428473183	7.9335911808318	NaN
1.86244652907712	7.66420556877437	NaN
2.34299628619367	1.54497218211638	NaN
1.36026117134672	1.39136712267954	NaN
1.08187384359879	1.34266974591986	NaN
2.10295069465526	1.79967409635483	NaN
1.75444280909938	5.44735207849466	NaN
1.86351344621751	7.80106065282526	NaN
2.47447375764619	4.57155265963973	NaN
1.98213589192758	2.75992949597153	NaN
1.70136116901731	2.89861375596811	NaN
1.69057331973624	1.5867755024456	NaN
2.8491342275394	3.55174345588099	NaN
3.05870237979162	3.45582631357226	NaN
1.99308192987542	4.39040162494993	NaN
0.0637630104255359	4.73360588324368	NaN
0.320165834883783	2.24341268661814	NaN
0.199456989717867	3.71194905587527	NaN
1.53364575910899	3.47495073049163	NaN
1.7184034426014	2.04120691913689	NaN
1.54561015649369	6.33735884939542	NaN
0.472122706619885	8.03998217387463	NaN
0.999502800739931	5.3601947238598	NaN
1.44532130452394	3.09119308379404	NaN
1.4319413995281	0.32501773450261	NaN
0.536893194720455	6.67494161992721	NaN
0.0123042964442624	4.95612352055316	NaN
2.70946589590414	3.49720116692182	NaN
1.71864850423382	6.77329135647838	NaN
2.02569992755446	7.6580056638367	NaN
3.06305108802082	1.33062762140005	NaN
2.69143220959795	2.03538469971266	NaN
0.29545295742121	3.08530318495835	NaN
1.19522618548304	5.3383865493416	NaN
0.459022345947399	6.60443527079353	NaN
2.9707657274257	8.78171628875326	NaN
2.90563523390215	5.24790944483128	NaN
1.10334850087653	1.36709176421641	NaN
0.214329767951007	1.72629706688298	NaN
0.237712769009441	1.84339999377991	NaN
0.073979847697658	1.30441490177092	NaN
1.22187007025625	1.75599317698781	NaN
0.260387472056841	2.25490428993572	NaN
1.43421358265894	4.52417916502399	NaN
1.33409011425441	3.61096934463416	NaN
0.61544730931511	2.81484963941574	NaN
1.39770723611179	4.93552923645475	NaN
1.78862863959968	2.84814058398969	NaN
1.79645889277274	6.26004696484324	NaN
2.44031312769091	9.22380993382307	NaN
2.52822500359966	4.30008889321597	NaN
2.56856507798006	3.51627752576623	NaN
2.54040655829569	5.99570505064192	NaN
1.2799108835424	3.23117615479284	NaN
1.13543701263575	3.58614137138126	NaN
0.937756192131695	6.05121464641804	NaN
1.20705127879797	6.82615963538847	NaN
1.70542995396831	9.61966367882438	NaN
2.24767878788817	2.5628778203638	NaN
2.54145390780247	3.22437024055561	NaN
1.52043673665211	2.21461244058839	NaN
1.29195349267989	0.757993156815634	NaN
1.65113742111248	4.21702224217676	NaN
2.49890889197176	6.22612284793317	NaN
0.402118096209701	3.83904409006188	NaN
0.756694453463242	6.0226132451848	NaN
0.45001520839937	7.50267296765274	NaN
1.03854280881586	1.73309370717357	NaN
0.988280770155347	0.676353714422939	NaN
1.6741435457374	6.74615854494708	NaN
1.73131427715605	2.4203824647002	NaN
1.61339558701412	1.85733900064418	NaN
1.88267289727492	1.57441650816374	NaN
1.56742238016131	0.203322492176198	NaN
0.719617679370764	2.10910516351944	NaN
0.454100703537623	4.77396519097971	NaN
0.417170227944204	6.21783619414792	NaN
0.553176939474147	5.13836994616606	NaN
0.598710577988895	5.748759200977	NaN
1.03224234003717	7.53171474766156	NaN
1.65514355934969	2.47286982763487	NaN
1.56333270436342	2.19660517349607	NaN
2.14482998031845	6.8067515823075	NaN
2.76405621932068	3.54932611617605	NaN
2.56576949890752	4.52866569855195	NaN
0.173463200433272	4.46559136409466	NaN
0.520993952211417	2.54558695436742	NaN
0.359767863634988	4.41249969060523	NaN
0.262740780874432	3.70708170705793	NaN
0.498954432257979	2.09041282448237	NaN
0.768408263033409	3.79801556506407	NaN
2.51245448495367	7.61326569201116	NaN
0.491871987487701	3.60798102451109	NaN
0.693286240318919	3.06875050251158	NaN
0.821030786180412	6.20841553612028	NaN
0.726493634622529	5.42362205456114	NaN
2.063109934959	7.70327915181385	NaN
2.27161806590096	4.47567395848569	NaN
2.38834546353343	5.41658609081334	NaN
0.407116069696228	2.47399765672567	NaN
0.302027118947346	3.73008873928265	NaN
2.26810725951402	2.9191940394846	NaN
2.70815222936629	6.18370235347738	NaN
2.67299718256754	6.23830682571361	NaN
2.94836728264484	3.35066268667157	NaN
2.89607993180188	5.11986168627468	NaN
1.24554713194144	6.99466576367662	NaN
0.623898491781196	4.22609083724826	NaN
0.117042330127656	4.28412915495133	NaN
1.36367049912673	2.00542124266228	NaN
1.92954881242135	0.897582627766732	NaN
1.76037196165733	1.41553827706407	NaN
2.51171696781821	2.09207380856424	NaN
0.745130157605673	4.9540071455805	NaN
0.823379889526393	7.38484930579484	NaN
1.45384395361402	7.40416365902885	NaN
1.61622060399908	5.06029542198936	NaN
2.07599430380954	4.35250683930034	NaN
1.51271778619251	2.54687221166862	NaN
1.27532620771891	3.53321950208879	NaN
1.17579515118543	6.53347768633372	NaN
0.793892154001585	6.15105760524314	NaN
0.786639822996673	4.45410496936757	NaN
2.38501344151283	2.84288835109449	NaN
2.71049800912591	0.968020960293862	NaN
1.94041638983944	3.61724287500213	NaN
0.92776943071413	5.0886759663588	NaN
1.1110309632103	8.34334938678064	NaN
1.33580552207668	3.73488794008862	NaN
0.484770254397815	3.82381383181572	NaN
0.638846951643793	2.3490830115608	NaN
2.23740720949801	3.79164867215446	NaN
2.0843170335159	4.81664537893568	NaN
0.72385216527626	2.77113584591514	NaN
1.06661008366225	1.29391636804567	NaN
1.12261406054433	5.29723755618974	NaN
1.33623290983062	2.30511243097761	NaN
1.58918359075751	0.492420831430259	NaN
1.30701197036919	0.979206106157527	NaN
0.407633162795088	4.1002879653842	NaN
0.197182926651635	6.03800436465794	NaN
1.11088633874582	6.31058217100016	NaN
1.90561825361695	4.29639648156135	NaN
1.8019318524263	2.01123211935324	NaN
1.34250026778271	1.33579420809223	NaN
0.466090172066437	0.28336890539551	NaN
0.534586561781998	3.32544271273213	NaN
0.403392715780711	3.37869925576016	NaN
0.1193049513535	4.57854016220151	NaN
2.41536823622275	6.50389938876126	NaN
2.89956844653452	2.83637245224711	NaN
2.74859171193228	2.60197894075352	NaN
2.71020813289614	0.385765829726547	NaN
2.67753144775573	8.91602391422543	NaN
2.16389434192043	5.97397487403528	NaN
1.85679581793466	7.44524895047825	NaN
1.29883434263988	9.57252630896283	NaN
0.682356610303872	7.1822699300045	NaN
0.485659446670049	4.09931827924133	NaN
0.774795076609505	3.92444051273153	NaN
0.815787788728611	3.89540220277348	NaN
0.130532405499397	5.1326289991444	NaN
0.242248290481702	2.49146616384756	NaN
0.974635129434642	0.590393183763533	NaN
0.86079402717001	2.47132402645678	NaN
1.02312126568891	0.834612420770282	NaN
1.39467163652498	0.762419594322527	NaN
1.19397296180296	9.86874575274044	NaN
1.83398378918849	7.79614357594359	NaN
1.47693836977241	6.4106465258433	NaN
0.905674909786601	8.10289524508717	NaN
1.17577022710055	4.51271702582435	NaN
0.717861769013284	3.37458943284283	NaN
0.334009628569627	0.931988785587149	NaN
0.603880387056055	1.38320361233845	NaN
0.855534762434904	3.19382303485523	NaN
2.62289017001116	0.474286642264584	NaN
0.13019485962516	2.15742447867685	NaN
1.86175951848029	1.60057399372086	NaN
1.68003486665256	3.26108160991613	NaN
1.67733336051094	1.28136775173643	NaN
1.83028604335298	1.80275607898455	NaN
1.6089016857338	4.04530495014505	NaN
1.54749169541761	4.30052176574564	NaN
1.34776986407732	6.18196174594008	NaN
1.80527348232424	4.09272703977111	NaN
2.6043344675471	2.83472600316624	NaN
2.52755040926606	2.76979886831576	NaN
2.21649217596284	6.02306728669881	NaN
1.94112570061826	4.67951740918188	NaN
2.19586661192314	0.595362087109189	NaN
1.39478747052458	3.50197676607455	NaN
2.41523017901161	4.58337648657522	NaN
0.737683036087299	2.79152339322578	NaN
0.232288811825051	9.93629010692653	NaN
0.388902399009102	7.39814637358451	NaN
0.388564935866777	9.9046705260355	NaN
2.77648246785678	7.85231967666492	NaN
2.62019530337559	5.28338392657302	NaN
2.92922356404815	4.49535641954784	NaN
2.90582563293393	2.94944657061669	NaN
3.11984928427005	5.17567190208017	NaN
2.60174876085164	7.27333610740163	NaN
1.99094347667546	5.22323484807576	NaN
2.88269790955623	6.43919134173698	NaN
2.00178090659552	1.86351579853592	NaN
1.11830097742986	1.34449736163148	NaN
0.55030637063299	1.66402206124852	NaN
0.530325687367245	2.08529940412447	NaN
1.4344856521937	6.71455834593761	NaN
1.78465742841395	6.05374505323809	NaN
1.59356098993637	3.31662765934243	NaN
1.50937272561542	1.26952435703077	NaN
1.79214241148393	2.63431667787607	NaN
1.32602703386379	1.78349382720367	NaN
0.663133304525495	2.57588334738754	NaN
0.286469463197389	4.73609342899931	NaN
1.31649910370789	6.67518044528106	NaN
2.49763034055458	4.21122359775861	NaN
2.71503991164765	0.554751566878485	NaN
2.4630949328617	1.40317640471588	NaN
2.25762506973413	1.41262210883945	NaN
2.43540632352462	4.23986775645039	NaN
3.10441319036916	6.03760603512341	NaN
2.4816430748133	5.99113213031083	NaN
2.30676768986038	6.13792013561842	NaN
1.40398828062015	4.85093307672466	NaN
2.38758561545482	4.50783479591707	NaN
1.53299311385319	1.15382136080149	NaN
0.871043619232085	1.90704248435427	NaN
0.755027566058032	4.4843903539962	NaN
1.70748118016889	3.0489229664285	NaN
1.99985775783869	1.82755364668477	NaN
1.69040256452601	0.882346292758282	NaN
2.43491763813856	2.01537576871244	NaN
1.01770768376355	1.45840818927609	NaN
2.05960712177378	3.28102099395147	NaN
1.69069987843456	4.78186172607722	NaN
2.56087147743084	5.32716410184852	NaN
2.85193451680688	4.07829272389508	NaN
2.35186965903628	2.96086108933974	NaN
2.24972771932598	1.825165121444	NaN
0.617594364396688	3.29919101241682	NaN
1.00980474127328	1.52456666051612	NaN
1.14920245616539	0.290903885584668	NaN
1.30921142076748	2.66927179598143	NaN
1.16017190418834	2.40741360343695	NaN
1.75550837414323	2.99592687986109	NaN
2.43693837026064	2.87994993215482	NaN
2.41186551727109	3.68111917857778	NaN
2.12995837488262	0.61135061452378	NaN
1.66969033313237	1.76889961660539	NaN
1.83379909552374	3.60592039394707	NaN
2.68607397555349	3.17407128425466	NaN
2.84031483302136	1.19546972925902	NaN
2.89794655833288	2.03559200775255	NaN
2.6650553490816	2.80162545660706	NaN
2.65368807897117	5.7968793741623	NaN
2.5901011220547	8.1153284582382	NaN
1.3421276511473	8.56611008143328	NaN
0.661891199395642	6.33237418480807	NaN
1.63061202564678	2.73220505574937	NaN
2.27105759105302	2.35468919346771	NaN
2.5819583521831	1.17682256970132	NaN
2.09106395079201	1.76135978220386	NaN
2.26990178171203	6.43127851064441	NaN
2.36299645395013	6.11794379740844	NaN
2.70294573728411	6.1064556420497	NaN
2.67828309716323	5.9152245593508	NaN
1.39598533544219	3.64032542502747	NaN
1.11817121176853	2.68817489984978	NaN
1.31581122084502	4.5600841476147	NaN
1.5591759677647	1.99380667232674	NaN
1.61566688436064	0.967594367463581	NaN
1.7502512386805	6.65528599865574	NaN
1.2390540231875	0.198599457296697	NaN
1.26740907235961	1.26795311855948	NaN
1.67931274312594	1.37234653384359	NaN
1.08887425629379	2.5748538906616	NaN
0.486484595526605	6.58442675113991	NaN
0.315056988924768	6.26193514006953	NaN
0.960367421463854	4.05428977022301	NaN
0.206537779850841	3.42426682489584	NaN
0.389110789200293	1.68491399465462	NaN
0.495886392975043	2.97213503870784	NaN
2.71056593465102	4.19858940962448	NaN
3.00025420963185	1.46294911787836	NaN
2.75889156237836	7.77397009355304	NaN
0.929031248277416	1.83053937244478	NaN
0.944731226085104	4.03218362263993	NaN
2.41674306260845	2.75276893571437	NaN
2.38512421017544	2.30527271323456	NaN
2.19289208823501	4.11823411476705	NaN
2.05084231771257	6.6276175977972	NaN
2.59982753851907	5.29016212845878	NaN
2.61353439844988	4.87717650320542	NaN
1.31413900402846	7.42890928131902	NaN
1.55310805583757	0.24825964999755	NaN
1.28974388181016	4.98062147824368	NaN
0.477790914297397	2.08948520633936	NaN
0.501889925135074	1.98403424514201	NaN
0.736024452746607	0.947601314918715	NaN
1.63674972260392	6.11153846525736	NaN
1.97343767752022	6.24576515733489	NaN
2.81938545701616	3.14489826961235	NaN
2.70658848697714	4.43922599830539	NaN
2.73849528716076	7.11892081275024	NaN
1.82130071956274	8.32105348386175	NaN
0.435694252763517	3.5221646901997	NaN
1.37902006493343	1.16698719041163	NaN
0.323063954456749	3.88030791587064	NaN
0.65567908150093	3.69466477395241	NaN
2.52835291661717	1.75842707976818	NaN
2.92290295670235	9.05615345415217	NaN
2.17570340376029	4.38238088215119	NaN
3.00679160268314	5.56292991116136	NaN
2.07446039160137	6.34521772042914	NaN
2.23963103349271	6.14456971361669	NaN
2.48192602042072	4.1341941684189	NaN
1.51240727160096	4.88795877910189	NaN
2.60150259844663	4.81408304337576	NaN
2.67309043239227	3.14271720298276	NaN
0.682290299640153	1.16971170736788	NaN
0.276069372193751	6.73791662621593	NaN
0.188476189983445	6.09146496525506	NaN
0.651930801959658	5.78590722473992	NaN
1.752595283892	6.57828164115753	NaN
2.08360817951962	7.66206258886304	NaN
0.577978807462312	0.832257800912118	NaN
3.10722710729591	1.45940735301413	NaN
2.22890604379574	0.718072990202288	NaN
0.404155608904731	6.83600551419215	NaN
0.184402192092326	8.94415713946847	NaN
1.43458070212318	2.44321269624456	NaN
0.938111771562314	7.19020144073928	NaN
1.98375288244719	6.54214042466688	NaN
1.75789758830268	3.88729985186057	NaN
1.43310305242056	5.48834097500319	NaN
0.9889353773594	1.81795549454229	NaN
0.862945905595985	1.57035044889868	NaN
0.0647159579775212	3.72289443023328	NaN
0.543441713582237	5.78862416544655	NaN
0.918240724330886	1.24337907628138	NaN
1.14608803133622	4.39393832374741	NaN
1.87502834117317	0.794274994524079	NaN
1.50727609615708	1.83068288783053	NaN
0.834603792994699	5.83276340363042	NaN
0.57571282922016	8.42453955887508	NaN
2.8455632988855	10.106508684176	NaN
0.289003276637797	6.67317149975096	NaN
1.14497073911695	5.36856860684508	NaN
2.09729717051861	4.8039882894407	NaN
1.28001394110068	1.13063738114151	NaN
1.16856772884248	1.46610731930848	NaN
1.70993850424707	6.30775159703916	NaN
1.98148811425725	5.69006477634797	NaN
2.24782222125151	9.08723885310922	NaN
2.17934019387472	1.74899573172336	NaN
0.865659965206982	0.428161238627776	NaN
1.36952144835864	0.769930375560145	NaN
2.64350913189972	1.34491647967965	NaN
0.0279904568318445	4.62163663394034	NaN
0.125584910440238	10.369792495635	NaN
2.45771344385639	9.34723689222381	NaN
2.48506284786661	4.58150560141033	NaN
2.69636701595527	1.73959004223206	NaN
1.71543068922074	1.19279525761704	NaN
0.532525729933652	1.55550863330022	NaN
0.769877496012137	3.16904011585253	NaN
0.710236718275706	5.24302347675007	NaN
2.84098401708549	6.48869940888949	NaN
2.32820890356583	1.98623583186663	NaN
1.84563823598381	1.78156012908314	NaN
2.17046244193886	2.28518891227489	NaN
1.94341953469421	2.59965600012917	NaN
1.67352376924498	6.66952343867271	NaN
2.13683267519	10.0248200179908	NaN
1.68515592286153	6.75629532846057	NaN
0.977713456432793	3.95910637372256	NaN
1.29998322898978	5.66503117892595	NaN
1.54336754672721	6.8061797905337	NaN
1.35472457877538	8.36385253232927	NaN
2.10311705473117	5.11720720820317	NaN
2.38150306747042	1.31668370380517	NaN
3.13922404534224	2.85184852002376	NaN
3.07951652564409	3.37969025717583	NaN
2.95667605249626	2.3349546097158	NaN
1.12187282049156	2.60857843670099	NaN
0.0535131927112911	3.52830488319378	NaN
2.4383165781166	8.94526725839888	NaN
2.55424985107966	9.63795203198404	NaN
2.6192638065914	6.044762545273	NaN
2.89311463808423	6.57364138044133	NaN
2.77116592345028	2.72362286635357	NaN
2.78988594304977	1.82654282956708	NaN
2.44921527989141	4.30808993291689	NaN
1.85873934863032	4.77571941139176	NaN
1.36984087934723	0.833660614003241	NaN
2.27924836873255	3.01665409072475	NaN
2.13185922295441	2.14931430201848	NaN
2.80735720643747	3.61111309222581	NaN
2.80553733654079	4.63959825323957	NaN
1.85449750819136	3.94963617436332	NaN
0.588756258228161	2.3722619142361	NaN
0.175554769459729	3.9539063434284	NaN
1.19507820742738	1.84428685648318	NaN
0.811731903074953	2.73220669823593	NaN
0.131510880508341	3.59842475445692	NaN
0.515118923468492	4.2292638433054	NaN
0.271933640082476	5.65851181340798	NaN
1.41132008519055	6.76270316621182	NaN
1.15012018375469	1.72154260663184	NaN
0.786961960361256	2.30562748415235	NaN
1.55137564115913	0.796731608207871	NaN
2.49007398786598	9.68334702645986	NaN
2.52848948973276	8.29151374305936	NaN
2.57486197208481	7.0080845260578	NaN
2.597300855613	9.90069750362857	NaN
2.43838090369346	3.15808271009443	NaN
1.23237825438997	4.57873284277814	NaN
0.616040916754119	3.370115714906	NaN
0.70012497952626	1.59290241350773	NaN
0.027010791434064	2.07549682748886	NaN
1.7820740781253	1.21804377345071	NaN
2.66509588628809	3.01501301257855	NaN
2.97980159914487	2.29489119191031	NaN
2.60842956920861	5.32171383129914	NaN
2.46127280543709	7.00102862517615	NaN
2.55581202464922	3.02512413527108	NaN
0.00487607797046667	2.90812820529956	NaN
1.11308037476223	2.62529611861739	NaN
0.886572763409831	1.23717908793097	NaN
2.16573801484626	4.92204288877425	NaN
2.04259289894151	5.00632377321052	NaN
0.493705866485845	5.39998885197009	NaN
0.785270413639212	1.18328075998338	NaN
1.05423799746749	2.67686823522476	NaN
0.390494138028576	0.913866651300579	NaN
0.220735533539483	1.94035335879591	NaN
0.509298998590118	5.91350245600593	NaN
0.525550522615478	9.71801720345698	NaN
0.691975535545182	10.2850984609724	NaN
0.458425211756185	5.8752360513349	NaN
0.356304153493788	7.52993415479763	NaN
0.863205546498338	8.88707155817936	NaN
3.07959800495098	8.16629388180093	NaN
0.777802101060174	2.34269168287025	NaN
0.265931248316216	2.18560138487378	NaN
0.219617530967827	3.13720285132257	NaN
0.299851423933519	3.97036750668605	NaN
1.99061293075151	5.97886095048819	NaN
2.66146230558109	6.98204264240364	NaN
2.97775001298031	5.65087272018682	NaN
2.94917664350584	5.52801342759687	NaN
2.93529639023876	3.51320323393794	NaN
2.44448328354974	5.37050742686678	NaN
0.702125701983545	6.27953930796948	NaN
1.52382333829067	4.75221478824741	NaN
1.10056538910337	3.85050597693899	NaN
0.316667260949434	1.56207549823203	NaN
1.62667370509997	1.52715610188167	NaN
0.737536643656799	3.53270359896782	NaN
1.61193230014658	0.149326407598061	NaN
1.49259568933005	0.463899791418353	NaN
1.56290519788047	3.87646435007836	NaN
1.61128773755031	4.22868945940461	NaN
1.72354111307294	3.18345924575386	NaN
0.978887098663416	3.10607843260904	NaN
1.03966849584773	0.579579267769545	NaN
1.29563531801393	2.15524535178175	NaN
0.459914206074768	5.24155194266945	NaN
0.253699164734954	1.70344188156192	NaN
2.75477384114913	0.292669412674069	NaN
2.78634043033366	1.86418621700834	NaN
2.54589441683951	1.62864424582603	NaN
1.39289420268055	1.66314707971638	NaN
1.88198131337734	2.50321429457491	NaN
2.59547326906855	7.12529105530398	NaN
2.66049158982749	10.3519004179363	NaN
2.82390884364313	10.2971599573456	NaN
2.04836045276459	6.60788117125331	NaN
1.74812768324049	2.74870434049306	NaN
1.0127873869081	3.91022659358153	NaN
1.29820147422896	3.06637261643789	NaN
1.52633215140301	3.86492536770675	NaN
1.38356840753845	5.99525623785296	NaN
1.24628650183962	1.99585349442464	NaN
1.43177641190722	5.48667292838617	NaN
1.12236911372138	0.390530621693105	NaN
1.00438241980054	0.459912586495845	NaN
0.650073551929394	4.09832077201266	NaN
0.446445403031465	3.32341135756336	NaN
0.675566500278272	2.33759461514594	NaN
1.81771893587217	0.385974240214686	NaN
0.192126632806006	0.581570184241956	NaN
0.918948130025902	0.641514650193786	NaN
0.0499177160259604	1.11702411224448	NaN
0.00425773617225771	1.96458555238288	NaN
2.99563332830996	3.5192295802259	NaN
3.01802527183624	2.63916700546887	NaN
2.9791015615315	8.48462098015172	NaN
3.00078906261541	1.91106407154176	NaN
1.19255911372351	0.928393693900982	NaN
1.27793580437593	1.15538089189122	NaN
0.761599309147165	3.61287329579952	NaN
0.118635268515907	6.56547488166295	NaN
1.26331674301137	5.85387339913828	NaN
1.30047735634034	4.70619901653617	NaN
0.762765482588578	1.61117806618959	NaN
2.37150638921558	2.18559824453521	NaN
2.20179912601097	4.54177463694145	NaN
2.67753163238667	3.44447668298623	NaN
0.841246454868663	4.44230597652818	NaN
0.367303467344601	1.75301557534268	NaN
2.06417081229285	0.359923179604032	NaN
2.270643535689	3.01856210653069	NaN
2.38202071300447	2.54512838778673	NaN
2.60073123031599	0.283787264865368	NaN
2.8230994018628	2.16873833074253	NaN
1.86211736256012	6.2103699986255	NaN
2.18944625627935	9.79820062801168	NaN
1.73505957174047	8.86837850529405	NaN
0.899707343328452	4.84934948312035	NaN
0.120542267306211	1.86292578060417	NaN
0.0737057307614992	2.0396139364418	NaN
2.21415253089365	5.29294654710936	NaN
2.9182205931917	7.05615237052981	NaN
2.47771948484212	10.0321720818247	NaN
0.6730287515663	6.82117762320051	NaN
0.825224262446783	2.54536003376273	NaN
2.57919441426853	1.25261698607615	NaN
2.22512027274861	1.94666537744831	NaN
1.77986409135045	10.341694648853	NaN
1.46556742856714	2.87244716780967	NaN
1.60287026551444	5.48459657851409	NaN
1.43352576786386	5.74334242746956	NaN
1.06750488082178	5.19611945753447	NaN
1.61268085166502	3.01805129066803	NaN
0.167237527665324	1.91381846298884	NaN
0.696492114459446	5.00432620169721	NaN
2.29966703194721	7.66444371417489	NaN
1.88358985087976	5.43063114807706	NaN
2.95133507139374	7.94464795708891	NaN
2.97415744046036	7.82968071055918	NaN
2.37057503095469	0.666616600039428	NaN
0.397890695089668	0.712640300194705	NaN
0.234638971366138	1.04587863232024	NaN
1.00074697489419	2.80984142090623	NaN
2.57285477580378	3.06033738512288	NaN
2.43015309553503	4.52215686139762	NaN
1.99616830151598	1.94697493399303	NaN
2.4239812502284	1.08097758917623	NaN
1.68628026865134	3.00825812012307	NaN
0.600787516287113	6.67133757833387	NaN
0.138449560785817	3.59283973238928	NaN
0.856791250273418	4.09314631653907	NaN
2.0928372025372	3.19258199581329	NaN
2.21568638843433	1.71826208941301	NaN
2.80390416252603	0.629966804792301	NaN
2.94542008880944	1.27678398921687	NaN
2.89417130368939	1.72977596420995	NaN
2.73537778042808	2.08168170137683	NaN
2.8387664431691	5.57337038115799	NaN
2.13877753821006	7.84666860918882	NaN
0.983331199693844	5.65580602298546	NaN
1.0990240236881	4.11346736833757	NaN
0.553060345523612	3.79969758488807	NaN
1.12559226613271	2.15819634870517	NaN
1.20936026025094	1.58197884390922	NaN
1.86002038407688	5.37735355947761	NaN
1.90472550863538	7.60671916970866	NaN
1.64973670590542	3.95031922759096	NaN
1.26418786918898	3.18361603635679	NaN
1.30975464324232	3.17646608786622	NaN
2.20974363979533	1.67687791946237	NaN
2.91953732354784	4.01167755647815	NaN
2.87882179978453	2.14425540256466	NaN
1.31149077179375	5.07402236620888	NaN
1.09995960713573	2.87990686840167	NaN
0.576171782201233	2.30523380348306	NaN
2.09680660504246	2.81234970795095	NaN
2.52669858426029	4.21842100064126	NaN
1.93143191244195	3.43544850308172	NaN
1.70665523169581	2.59814845913196	NaN
2.40340175258513	1.75873845359887	NaN
0.776717295573244	0.961765850766465	NaN
0.540114294514935	4.23754449540628	NaN
2.21646320322207	3.68128769775977	NaN
1.71188837216129	3.20060045221132	NaN
0.974894171177575	1.96913037220496	NaN
1.90090999673876	4.19703834322829	NaN
2.8161886839431	6.92681791118418	NaN
1.90751705590925	5.1426862295118	NaN
2.15804770567522	3.08859641633189	NaN
2.06586309315126	1.25678069307021	NaN
0.697151917875375	3.08561643382846	NaN
0.836458334709065	4.46311101301882	NaN
0.657925493950756	5.19803390747148	NaN
0.186935180498848	4.0382803549959	NaN
0.218487661201175	3.78082328469736	NaN
2.11325201162745	0.896380790523527	NaN
2.26071995313885	2.25358082062784	NaN
2.08410636173965	2.77784723943632	NaN
1.34218874133463	7.66059958932518	NaN
0.627732524102904	8.48843295288032	NaN
0.951216509938128	5.39377352044176	NaN
2.90412774576184	6.15266146680923	NaN
2.27429300599689	3.6172876712551	NaN
1.46091197067674	2.15329275377217	NaN
1.69289125525644	2.20066740237348	NaN
1.59432668234071	1.60468213791514	NaN
0.867954273434893	2.28357646187239	NaN
1.61452291409062	2.06134373191345	NaN
1.44050085591663	4.41222005680884	NaN
1.04455268479724	1.83916781392081	NaN
1.17911309050136	0.850020520481451	NaN
1.37867624212471	0.82962650423585	NaN
0.826200645543543	1.79552764491077	NaN
0.550184684872686	7.71778583650772	NaN
0.612674722057501	6.67375791536254	NaN
0.326635916633201	3.21214033255962	NaN
0.167441603872832	1.51540910981191	NaN
0.579925637167609	1.82003241445898	NaN
2.79225019592454	3.85803034331275	NaN
3.07004994269582	1.97388825051281	NaN
1.86424190304539	1.73354701665632	NaN
1.79321780369732	2.5053084523849	NaN
1.69399723404953	1.80915949248851	NaN
1.49938316955456	2.22813965699061	NaN
1.6242759964884	2.37841765881025	NaN
1.75788642964456	1.06942783554043	NaN
1.6661620677123	1.82562271618096	NaN
1.46064402148569	5.03019592128782	NaN
1.01787362078927	6.65162849443476	NaN
0.943337056037077	3.8198640680378	NaN
0.216808019385275	4.08721430024175	NaN
0.213464623643794	3.189958804085	NaN
0.170859949428979	5.22432334340131	NaN
1.71399967531787	3.08659963445909	NaN
2.50823923103789	3.44879630367975	NaN
1.87652700579969	1.89786802487987	NaN
2.90886458905665	2.99108092544378	NaN
2.87918689376309	2.36028521854279	NaN
2.41025107937664	1.8303469069177	NaN
1.00247785487002	1.36015542383499	NaN
0.401628883357561	5.9328461713814	NaN
1.47742705837474	6.07690877284048	NaN
2.02951175587379	6.06972781876057	NaN
1.6136244677098	2.77106810708921	NaN
1.84937344878219	1.08027358178601	NaN
2.21649493732885	2.13302371303008	NaN
1.75876944783423	0.189191981832206	NaN
1.75375352223753	1.69849782512513	NaN
1.62406543427183	1.66909223875706	NaN
2.28722039996021	3.90191759860074	NaN
0.560408467677296	3.13611661990031	NaN
0.361473725341468	1.91087998256175	NaN
2.81473389955563	2.22475653700719	NaN
2.68671446850599	3.21748079210633	NaN
1.11491524849243	1.7096209267318	NaN
0.519699850057109	4.873587286524	NaN
0.308528797939903	7.30433125769711	NaN
0.614675927936446	4.48409089876277	NaN
1.47458095623024	3.7070121723637	NaN
1.52986067256472	2.47081374097913	NaN
1.62093558837623	1.30903801758126	NaN
1.13366760013173	4.98934280139273	NaN
0.845860389789403	4.94177949574034	NaN
2.38395555089264	1.10198554195298	NaN
2.65100718032124	3.88161864122175	NaN
2.1137900656969	1.67557056163614	NaN
1.28024859963844	1.95644470385804	NaN
1.28406284028988	3.52647189102364	NaN
1.00458468637976	3.64592931756421	NaN
0.717914201508062	1.70974200106639	NaN
0.431025295585116	2.09867345475816	NaN
2.71114765517976	1.95864787095314	NaN
2.57612569102897	2.76160152228711	NaN
2.23264638454621	3.20980294979999	NaN
1.89465198117107	8.17386900119655	NaN
2.1541994943951	7.60946188970982	NaN
3.09560304046218	4.99630507923792	NaN
2.22206764627403	6.40969298618585	NaN
2.52669162708072	3.21530820430047	NaN
2.8456011927815	2.82921174842196	NaN
2.40778956651642	1.1222870984073	NaN
2.31089358050579	0.402399585877976	NaN
0.423764539790488	4.886365232372	NaN
0.774417911242727	4.608380897168	NaN
0.281334032375219	8.01496631757864	NaN
0.199697829972191	5.69254372375226	NaN
2.32009063403072	3.51822462801815	NaN
2.68726475710727	3.99764342822014	NaN
2.95856234740475	4.64343732739156	NaN
3.11036775777621	4.17465856943532	NaN
3.08492818357698	1.80755716445167	NaN
2.94094577188104	1.9726038665403	NaN
2.84525648688535	3.67291887407884	NaN
2.18231590802936	0.474475824324159	NaN
1.70538308746765	1.47551681849095	NaN
1.67260061963528	1.41833907974736	NaN
2.46404434330254	5.59048634141332	NaN
0.701871013347166	7.94206428745625	NaN
0.97456715236914	8.19946296144586	NaN
1.69284755786785	7.18468372684384	NaN
0.840456977809495	3.67041681035147	NaN
0.801063349466104	2.43014622736565	NaN
3.03541390626096	3.41863463841891	NaN
2.72755908224534	3.10950231564585	NaN
2.10354991915409	5.15483549842373	NaN
2.25111093933341	5.2226314261456	NaN
1.17693509679955	1.28311422543225	NaN
1.20060858931514	1.85479523617359	NaN
2.34409361481515	2.05079930694378	NaN
2.12793666094467	1.77777861100999	NaN
0.704934460229344	9.98909403113035	NaN
1.20664303934338	4.15124122529203	NaN
1.42184019927578	6.47876138112824	NaN
1.06717110551225	7.1883572762185	NaN
0.689870168099837	5.78067480059059	NaN
2.44709740167151	1.64391242803253	NaN
2.76307302349879	5.197587723629	NaN
3.07834762599615	5.53646670994555	NaN
1.41842204601975	1.06445101345236	NaN
0.56524986115292	2.86833740468727	NaN
0.612912733942892	0.995830527076919	NaN
0.206890427901387	2.56620307769899	NaN
0.126308376275369	5.34447125380368	NaN
0.0748110878538772	8.01553520728094	NaN
1.41220882694249	3.05552662488888	NaN
1.35099843272928	1.60593779168769	NaN
1.35136948955488	7.85248756508281	NaN
2.95602042944776	7.43980971952938	NaN
2.89639245091684	4.66501837515338	NaN
0.237206116460264	4.32145957008774	NaN
0.116771873152401	0.836940646800522	NaN
1.55471011392394	1.79941095704338	NaN
2.035539845219	2.31102944273647	NaN
2.15404401277227	4.38245113161864	NaN
0.935020119656946	4.24751573159623	NaN
1.00813643162295	3.00074449594362	NaN
1.41370017492332	2.78138814692981	NaN
1.19442785309777	3.56826139239293	NaN
0.789638402736703	3.31093411979322	NaN
0.215955379453503	2.60924312847137	NaN
0.671441709978335	1.49833456230795	NaN
1.50761131596698	3.06065031277526	NaN
2.66947820714918	3.91304979370154	NaN
0.479512688393843	4.79890642874684	NaN
0.348827510853888	3.90944139216038	NaN
1.0359633507793	2.93538836028962	NaN
0.882656035309349	5.45508108534664	NaN
1.16572199162177	8.44142324261697	NaN
1.50827558908752	8.72598175326878	NaN
1.46533681194976	7.90115698237142	NaN
1.8230338308167	2.08542269341675	NaN
1.89567081556598	2.05321481534638	NaN
1.29359604403838	2.4280329916475	NaN
1.30353956786513	3.76229378159336	NaN
0.51345688308296	4.34994999839641	NaN
0.482865455835378	6.80882867618595	NaN
0.58533391784702	7.47372692512538	NaN
0.499352207257504	7.35140201387152	NaN
0.674949499073742	6.76678601173188	NaN
1.40485372263346	6.14576523058729	NaN
1.62605309175838	7.98285104561295	NaN
0.0252542015782099	4.28078828343485	NaN
0.313025493254579	1.66175523061465	NaN
0.189035623589539	1.40598002981027	NaN
1.98997943196622	0.365431611074777	NaN
2.16380235278588	1.46493637691922	NaN
1.66323471164026	2.08338437792445	NaN
1.45125662468239	1.81372085890619	NaN
1.12913375405377	3.08104447538663	NaN
0.678967826648495	3.44910389574564	NaN
0.825460656411682	4.2653552922228	NaN
2.11257422730923	1.72249884420735	NaN
1.41658531203562	2.47172586570533	NaN
0.46163092982028	5.28704638374986	NaN
1.98769398802921	6.11021692857546	NaN
2.51928362279059	3.16832431969902	NaN
1.81589359111702	1.89628774894392	NaN
0.412243314015128	5.15502551811436	NaN
0.799788365141454	0.185242143258302	NaN
1.10419454100258	2.848306641277	NaN
1.86504001598761	2.19219090028485	NaN
2.72129214272503	1.83375725503195	NaN
2.71368782021351	4.83790036304271	NaN
1.03213598579884	7.53917972943284	NaN
0.324650119602744	5.97097016562922	NaN
0.5829081957963	3.65108417088348	NaN
0.0670204757344957	3.67007859380463	NaN
0.19721684743802	3.96849632419588	NaN
0.167765813627062	3.35146551038772	NaN
0.004651973631175	4.45029197468274	NaN
0.0812825743011089	5.02256651050742	NaN
0.951547535564623	3.20456837074371	NaN
0.0185232625405538	2.22551183572331	NaN
0.130196972180068	3.11195898259239	NaN
0.615846323168215	1.18635229966021	NaN
0.204829590274609	6.71632542384122	NaN
0.0904409957837432	4.69529973358034	NaN
0.152449237502666	5.49294655647535	NaN
2.92968390885978	1.75966855546715	NaN
3.1059460134948	0.915197627351962	NaN
2.79248777694854	3.63196209421383	NaN
1.8091963598415	6.31597469458738	NaN
2.19109646068834	7.00247372360291	NaN
2.11249888767635	5.57522665207382	NaN
0.748512501247637	3.242559208389	NaN
0.453788837333029	2.22026660519165	NaN
2.15347899574435	0.672793901901839	NaN
0.656245564037012	9.90132251059408	NaN
0.778594455786672	1.28863582424962	NaN
1.07991554577379	3.92678145585103	NaN
1.18380501078128	8.07542481300172	NaN
0.807468162033476	3.82118618699045	NaN
1.80100534386869	3.48778626260164	NaN
1.71983324500632	1.34969438074919	NaN
1.42039721423878	2.25636850929758	NaN
1.040285435578	2.12640775709579	NaN
1.20064758128945	6.27199964816928	NaN
1.23807306523138	5.84060891723315	NaN
0.303270973665882	4.57045835625031	NaN
0.809582022018227	6.10227854466203	NaN
0.622192253567702	1.79355775107093	NaN
0.332359703606128	2.99498530258538	NaN
0.102529432070706	7.69503898827191	NaN
1.23916284039124	4.45775204982246	NaN
0.30076147642852	8.34847141885497	NaN
0.364493209800821	4.58675184844214	NaN
0.587751933754342	2.53344298726376	NaN
1.56504444867229	5.05434472172571	NaN
2.04749358363183	6.33611952512654	NaN
1.97603008616976	3.22060353583497	NaN
2.09872070684174	2.62633374458333	NaN
1.91919790581839	2.58962933188842	NaN
0.824547508258705	2.71285045974699	NaN
1.23812540358287	4.15008060858259	NaN
1.07181002186847	2.72924113523026	NaN
0.831813747546319	1.84453463885939	NaN
1.15780815434248	1.85787000665768	NaN
1.11288977459684	4.08355773090447	NaN
1.07280807702498	0.698389940346881	NaN
0.73491045367532	2.15097251043998	NaN
2.96282469868915	1.16783493948415	NaN
0.447446209530954	3.38836582752628	NaN
1.63700492718913	2.92492221385776	NaN
0.138675143820293	2.43425593743966	NaN
2.28861610609153	4.71150083063384	NaN
2.40142195425542	3.88632672639102	NaN
0.361839473357833	5.01014718054061	NaN
0.474119880382264	4.62829261376589	NaN
0.877470124590181	2.4879979248631	NaN
1.06304349332243	3.67580225347138	NaN
0.681208280813261	5.5857442033425	NaN
0.64465913849624	5.42250304823585	NaN
1.86157806722194	6.49065959111551	NaN
1.10892810814751	7.44513100225465	NaN
0.757444159099109	5.29608214661506	NaN
1.12301436643175	3.53255130078835	NaN
1.19614044812469	1.13115460782706	NaN
2.9440163047544	6.45049731696144	NaN
2.31090291806213	6.7901156973903	NaN
1.77902005906369	5.01678746546473	NaN
0.795941150345635	0.704351820526053	NaN
0.821369237278321	1.41722559924207	NaN
2.98917953852982	0.7464181337262	NaN
2.93773759902517	1.02154555804991	NaN
2.81329240286038	5.04072688224396	NaN
2.9641506230618	9.46206769417797	NaN
2.96566790871399	4.8693744767971	NaN
2.9876835046321	1.54803195939542	NaN
2.49440994661677	2.50234718466417	NaN
3.13966348285446	2.49784412612073	NaN
0.154553564118308	1.48711002228211	NaN
0.698640207579976	7.64942637595146	NaN
0.87112035567316	9.4547131870472	NaN
0.559428243320626	8.40162716681844	NaN
1.77512855398296	0.548393708313914	NaN
2.01013175878412	2.81762227179708	NaN
2.41753189298845	1.6036463680936	NaN
2.40272773471441	1.34469902121627	NaN
2.6471571935173	5.97356767400246	NaN
0.388443084137585	8.09548441032232	NaN
0.195792488336843	6.05138977887679	NaN
0.0463677761263738	4.94952514160548	NaN
0.0922790909498489	4.95530931345362	NaN
0.274967507311233	3.62437709231114	NaN
0.365327435660218	5.01025933408701	NaN
0.931676762167659	0.906312937056276	NaN
1.31665721975594	3.64177263176084	NaN
1.15722017996732	0.831413747564457	NaN
0.36008128077977	3.70104553482532	NaN
0.00484512757600747	1.98122729370182	NaN
0.863233119730847	2.0292536407506	NaN
0.834051724135947	1.96631054656526	NaN
1.45951405449089	6.47175981593464	NaN
1.59745324225578	6.6860323693542	NaN
0.512967200649427	1.12067813003888	NaN
1.18374629280392	2.82049531851656	NaN
0.831286798598565	4.12070198925127	NaN
0.653036607726097	2.35854582550734	NaN
0.923367475954599	1.69380429765015	NaN
1.82805613192976	3.60195238529795	NaN
1.65369092727186	1.61893906876917	NaN
0.00552167284287071	2.66198606211623	NaN
0.314256789266578	1.45239149577229	NaN
0.0843732387429319	0.303482336405723	NaN
1.17910609823171	2.04026189519136	NaN
2.33043478508215	2.57744901078889	NaN
2.84285068185591	5.26640174588548	NaN
2.13989935838711	7.17195713825209	NaN
1.45956024605005	3.1720003723064	NaN
1.40278959496194	2.62989759978054	NaN
0.524997473629091	3.4715532133525	NaN
1.07539069606381	2.24443578688516	NaN
1.17695025233051	2.16223538693395	NaN
1.37406206536524	3.06306193057333	NaN
1.3642894443107	4.85712517001313	NaN
1.284214770568	2.95938384612422	NaN
1.47458895298222	1.60164414691062	NaN
1.83809485504363	1.90908513265662	NaN
2.6717916754946	0.950534486916384	NaN
1.15076321013534	2.15394808882726	NaN
1.10965615834134	2.31376347660785	NaN
1.18155667602096	0.74702335321053	NaN
0.898074478980448	2.6261070456583	NaN
1.16320499620752	3.9575939061469	NaN
0.757317322891467	3.07381171267661	NaN
0.793431587811919	2.96211352075291	NaN
1.61064770811003	4.33463766665267	NaN
2.11543274360805	3.63446276953242	NaN
2.09270469920762	3.79116038938939	NaN
2.29687620714125	6.07867549298568	NaN
2.14989886723552	2.99436302298757	NaN
1.86625937653468	2.12281174816569	NaN
0.093620945922874	1.61232284791838	NaN
0.637675403945066	1.67685102316288	NaN
1.35507411441201	4.41734705495999	NaN
2.33604864381261	9.05045915253924	NaN
2.9470997744221	6.60469593508655	NaN
1.75256655942444	4.08791771760769	NaN
1.18185066690571	3.50332049632317	NaN
0.883299693670814	1.89120262571784	NaN
1.34372279758518	2.62979682573125	NaN
1.44137762112967	2.00245321894829	NaN
1.3888856240559	1.43903068954343	NaN
1.27836005876024	5.48506438709103	NaN
1.21893963529413	3.83624229723744	NaN
0.450633018658028	1.23158043044108	NaN
0.640471777182365	1.30509338578118	NaN
0.154967115263512	3.2553206548172	NaN
0.536462428312681	3.70983835689768	NaN
0.800032452990526	3.83915912441434	NaN
0.533778008256377	5.07618579952402	NaN
0.62568739200276	1.06005182855162	NaN
1.07017555976285	3.22557617610718	NaN
2.2108195024181	7.9770136122599	NaN
2.22113885315614	5.57734780651005	NaN
0.524909601871164	1.36836024326786	NaN
3.10823597354224	5.14713079959546	NaN
2.993735707565	7.6976556490938	NaN
1.58816104977894	3.1531986963858	NaN
0.204964620051216	1.61076661957913	NaN
0.706617471808163	1.45052617890847	NaN
1.58003138906588	2.82941101472291	NaN
1.49424483892421	8.15829481823794	NaN
1.31065729008872	10.4533856943979	NaN
1.61935400900132	7.72110331379833	NaN
1.2686238261417	5.2284972123473	NaN
0.571270935431298	2.69910450190558	NaN
0.197033811997932	0.743773183039762	NaN
0.0634504368070088	0.70803421408163	NaN
0.284053890270922	2.33878689143515	NaN
0.249577443988225	3.26048315937188	NaN
1.5117868255245	3.13476518271759	NaN
0.63164303316867	1.7719839178445	NaN
0.442065552568353	0.465666735218105	NaN
2.41820094207313	0.989076991967712	NaN
2.34114523081211	8.50557853891318	NaN
2.07998141231963	9.89555180769328	NaN
2.32408327392057	3.93027646279122	NaN
1.93210521288642	3.72702555925826	NaN
2.44569375872347	5.02135105402857	NaN
1.9322511534474	6.67755122991498	NaN
0.763562587847601	3.46780777348583	NaN
1.08387883923894	2.17476563230527	NaN
1.45157778109278	2.19307316673931	NaN
2.14831984430995	9.42145768835819	NaN
2.2423207348337	8.29391121705788	NaN
0.236265483532495	1.35808828855442	NaN
1.29159802055404	2.83838330154679	NaN
0.885042542822345	1.11536764036256	NaN
0.745762237156071	1.15363091873878	NaN
1.33644133300652	2.49248315963834	NaN
2.43457151592685	9.28428608213931	NaN
2.15051467039866	9.95089271833588	NaN
2.44193708373419	7.77257406841584	NaN
2.15120326878727	4.55542688961154	NaN
1.60402232834858	4.60235360062892	NaN
2.59934920617785	1.35631074367799	NaN
1.51265356347847	1.943580414969	NaN
0.313331388805143	3.20693658965583	NaN
1.98365682140791	3.154887480766	NaN
3.01933680735716	1.66668293729767	NaN
2.47830694732345	0.812548933260086	NaN
2.73619676240014	2.63518410121667	NaN
1.36723577317898	2.11589027127151	NaN
0.197017405730071	2.99812148949393	NaN
0.141585929726653	9.11991246002292	NaN
2.42448083809897	10.2350915010955	NaN
2.50524003030306	7.29894592449035	NaN
2.77367733336695	7.61202496300365	NaN
2.52398553904294	6.80511103471835	NaN
2.96742192409629	3.62373164748811	NaN
2.98529497607923	3.09246216654868	NaN
1.44577833442247	1.77066911538785	NaN
2.81436357214801	3.35404841122676	NaN
2.65576365379289	3.1223744720512	NaN
2.8093079572765	2.42580063406201	NaN
2.74974118545012	2.10171065472353	NaN
0.0302705151526055	2.13336154028567	NaN
0.80939229809729	0.70295285499611	NaN
2.56381739524416	4.74616032407033	NaN
1.35240378384034	7.87284857380884	NaN
1.52573115774566	8.36633955417742	NaN
2.68755538654172	5.76645539683175	NaN
1.95174589669422	4.63905841786178	NaN
1.79093503515086	1.27067826800645	NaN
1.48605516625147	1.33514266199106	NaN
0.822856612628738	3.68333579097277	NaN
0.884182576845434	1.88333154672046	NaN
2.74973856521281	2.7090595327063	NaN
2.69930590932602	3.37152114022831	NaN
2.69064725561713	3.12120682098931	NaN
2.35033094654658	2.37573933240624	NaN
1.83058295549176	2.11090814972899	NaN
2.95311959387883	4.4159489855031	NaN
0.715835880898895	7.17943867621399	NaN
0.65004491491064	6.85343842578074	NaN
0.175671256843131	6.11082552179814	NaN
0.378142421789907	5.93210435906496	NaN
3.04775630012766	4.8017249204517	NaN
3.01408577270622	1.1756176962565	NaN
2.95109582785701	5.23728096812296	NaN
3.05161015130796	9.88535532738236	NaN
3.13115909286014	1.34988852548043	NaN
3.04313491894869	1.47442600441028	NaN
1.85464446533112	0.702909256251002	NaN
0.430141652793783	5.27573647723827	NaN
3.00650378666889	7.35409456389704	NaN
3.06990965803349	7.61110396307435	NaN
3.12980117487199	6.62519744323779	NaN
2.62469282278701	5.95048698142744	NaN
0.125653700370549	5.58980748168626	NaN
1.29086394039371	3.0688773196536	NaN
0.653633088044065	1.88906290856127	NaN
0.618469399492298	1.97240246150969	NaN
2.29599861838019	2.65627144010641	NaN
2.55228599136023	3.46360755192029	NaN
2.61775097813854	2.78846162323927	NaN
2.68271993950675	2.33423153717994	NaN
2.68443983707168	1.14165442947109	NaN
2.76011942703337	3.11740287449707	NaN
0.220571468170205	5.75527992120042	NaN
0.238846930801351	8.5307174446436	NaN
1.18149063390129	7.48776860884732	NaN
0.563207754811204	3.27130346402145	NaN
1.1425356922493	1.9350064928186	NaN
2.86648100970964	3.03989012045623	NaN
2.27546227936997	4.68177266960432	NaN
0.0298264702729556	6.86414247492486	NaN
0.468397963036847	6.1236580732621	NaN
0.418034912731669	8.56858906090311	NaN
2.0056611611101	2.00263853371933	NaN
2.25672337014949	2.51582680331865	NaN
2.51448931883977	2.13575172159688	NaN
2.6048941099872	1.78529091389855	NaN
3.07633107170365	4.86150378517088	NaN
2.96938002358134	5.68504039548502	NaN
0.823583285577067	4.78904949117504	NaN
0.87166138319779	5.6385548387141	NaN
3.08385897744787	4.49791317391921	NaN
1.89618027610999	2.58199932713112	NaN
2.35905861841	2.50944033205781	NaN
0.20537207303283	3.8269573651767	NaN
0.464226078000133	0.81046654924835	NaN
2.61040009981971	3.61598946517376	NaN
2.93688964249473	0.917751433763109	NaN
2.91612957077399	1.33032169970971	NaN
2.34168450097064	1.20603517995593	NaN
2.06846784373818	6.2445034459153	NaN
2.08579882295913	5.24522837146229	NaN
2.26397039424989	4.31735069066865	NaN
2.59151154365987	0.725569542848599	NaN
1.14277553415216	0.382182695263374	NaN
1.30427554909532	0.851464196869184	NaN
1.62972419997504	1.95924986019268	NaN
0.992861299521723	1.38460665396778	NaN
1.67210041759994	4.64903875000875	NaN
1.74451355598551	4.63356632512042	NaN
2.79032768161206	3.13533673983212	NaN
2.51908836554934	1.97544177038656	NaN
1.94481958264474	0.222391408074421	NaN
1.05490945800632	1.6287003408469	NaN
1.30100316092311	3.79289719604519	NaN
1.68725236700091	5.12446815193911	NaN
3.05529816727334	4.59282550656801	NaN
2.69306717441763	3.43194575360279	NaN
3.04719100096033	2.1908695803925	NaN
3.0790202198792	4.45453210531602	NaN
2.98185912205527	5.29453260467018	NaN
2.63453967284457	5.99879085472016	NaN
0.829818079851865	2.63729853757704	NaN
1.25680658880659	5.31499669673847	NaN
1.5976790150542	5.90790869808273	NaN
1.12373161742311	0.467290375233829	NaN
1.17645561239516	1.00989223176002	NaN
2.93149117894914	0.26991169191676	NaN
2.09266758671892	2.69961819503276	NaN
1.80549508152867	2.61802988276928	NaN
2.07115853414185	4.74835582993368	NaN
2.13992388685536	4.51515791260184	NaN
1.37858140610388	3.03941527709804	NaN
2.36148655011317	3.62360184283048	NaN
2.51739116983974	1.62178604931247	NaN
1.47132183072212	1.0484504409102	NaN
2.03143544691067	1.82244126377273	NaN
1.33440375273997	1.52035606022814	NaN
0.596411888221465	0.209825157763688	NaN
0.171475879562939	1.94140864402513	NaN
0.341174115425902	1.95176919486244	NaN
0.660306611698261	0.822418930615536	NaN
0.655952806651634	6.01434279951318	NaN
0.511813905335494	3.55941204348923	NaN
2.17972962506856	2.28750866026665	NaN
2.60079785105271	1.08087954201518	NaN
1.66281493727325	1.51420887701635	NaN
1.96585211789283	1.78991867814027	NaN
2.58779809530669	1.1531766754675	NaN
0.312828258516392	3.83888929559774	NaN
0.117574729471549	4.67662914233337	NaN
0.0612913687199468	1.66040639586739	NaN
0.294432504992334	1.95568275357709	NaN
0.464518536586079	1.74698757578555	NaN
1.4182903145356	1.41585751587266	NaN
0.997848072903614	3.20691838605806	NaN
2.70619808322732	2.76834459776242	NaN
2.08713442188843	5.06118829996053	NaN
1.94873442655252	5.91329999936801	NaN
1.31168746634049	5.9995530697541	NaN
1.41716242280433	3.44889088130346	NaN
1.27088620202215	1.41306676621922	NaN
1.34254619627836	4.26124633451322	NaN
1.83997644770854	4.00217176293112	NaN
1.6950332845699	0.848915791244773	NaN
2.98468701951552	3.6777533939138	NaN
1.60773957660598	2.74088887840273	NaN
0.764741441260762	2.38790240891143	NaN
0.268214514018555	1.0278227632426	NaN
0.293409051202199	0.522796616614986	NaN
1.30853535301193	4.35833336877209	NaN
3.12486801685094	7.49441749249503	NaN
2.45999014129686	6.93158424766274	NaN
3.08131218028361	5.08144760950306	NaN
2.30551632096777	3.88045356924178	NaN
1.1565858941792	4.63359750185162	NaN
1.39607545297768	4.79455399134443	NaN
0.923284000170301	3.83297493024681	NaN
1.36034683844917	2.92564711874464	NaN
2.38953945956875	3.11593528375953	NaN
0.623192297013898	1.82037800272851	NaN
2.53070899549722	1.32517654361271	NaN
3.09256080046437	1.59949321514134	NaN
2.27653695516272	1.95874518351584	NaN
2.55499556143562	2.0442740768835	NaN
2.14035390704559	6.3098450937588	NaN
0.684075422235172	8.24866133266168	NaN
1.07228049178147	5.86551526231862	NaN
1.78063324965289	7.13204114011844	NaN
2.66378656924799	10.1387751627861	NaN
2.54327044874688	10.0055422764887	NaN
0.0673891586027607	5.60900833636956	NaN
0.00646466465493525	1.57201697107866	NaN
0.124505310259584	0.497121891947677	NaN
0.236586949596567	0.445121213517846	NaN
0.605256279428652	4.27259159438281	NaN
0.781141692897157	6.16124310456798	NaN
0.699157775786097	6.2975569236518	NaN
0.402499629376186	5.59384292657337	NaN
2.24462986789097	3.79007895841962	NaN
2.34136672592109	1.48084950178529	NaN
2.45447523602908	0.709899536190609	NaN
1.88460000027043	3.97000713434132	NaN
0.545592095302165	3.52517273069374	NaN
0.577043668569202	3.68157442741835	NaN
0.246126791996691	4.82079400221652	NaN
0.326026731844085	4.25551327376201	NaN
2.26821445099035	1.23185488153589	NaN
2.70297477941296	1.21710053269601	NaN
2.83622700571507	1.79449558760862	NaN
2.3943237035257	4.42052305956696	NaN
1.62484272972497	4.19681290016127	NaN
1.27446322484985	0.436080126826467	NaN
1.18059122766417	1.66594480373478	NaN
1.19781973660624	1.89115297723299	NaN
1.31606921588094	6.6404623267596	NaN
2.09384600688473	4.42488096654155	NaN
1.08116979922516	3.51408601571573	NaN
0.784577085783972	3.84228389910462	NaN
0.685795108374369	4.9880756297373	NaN
3.04340017699234	2.20555379665913	NaN
2.01864898919766	1.23634583903362	NaN
1.99016979289916	1.36807529155426	NaN
2.1789732090124	4.73624738743393	NaN
1.63631530793511	7.40201937187705	NaN
1.61195626779574	8.12377698090542	NaN
1.88847415942747	5.46337953914628	NaN
1.93548544844548	3.25890650088566	NaN
1.88721663432828	2.76948313171841	NaN
2.81521130662433	2.61177037258282	NaN
3.0499104353317	2.07330792534805	NaN
1.89851002655134	1.67291136965384	NaN
1.93372497387227	2.60865867808712	NaN
3.11771222167442	3.14297615106752	NaN
0.728148418200875	1.97259569788044	NaN
0.853955027460434	2.66212012713103	NaN
0.737263020401995	1.21428363016935	NaN
2.12917670299234	2.68751101338541	NaN
1.66007020700991	7.33076569212207	NaN
0.418561869606722	7.37488345822067	NaN
0.916190455694122	5.6027917071721	NaN
1.19462379273795	2.92520916007711	NaN
1.19787475987845	3.14764456048456	NaN
1.07298236304068	3.41264662090952	NaN
0.47545579844375	6.3563626848317	NaN
0.0489375882023391	7.26009477359972	NaN
0.0881019836197675	3.34944478391757	NaN
0.786412880748696	2.01091182271689	NaN
1.9153046237032	1.01942586860167	NaN
1.4075129304202	1.73113938240636	NaN
2.63339838273287	1.78286692283355	NaN
2.15965304041546	5.12990457282462	NaN
2.79168840641112	5.91945132041679	NaN
1.23091421805619	4.16516977708892	NaN
1.0738682840838	1.63776726122284	NaN
0.816302454667036	1.61960145412772	NaN
2.09206854024948	2.75062922910421	NaN
2.06218549097071	0.625258231013167	NaN
1.72581422836978	0.871434480526703	NaN
2.41421136089179	1.50759234480299	NaN
1.14605101644142	0.417529052862022	NaN
0.0375659444917771	2.02725691929597	NaN
0.774267788559829	1.61430797593927	NaN
2.29752512066519	1.09795239552438	NaN
1.59816592267416	1.34792072637594	NaN
1.41661029082348	3.92213773379129	NaN
0.713365272567775	3.76244493837273	NaN
0.947370435279174	3.50435304085225	NaN
1.88518351724376	1.87250348405531	NaN
1.83055909066042	2.25796000690213	NaN
1.75161380297367	5.28401523425486	NaN
3.10027914670098	4.52452915816159	NaN
1.77406248351663	3.65880019474988	NaN
0.781657616309116	1.71004047069682	NaN
0.866185649266598	0.585868227687367	NaN
0.0286519854862101	3.08233200190794	NaN
0.111421235726465	1.79688847529774	NaN
0.653638945615151	2.36686041133168	NaN
0.705092627806435	1.77217682040585	NaN
0.665271811709651	3.16363155269349	NaN
2.90473837430108	7.40949283623168	NaN
3.00811466581257	5.28550365569661	NaN
0.120435885027741	1.51943479406675	NaN
1.34452704046896	1.3796022983096	NaN
0.920299323491421	2.53837206005939	NaN
1.45074795101774	1.46854221020461	NaN
1.37857704161497	2.12513578022489	NaN
1.48552773243982	4.47407177390793	NaN
1.31703518720899	8.54633972437609	NaN
1.35059751405275	4.51608864156227	NaN
1.45967522614274	3.3462825080564	NaN
0.625787924183647	1.77208532464237	NaN
0.745526579397718	4.29828872026982	NaN
2.69632664801377	7.64308012968174	NaN
2.7023182227138	6.96567948413676	NaN
2.2275727179509	3.85795606514349	NaN
2.5264593888562	1.8065607821607	NaN
1.89910946328483	3.01354223436515	NaN
0.284055683367002	0.244688344715026	NaN
1.11264490284867	3.73632962333013	NaN
0.976145764563078	7.18192195800147	NaN
0.82023583363131	2.74149831466491	NaN
0.862290129230045	0.630612772518165	NaN
1.67653756073331	3.72020814436855	NaN
2.92628460490222	1.12856364146302	NaN
2.4438242228002	3.16142320046708	NaN
2.04349372722092	9.17765253363095	NaN
0.91513703038322	4.95245422720289	NaN
1.01058033042207	6.97216778515217	NaN
1.78049920239855	6.92259845583949	NaN
1.71330749056987	2.40819239022103	NaN
0.548795007220036	3.91486451646477	NaN
0.801947973474117	1.36869780537836	NaN
1.55793901233598	4.69918628496916	NaN
1.94395215905764	9.91549887058081	NaN
1.92184483559191	5.03922819050216	NaN
1.13320435440551	5.1347738473876	NaN
0.92021391204679	4.73630299661188	NaN
1.06751632218554	2.23716641356801	NaN
3.01234100660614	0.966233728045453	NaN
2.89441506694798	7.24019980107201	NaN
2.88906316327102	6.81941796004264	NaN
2.67545100575445	6.09109595885644	NaN
2.41325973930948	5.6761470665179	NaN
1.71310343440571	4.7172046976647	NaN
2.01921956796893	1.89519133332954	NaN
2.33142891929117	1.94913720847503	NaN
1.95070881028459	4.10039811681343	NaN
3.1328319423719	6.27441654578583	NaN
1.66031992992567	1.78826624980836	NaN
1.55377064607254	5.77017168001035	NaN
2.61013774251449	3.30225358330513	NaN
2.79699572910592	2.38999532972377	NaN
1.30130955740397	1.67619030124869	NaN
1.17887681765747	0.880554973284525	NaN
2.58303121740628	2.72613935799776	NaN
2.26397995468455	4.99883118033407	NaN
1.98618518722465	3.96128998690323	NaN
2.18722228153853	1.92336679268061	NaN
2.11405015966015	1.96209233065827	NaN
2.62428069602758	3.4462116307482	NaN
2.70303711817415	4.59665335626763	NaN
1.59356102984108	4.31654689774319	NaN
0.868453062894336	9.0789286059918	NaN
2.28916772183454	2.56941416943287	NaN
1.09798324700896	0.459315120512921	NaN
2.94818656923767	0.561901919175416	NaN
2.0253783013855	9.27985152806534	NaN
1.04642047022589	9.49731669315897	NaN
1.16488587134352	4.10928775950019	NaN
1.27591910001708	5.89086529738138	NaN
0.703037725940448	7.18822990047961	NaN
1.70971250897436	5.85202501934975	NaN
1.72586966688453	4.45345800636957	NaN
1.32048907840858	2.85428255688845	NaN
2.60575652926242	2.86139025393564	NaN
2.32501465703342	5.32604897963597	NaN
0.140251534093211	7.55773775450302	NaN
1.0738355692718	5.58222695490365	NaN
2.14278275983217	2.24229688732072	NaN
2.5134483341067	0.81989783442905	NaN
1.32169049587399	6.58473373926572	NaN
2.29125186153611	4.9367182728627	NaN
2.13188645825598	6.6837902152134	NaN
2.5483359081844	1.98902937635688	NaN
2.19538584629713	0.790183455324565	NaN
2.11914278958504	7.33092304111267	NaN
1.36916135857472	6.09479850367495	NaN
0.573335582149315	0.571288590142097	NaN
0.611303069488199	0.869937454805553	NaN
0.626168686207209	3.3251444256098	NaN
2.25350742211861	3.58808312766157	NaN
3.12979620240964	1.14263875486682	NaN
2.65859381491416	0.729265441826026	NaN
2.42111479517552	1.42558093496926	NaN
1.94777316946292	4.08401578841407	NaN
0.467336967664628	6.35287512769227	NaN
0.365224040189705	6.56876448870728	NaN
1.36740238446953	4.42360491225836	NaN
2.35435106339345	2.5102730031396	NaN
1.67169324011927	1.68112142546949	NaN
0.685172027170519	1.55197400637445	NaN
0.727109954410134	0.543295940925295	NaN
1.76895228771218	2.57907604722017	NaN
2.69841111458021	0.696711708400022	NaN
2.17742298231895	2.75894671226406	NaN
1.92748960528645	2.08411765368603	NaN
0.826453723282897	1.7622168973963	NaN
1.336339397763	0.288147665754012	NaN
1.38902810246314	4.44036890873823	NaN
0.808724179607054	7.20842563013172	NaN
1.82423615383457	8.75903438852358	NaN
2.71704075274464	7.5517610132823	NaN
2.84301369015856	4.50761987974298	NaN
0.794989608419016	3.55174585520037	NaN
1.88871552524087	7.51801202523356	NaN
2.24364620035812	9.16856897628931	NaN
0.862445154382678	5.56308769941377	NaN
0.630832038482553	2.09207030203723	NaN
2.48431556756319	7.04668483393851	NaN
3.05711231780563	2.81264353451045	NaN
2.55324334403029	3.08300972297583	NaN
2.49352993739205	6.09527432774317	NaN
1.61359943636002	3.9581081532824	NaN
2.00249429208819	2.44536924893775	NaN
2.23907146626214	7.48734011703646	NaN
2.32230554528559	5.06584058610683	NaN
3.07373258183272	2.02553656570079	NaN
2.43568251969929	1.62569245503364	NaN
2.22097669809498	0.555367652885829	NaN
2.41002069222722	5.08319455776178	NaN
0.266454962416965	1.36826764491616	NaN
0.470903219680147	2.47852141459618	NaN
0.966594633351635	4.77485810498443	NaN
1.04436246943581	0.695987057212342	NaN
2.69790443191562	2.28675358732078	NaN
2.14940022296238	1.98385681210792	NaN
1.7502096051102	1.94228828601233	NaN
1.99456508434246	5.96645250447857	NaN
1.02993740253203	5.13227809019388	NaN
1.76346308986419	2.14872842568446	NaN
2.8837007223106	3.01104314977901	NaN
2.76071289885342	7.47293848197414	NaN
1.90042338246694	10.3793566307523	NaN
2.02265144563341	8.87125518133846	NaN
3.10803515193987	9.13666626499774	NaN
0.27872639669509	8.36232119151503	NaN
0.310696976182673	6.10508756389866	NaN
2.45152479636243	1.28635821018496	NaN
1.85653021245828	1.070335507021	NaN
1.29149454590134	1.64468083342833	NaN
0.235011926856019	3.25628137090168	NaN
1.71280756444663	5.81919460120073	NaN
1.70776587964584	9.10334497323836	NaN
1.5972034283042	4.07765532148917	NaN
1.31691835495145	1.96124410208878	NaN
1.78468435303077	3.46689838718557	NaN
1.92936936611294	1.99545891763902	NaN
2.28883769514934	3.58457916523418	NaN
2.53060373097098	3.61786458551924	NaN
2.15410163639322	2.83312674597435	NaN
1.60553332767653	2.7174720220961	NaN
2.5986825079925	1.10763654546705	NaN
2.35373042801696	1.44836974979339	NaN
0.161352836775404	3.41103570682743	NaN
2.95859100387769	3.99565678798203	NaN
3.00120578057133	5.84206986064082	NaN
2.35563582777057	5.19480320110888	NaN
0.388511952663581	1.24198257774904	NaN
0.756851197747655	1.52540752380241	NaN
2.10702239176395	2.30729868595969	NaN
1.90552880679883	4.63977570986179	NaN
1.88871942379777	2.84923278541566	NaN
2.8256120633665	0.490382619762014	NaN
1.30400550914436	1.04233584934166	NaN
1.51580364839372	3.99057706191658	NaN
1.04650853333269	1.43978026028294	NaN
0.536560829444419	2.02157488698506	NaN
2.13364859161162	1.33244147307353	NaN
0.301849624895434	4.4519460328838	NaN
0.628024740403513	4.74521590144505	NaN
0.0286995749526229	3.18359989083284	NaN
0.295887152724203	5.93084707879895	NaN
1.7744603669661	5.10142516893345	NaN
2.89191324020831	1.46316703979193	NaN
3.08816809417809	1.40966208671139	NaN
2.73287043953161	3.87692745982657	NaN
2.93422855196199	2.66783371736923	NaN
3.13754442475065	1.14389724265873	NaN
2.42794072822085	2.09513100320469	NaN
3.09315343196604	3.15920056211505	NaN
2.98611677844984	1.02288211385288	NaN
3.00365762777935	5.04419649414188	NaN
3.05558785308217	9.32041362905194	NaN
2.24744487311475	9.25961933938158	NaN
1.9004396238812	9.28583950847784	NaN
1.96174428027619	7.23905816591417	NaN
2.76385394263117	0.912698108451215	NaN
2.89479527499582	1.76814208872199	NaN
3.10998260008456	1.69800924372132	NaN
0.97128809857377	4.38776927407954	NaN
0.128789622206736	5.62921437207315	NaN
0.0163883900319521	2.28980116364578	NaN
2.13194381329025	2.2224055501731	NaN
2.8249671937348	1.52443888597417	NaN
2.40341768844715	4.27346542913151	NaN
1.80106022563137	3.86071544857646	NaN
2.18529462553256	3.1742378323085	NaN
2.35734032037585	6.91803670794165	NaN
2.23581502006267	5.38293629015562	NaN
1.85272876149343	4.74346870183625	NaN
2.25030858044421	4.28058481177392	NaN
0.797410294123636	1.72398178793434	NaN
0.0365724476865252	0.993069894581226	NaN
0.0547492790217924	2.23707934364251	NaN
2.73384226663686	3.10297722560654	NaN
2.94279639147105	3.81827856626336	NaN
2.03255854630233	0.070303248351611	NaN
2.37707199346599	1.48193147974131	NaN
2.75926034091099	1.10518965670162	NaN
2.24035916592827	0.909733794008218	NaN
1.0940170095046	4.82266083146392	NaN
0.0730728209615404	5.08911915958976	NaN
2.51918853817904	2.86101043436442	NaN
1.92789628896445	4.03567337120126	NaN
1.79811684755089	1.53084819352775	NaN
1.32680752431693	2.91537421780041	NaN
0.399043499730355	6.49422193717306	NaN
1.27418678631005	6.30403340163927	NaN
1.52885847481778	4.95376555614101	NaN
1.55753670709539	5.36909416001998	NaN
1.84985726168579	2.44931769585264	NaN
1.25262588352449	1.83662146581521	NaN
1.12152173885926	1.78973864220019	NaN
1.14264985195778	10.3552419305141	NaN
0.956426561103922	2.19428102783228	NaN
0.532344513771209	6.50113103699628	NaN
0.524133567834159	7.98551717999342	NaN
0.654126086942598	7.43988617931156	NaN
0.522241950121674	5.62481522083319	NaN
0.445703735311261	5.11703376340629	NaN
0.284604012841961	3.35890447601862	NaN
1.70443865432967	1.34519389733925	NaN
3.11271960064495	3.08704602560096	NaN
2.19090147522552	3.64290001403056	NaN
2.57374507061308	1.86892261059801	NaN
2.61056024161153	2.95695455332839	NaN
2.48153574148504	0.357474832546492	NaN
0.399728967995824	1.20457543426499	NaN
0.690731445329849	2.13333968075953	NaN
0.0724370414231597	5.98441743311873	NaN
1.1970273977732	7.38438144741459	NaN
0.913852520854492	4.97833345241586	NaN
1.13714276084116	2.44717188443893	NaN
1.08707552200961	0.980305112078879	NaN
0.798897874601448	0.888735556031018	NaN
0.311193677953247	1.05247554660199	NaN
1.54009741388218	2.06676177748552	NaN
0.539423271745025	1.89218093076713	NaN
2.02050782118997	1.37145152507764	NaN
1.66178497277764	0.458456973423865	NaN
2.78952385244901	1.08167205223889	NaN
2.75917902360722	2.50289945620033	NaN
0.831213197870231	2.03410628664805	NaN
0.356494718415018	4.23929667242542	NaN
0.228404617301467	5.54654495112945	NaN
0.537666765944329	3.14927614103328	NaN
1.17798393504945	1.68474407941062	NaN
0.468763862843928	1.33542430982312	NaN
2.74303411811462	2.16450576850368	NaN
2.60702303238317	3.55286351630618	NaN
2.79451886978172	1.9078877554128	NaN
2.20818748042306	2.18208681588062	NaN
1.95085009147973	4.26269751378624	NaN
2.215556980001	0.841782775779992	NaN
1.91766561147637	1.15614963302666	NaN
0.286811090076743	1.01516560445851	NaN
2.55023553179245	3.02608945214181	NaN
2.96476148888232	6.58527382399995	NaN
0.571929307504087	5.78047995118496	NaN
0.123514453360968	2.42657432652651	NaN
0.344977039918748	0.623646382998208	NaN
0.4558517230706	1.25709593582693	NaN
0.982445574408864	2.97777380308482	NaN
0.551385319159528	1.9907078892803	NaN
0.551374783843448	5.28714433405899	NaN
0.589079312720239	5.92289252286965	NaN
1.03959620004686	0.200947644349489	NaN
1.65749730778608	2.78274772878281	NaN
2.91051049961719	1.28538396273465	NaN
1.18399050933415	1.97942221826173	NaN
1.70456980617453	4.84438427924659	NaN
1.62213382601758	7.59298406479871	NaN
2.78811254822147	9.09002916559194	NaN
3.03244684571499	9.72886917819037	NaN
0.945665756344678	10.0108962617948	NaN
0.188245290374707	7.96285429057612	NaN
0.410826882214391	8.93814897001713	NaN
0.867210434537727	8.62873863100543	NaN
0.612823348209783	8.28921013098405	NaN
0.762541905886344	5.61324656268723	NaN
2.22479663813396	1.53545734998233	NaN
1.09633702964257	0.44851068633298	NaN
1.65429860036841	1.70857859967641	NaN
1.24121797433837	0.547350018902109	NaN
1.59960101678711	8.22037653623056	NaN
1.44999886861306	1.67118035928444	NaN
0.819459638340345	1.81968326442289	NaN
0.738010726861798	1.482561921979	NaN
1.01136389756358	2.9445354509858	NaN
0.997137653543944	3.6770064093654	NaN
2.88687464427966	4.35891784769086	NaN
2.55164471473941	5.35311844030477	NaN
2.00777380654545	6.95255675238458	NaN
1.84727651192248	7.45221620302126	NaN
1.9299687466197	3.99000828844623	NaN
2.27092172726665	1.10982934666097	NaN
2.80878391995429	0.349831790831849	NaN
1.91186985991869	1.71575154417623	NaN
1.94460517641716	9.3930513148923	NaN
2.29399510137715	4.14690736113862	NaN
0.139059014179749	8.65360059751684	NaN
3.00460459866423	8.8600175329189	NaN
2.6644416099806	5.18520629733564	NaN
2.59788758482105	7.35843993904741	NaN
2.11081764936598	7.81375318671086	NaN
2.51934829139499	9.26476330715327	NaN
2.80210737025107	9.8098225301704	NaN
2.2058570707468	2.20855913808461	NaN
1.748430349679	5.94224847068257	NaN
1.52988778951066	3.93725920089836	NaN
1.95418159377312	0.344028310347899	NaN
2.53273137944694	4.03785868655304	NaN
2.47646071108961	3.41866913260153	NaN
1.6428262289006	1.25314892061197	NaN
1.37090731138828	3.51572265631947	NaN
1.35995350834642	3.86253451705373	NaN
0.600206465289599	0.383365697266545	NaN
0.311842618498005	1.41013696566899	NaN
2.72865862054412	2.00077970209191	NaN
1.18800072237985	6.1008432422201	NaN
2.6673433597647	8.2874702671728	NaN
2.725205401806	4.62537007385774	NaN
0.716775434063434	7.39439363010931	NaN
0.149365250681152	2.7648584187183	NaN
0.270473978192992	1.81363526139302	NaN
0.0934481087281176	0.877429827365191	NaN
2.46950139613396	2.63113804410762	NaN
1.86390131285748	5.66304920980525	NaN
3.0182250148646	7.79500585683461	NaN
3.00675407011834	6.95007175040613	NaN
3.0322118751224	5.25165779788012	NaN
3.04853552835831	3.62846124662	NaN
2.64985618759672	5.10216789083231	NaN
2.53954127116903	4.61664939647552	NaN
1.25079416744652	2.76652934745532	NaN
0.112864466675027	3.56159906814391	NaN
0.117556007735698	2.85488226498853	NaN
0.188323761290153	2.6685738019611	NaN
2.59462214276633	4.73291643403781	NaN
2.86044178872546	4.57190104605347	NaN
2.83254970568017	3.36454161593584	NaN
3.03846441336367	8.6333521006909	NaN
2.59773999848869	4.53966933572147	NaN
1.68225178121977	6.63199232602304	NaN
2.90028107943667	4.11131751844834	NaN
3.13243987986493	6.62577558123466	NaN
2.39578037070281	2.39429617222262	NaN
2.90802558487682	2.83940666155157	NaN
2.93092478929008	3.45701669525239	NaN
1.21914158162759	0.839881324264542	NaN
1.63052529230599	2.76583613898065	NaN
0.0805069460536335	3.33923583376567	NaN
0.0277764603720061	3.09441808327513	NaN
0.125031475463925	1.62732735033353	NaN
1.80721150916586	2.53985150757479	NaN
2.68359125983655	2.59715839145952	NaN
3.12321439472227	3.53546505717925	NaN
2.87847558291041	8.23984002072021	NaN
2.73925841105336	9.14670967409927	NaN
2.87539710597597	9.05813341679671	NaN
1.8199180099105	8.87811067104772	NaN
2.46548419551438	7.30421240285425	NaN
2.77791817843216	1.0354472060604	NaN
1.54105496939061	2.91954547234287	NaN
2.32636196006458	4.27253436971955	NaN
2.83702167954188	2.54093536694123	NaN
2.42529119736419	4.44660834302333	NaN
2.65413758310746	5.7691550809934	NaN
2.56357661389122	2.03627543400748	NaN
2.45716314982611	1.7615967730899	NaN
0.302687621915154	4.07164826195424	NaN
1.01361337839886	5.48718924045506	NaN
1.65235943656661	5.5279873311254	NaN
1.024095901254	3.58686640169306	NaN
1.76930860020413	4.14420488563185	NaN
2.98653797556734	4.11920335253407	NaN
1.82704592766711	0.572311480844563	NaN
1.59752741890923	2.03828893221013	NaN
1.37388586479966	1.60598271839565	NaN
1.4916710336954	1.89515057704746	NaN
1.39587566575815	7.63900714979302	NaN
2.56498039156012	7.99726637522023	NaN
2.15645206952081	6.30654973584508	NaN
2.17614766499442	3.19621920612792	NaN
1.33710414500329	4.54038112874745	NaN
1.27573539813768	2.05248605586987	NaN
1.10694013140519	1.41845833148513	NaN
1.67541309466204	1.65894273002066	NaN
2.16463755627455	1.16388319650794	NaN
2.28928369232019	3.3100971312445	NaN
2.10255336480615	3.38182219665397	NaN
2.21083335189598	1.39575134091467	NaN
2.90101177768488	0.665891266697881	NaN
3.12346968349422	0.4241293883783	NaN
2.47074438128291	8.4642788459711	NaN
1.47192788039099	10.0905600166469	NaN
2.0901994797172	6.27043219788946	NaN
0.324344502346999	2.28399915974595	NaN
2.4007232180511	1.08591648936191	NaN
3.02034005132096	0.143106910876912	NaN
2.5149522476769	2.254166218778	NaN
2.57637934114341	3.50448736877686	NaN
1.32352859590424	6.88804866159261	NaN
0.30965782891221	5.72840085843888	NaN
0.131373345208536	2.60839943252297	NaN
0.436274624689374	1.35967496454464	NaN
0.669655705375459	1.21592733161603	NaN
0.519654314990749	2.81537700869553	NaN
0.801198481621059	7.81556449909444	NaN
0.203599381266035	8.32104477951902	NaN
1.7067150128512	7.5905780101564	NaN
2.76148878090609	5.03343530373144	NaN
2.78370277791815	1.24446093330022	NaN
0.242152318602112	4.50233816606479	NaN
0.366211614692167	2.81587573021766	NaN
0.477999773253843	0.740053927842994	NaN
0.280080253758089	2.53593858949232	NaN
0.244989215295326	2.39591919338004	NaN
0.389922234900813	0.76059014829572	NaN
2.60641777043336	2.88836124467678	NaN
2.75680489807979	2.67931711549359	NaN
1.59292468721889	2.63778790396727	NaN
1.8814223286616	3.16564726116127	NaN
2.88582203849356	4.78477505319829	NaN
1.18464230195478	3.76149323614216	NaN
1.204280702096	1.39992629709864	NaN
2.71405650385062	0.874632003042147	NaN
2.58767629237995	4.1717114582742	NaN
0.630413131188419	5.2799676947144	NaN
2.97261420838676	5.40969503435396	NaN
1.57688405009773	3.86469417835014	NaN
1.3116865399292	6.05626676460214	NaN
1.70113420924992	0.754062844457236	NaN
1.79335049707267	1.75326609571898	NaN
0.0951954596584178	3.36224555624122	NaN
1.10350894336355	3.33663136884814	NaN
0.817229947973304	5.29868142643596	NaN
0.573838596216618	2.45914620996037	NaN
0.78387768688839	0.861934487668635	NaN
1.91426095642972	2.90166203485347	NaN
2.00513835844436	3.31772367678922	NaN
3.11263524241374	4.24867370483819	NaN
0.371139874193226	2.82639896230295	NaN
0.293746024962243	2.53545293015731	NaN
0.485318608583879	7.39212828532481	NaN
0.964399621787387	6.6162629948171	NaN
0.892937936382333	3.55351906012315	NaN
0.954252902984097	2.16113394031611	NaN
2.28376178538401	1.91379424076571	NaN
2.21576248746798	5.16124065907124	NaN
0.793048700831511	9.22326461967889	NaN
0.652787072422809	6.76612338543825	NaN
0.0268571270668246	4.33801731408536	NaN
0.320504231864539	6.84266735069349	NaN
0.314357591381191	5.60652165176645	NaN
2.91148159719727	4.13663671990318	NaN
2.70411443895075	0.64115507687197	NaN
2.83515786958737	4.2369358010996	NaN
3.05337458204993	8.18876171539739	NaN
2.63164640831825	7.13009321016179	NaN
2.49897448676084	6.76087264610223	NaN
0.702000815276008	5.54112229305332	NaN
0.98194041626836	4.0133506690465	NaN
2.06837221990167	1.90396016210596	NaN
1.83977866891528	1.7087026120511	NaN
1.72516603823644	4.69851006706891	NaN
2.92165967246581	5.87709244644173	NaN
2.1454660177326	4.21717099950233	NaN
1.9757120660509	1.23736263137467	NaN
2.33783444241137	2.25517208998725	NaN
2.84257527067475	3.42839136048193	NaN
2.20071694937159	2.63870152905869	NaN
1.87606209032489	5.81433099555894	NaN
1.86365823133022	5.59211854054009	NaN
2.87456213782233	2.43536452092028	NaN
2.10229718790082	3.71813366687733	NaN
2.38410174520325	2.38025768371196	NaN
1.47910627482581	1.52771049494294	NaN
3.03561390186587	2.44205828799843	NaN
1.29274101549768	2.45400917131365	NaN
2.1252852290743	3.90932426118547	NaN
2.20903720941169	5.9093899538532	NaN
1.66308932049624	3.89585103301513	NaN
1.23120037937173	0.379105429326664	NaN
1.16040233513021	2.91882633204358	NaN
1.8230521315917	10.458902035334	NaN
1.8992175626904	2.31834427426811	NaN
1.95779853286289	3.40944358601231	NaN
2.18354250091768	6.73955907612495	NaN
2.69087227276913	5.11615888828488	NaN
2.77754942190479	2.91418437897961	NaN
2.64258633482614	1.74610086018385	NaN
1.99092327596832	1.00383908981385	NaN
2.51894901643405	2.0164425148816	NaN
2.47125478540998	1.01588990328524	NaN
0.447149975571922	3.1452978491965	NaN
3.10609813359338	4.53918153573969	NaN
3.08163721860208	2.82486915953707	NaN
2.93670715473563	2.50274711941086	NaN
0.238032774835406	3.50222073516526	NaN
0.0256825735542154	6.14275248191543	NaN
0.0267064194180591	7.25613100804319	NaN
0.226147771946696	4.62594157172904	NaN
0.708270916062304	2.83686199349507	NaN
2.11602678413816	2.91340835032244	NaN
2.21519799176341	3.00981130006419	NaN
2.32449216165462	5.2409758537826	NaN
2.64332681031278	4.9238468236011	NaN
2.11489435622159	6.60175082953336	NaN
0.316237026125118	7.66688480502665	NaN
0.986473027231101	2.58391735906836	NaN
0.0117595191122187	2.50207591746158	NaN
1.46520975137351	3.37001356025742	NaN
1.56010123378269	1.30857852126402	NaN
2.31238156074928	0.956842023643848	NaN
1.80195086095161	1.83469646659911	NaN
1.65870913749289	2.90185572183908	NaN
1.59754529056624	1.70341613131041	NaN
1.35024392101852	1.48862400945942	NaN
1.75214921301275	4.07460648376823	NaN
2.3797542141208	4.0969797272518	NaN
2.73429316774023	1.67418579963441	NaN
2.73634781444672	4.5270003703464	NaN
2.05894293121791	4.44471722031167	NaN
0.945205281454221	4.85620036049287	NaN
2.92275343540073	3.52798842521952	NaN
2.75414779639156	1.53978584382806	NaN
2.92550732389134	1.44177787785412	NaN
1.82029761720662	2.85289227289246	NaN
1.91203520508248	2.06168040935232	NaN
1.73175699364155	2.70801386332566	NaN
1.84067343166156	5.86408051917275	NaN
1.96666042758867	1.94695981838486	NaN
1.68003215366664	5.05274547769605	NaN
1.73327560220115	7.56334327365955	NaN
2.22983897462387	1.51972386143563	NaN
2.02263204100137	2.07677734897042	NaN
1.29719414809761	3.18661066890822	NaN
0.756565687492433	0.879158002224194	NaN
1.76109422967117	3.50847084637048	NaN
0.827841905030027	8.26295900572855	NaN
1.88760200113061	2.97745748622467	NaN
3.05466538225589	0.77959168197362	NaN
2.65880984881371	7.45683903826893	NaN
1.97642326370331	8.99853733050473	NaN
2.02239982960595	1.77718549794282	NaN
2.97251693523424	2.806180834045	NaN
1.76697597821096	2.93480073703641	NaN
1.32856199355836	2.56381181205886	NaN
1.23382615781004	2.44982569883306	NaN
0.0512169736923419	2.35539766981364	NaN
0.402340986086445	1.30400726433744	NaN
2.92289989307968	1.55210709982134	NaN
1.94050122389032	3.43372545801673	NaN
1.77640033725529	2.8793983319005	NaN
2.33253984659091	3.59216964202639	NaN
2.87727491877556	0.745003319150054	NaN
0.133481116586554	3.30682014706946	NaN
0.468136743614676	8.59050290916806	NaN
2.51217114136884	10.1911298289936	NaN
2.83940702871417	3.52609990383496	NaN
2.32704780547227	6.07562653325836	NaN
0.0591878037054391	5.78406601478186	NaN
0.300717102653041	2.95329705013979	NaN
0.189750251894623	3.04339294081879	NaN
2.29032604356683	3.18879961371588	NaN
1.91935436442288	5.72607809290634	NaN
1.32910148577671	5.33710094083038	NaN
2.47282167713759	1.00082101258779	NaN
0.675960469803117	2.59375247406238	NaN
1.19361318994045	2.62718944259648	NaN
1.63312339180925	NaN	NaN
2.61093072681317	NaN	NaN
1.95601327697582	NaN	NaN
2.98349686989805	NaN	NaN
2.04397057334578	NaN	NaN
2.84725724850711	NaN	NaN
2.86522640393262	NaN	NaN
0.378664756504982	NaN	NaN
0.0750921403907755	NaN	NaN
0.097721360521598	NaN	NaN
0.218658612414675	NaN	NaN
2.05960632863187	NaN	NaN
2.91176145284155	NaN	NaN
0.0950245298915591	NaN	NaN
0.188901996360405	NaN	NaN
1.11550516180847	NaN	NaN
1.46852982840579	NaN	NaN
2.16177572741289	NaN	NaN
0.627392741957767	NaN	NaN
0.241781021239269	NaN	NaN
0.452089496937026	NaN	NaN
2.53525913006413	NaN	NaN
2.6668918195441	NaN	NaN
0.749391229336275	NaN	NaN
0.24836254125639	NaN	NaN
0.198628447532211	NaN	NaN
0.0141274938600605	NaN	NaN
0.784125310986764	NaN	NaN
1.04885169548942	NaN	NaN
1.65784911678959	NaN	NaN
1.71880704605654	NaN	NaN
1.81061198709278	NaN	NaN
1.65567822421993	NaN	NaN
1.39830563528305	NaN	NaN
2.55145971217867	NaN	NaN
1.53960100592605	NaN	NaN
0.693223428428333	NaN	NaN
0.245213713401551	NaN	NaN
0.405393235087309	NaN	NaN
2.26419897514215	NaN	NaN
2.92049097321008	NaN	NaN
2.6665306844858	NaN	NaN
2.33895818921065	NaN	NaN
2.31770927311987	NaN	NaN
2.13359671402898	NaN	NaN
1.77752109072953	NaN	NaN
2.01384580465494	NaN	NaN
1.74963894528524	NaN	NaN
1.98233606463488	NaN	NaN
2.87660049764151	NaN	NaN
1.07563712842841	NaN	NaN
0.75638047999522	NaN	NaN
1.01732349554869	NaN	NaN
0.947063524586897	NaN	NaN
0.863988332091131	NaN	NaN
0.150018861802166	NaN	NaN
2.22244875011678	NaN	NaN
1.96150486872292	NaN	NaN
1.51831394132501	NaN	NaN
0.421055016517335	NaN	NaN
1.96106332385143	NaN	NaN
0.160180243744155	NaN	NaN
0.0417755107428154	NaN	NaN
0.293293029758946	NaN	NaN
2.86020788812873	NaN	NaN
0.449314009673072	NaN	NaN
0.848918307025309	NaN	NaN
2.5188158138483	NaN	NaN
2.64296011548361	NaN	NaN
3.12083081963109	NaN	NaN
3.06594993732284	NaN	NaN
0.476713783544241	NaN	NaN
0.0732340378048998	NaN	NaN
0.494931014722599	NaN	NaN
0.232854853476457	NaN	NaN
0.110053452465798	NaN	NaN
0.501016005841541	NaN	NaN
0.49263531468266	NaN	NaN
1.0326795848449	NaN	NaN
0.714386657879936	NaN	NaN
1.40471590138253	NaN	NaN
2.72286029886522	NaN	NaN
2.52517254682126	NaN	NaN
2.04130343037154	NaN	NaN
2.78444757924528	NaN	NaN
1.54019498372655	NaN	NaN
1.68069621918498	NaN	NaN
3.07414306107513	NaN	NaN
1.82591067218556	NaN	NaN
0.721931349052245	NaN	NaN
1.6222042583731	NaN	NaN
2.61562763234481	NaN	NaN
0.728862960443104	NaN	NaN
2.85132794514811	NaN	NaN
3.04024854671624	NaN	NaN
2.30922450943255	NaN	NaN
2.99447319479951	NaN	NaN
1.6534837772216	NaN	NaN
1.41172415977643	NaN	NaN
0.616033163410066	NaN	NaN
1.35711026879613	NaN	NaN
0.165231942957381	NaN	NaN
0.177923371398202	NaN	NaN
2.02856894180155	NaN	NaN
3.07417557560622	NaN	NaN
2.88528839990112	NaN	NaN
2.98317027947174	NaN	NaN
3.12783446103334	NaN	NaN
1.49824442534124	NaN	NaN
0.169387907448136	NaN	NaN
0.998462065689939	NaN	NaN
2.56882415964216	NaN	NaN
1.83251893579047	NaN	NaN
2.3273073294697	NaN	NaN
0.306653358536066	NaN	NaN
0.588961729765116	NaN	NaN
1.52434776563883	NaN	NaN
1.98590909774137	NaN	NaN
1.75883988769001	NaN	NaN
0.228189870255219	NaN	NaN
0.912446143512187	NaN	NaN
1.28698854571134	NaN	NaN
1.44404724685445	NaN	NaN
1.07155363725076	NaN	NaN
1.20533253270522	NaN	NaN
0.689428980797667	NaN	NaN
0.456038304448091	NaN	NaN
0.0806478867187163	NaN	NaN
0.316612611589519	NaN	NaN
0.614247186920478	NaN	NaN
1.88707426834184	NaN	NaN
2.0801058647841	NaN	NaN
1.06997324348595	NaN	NaN
1.41884701473828	NaN	NaN
1.53089900024578	NaN	NaN
2.19026745241113	NaN	NaN
2.31116145708478	NaN	NaN
2.24013239511861	NaN	NaN
1.93457653200251	NaN	NaN
2.63048825015016	NaN	NaN
2.8858915336718	NaN	NaN
0.964847637425593	NaN	NaN
0.903100948873516	NaN	NaN
1.56765540688539	NaN	NaN
1.35372287801346	NaN	NaN
1.11480652589184	NaN	NaN
2.21051697130222	NaN	NaN
1.71065998496644	NaN	NaN
1.40923644731786	NaN	NaN
1.796117103264	NaN	NaN
1.80640997656669	NaN	NaN
2.64737828508343	NaN	NaN
2.13512716420123	NaN	NaN
1.31628915149364	NaN	NaN
1.38971350066909	NaN	NaN
2.04692007145682	NaN	NaN
2.21720965435056	NaN	NaN
2.02076925782844	NaN	NaN
1.59364647890254	NaN	NaN
0.726595889444813	NaN	NaN
1.14383182722524	NaN	NaN
2.34889532201117	NaN	NaN
1.00872514171912	NaN	NaN
1.23581870560943	NaN	NaN
0.292373143764185	NaN	NaN
1.44394249924306	NaN	NaN
1.67919653374131	NaN	NaN
1.98825073130003	NaN	NaN
1.318051555572	NaN	NaN
1.28721777209389	NaN	NaN
1.09944721857882	NaN	NaN
0.643700191125104	NaN	NaN
0.366458453495542	NaN	NaN
1.38495909815101	NaN	NaN
1.23666066537102	NaN	NaN
0.0305380871848967	NaN	NaN
0.10556012458054	NaN	NaN
0.0442763269697463	NaN	NaN
0.0241956139519799	NaN	NaN
0.297840605592596	NaN	NaN
0.506066437811009	NaN	NaN
2.16400280800686	NaN	NaN
2.29587989490203	NaN	NaN
1.27290860819831	NaN	NaN
0.150701533248881	NaN	NaN
0.0610930226837294	NaN	NaN
0.695259625140018	NaN	NaN
1.76437816996041	NaN	NaN
2.75026122346436	NaN	NaN
2.61184340096485	NaN	NaN
0.859639187118287	NaN	NaN
0.867805278202503	NaN	NaN
2.38323809731992	NaN	NaN
0.941402597896841	NaN	NaN
0.546767600427355	NaN	NaN
0.426038400095148	NaN	NaN
1.09028100807479	NaN	NaN
1.18425675251386	NaN	NaN
1.11089163875903	NaN	NaN
2.10208191940612	NaN	NaN
1.70635952099435	NaN	NaN
1.55615969282318	NaN	NaN
1.75139632139626	NaN	NaN
1.89680816189517	NaN	NaN
0.477061748049927	NaN	NaN
0.181291193715975	NaN	NaN
0.027612359930704	NaN	NaN
0.160107062497006	NaN	NaN
0.901458429037036	NaN	NaN
2.22672198853227	NaN	NaN
2.55707101369639	NaN	NaN
0.715217136445279	NaN	NaN
0.0687625902919289	NaN	NaN
0.261451890388127	NaN	NaN
0.175664656141705	NaN	NaN
2.57860447251495	NaN	NaN
3.04191755247084	NaN	NaN
2.27742894946395	NaN	NaN
3.02420405833928	NaN	NaN
2.14878726122491	NaN	NaN
2.0064863958846	NaN	NaN
0.630166009596834	NaN	NaN
1.55948509225019	NaN	NaN
2.58522884064633	NaN	NaN
1.65318399147058	NaN	NaN
1.57985096473211	NaN	NaN
3.09065929019195	NaN	NaN
2.03808055226566	NaN	NaN
0.650665565651303	NaN	NaN
1.09588043204893	NaN	NaN
1.09073076911215	NaN	NaN
1.27889866890096	NaN	NaN
1.64284964715045	NaN	NaN
1.71963790363138	NaN	NaN
1.91358442034334	NaN	NaN
2.18926506917364	NaN	NaN
2.14877791116785	NaN	NaN
2.16770128682296	NaN	NaN
2.27562927359548	NaN	NaN
2.48002030414787	NaN	NaN
2.81827055097681	NaN	NaN
1.42995844702929	NaN	NaN
1.25532931094462	NaN	NaN
1.69455731641199	NaN	NaN
0.703274518489565	NaN	NaN
2.59056456432806	NaN	NaN
2.67080952307817	NaN	NaN
0.0867737541912736	NaN	NaN
0.179204536920978	NaN	NaN
0.509601514891703	NaN	NaN
0.581201827829299	NaN	NaN
0.00923542849100971	NaN	NaN
0.91301007275822	NaN	NaN
1.56202329007021	NaN	NaN
0.383088747097276	NaN	NaN
0.64786546220891	NaN	NaN
0.889911031381687	NaN	NaN
1.84334812255662	NaN	NaN
0.52608956033533	NaN	NaN
1.06486513034136	NaN	NaN
1.40962499897026	NaN	NaN
0.578114377925026	NaN	NaN
0.829444703794887	NaN	NaN
3.06849931513991	NaN	NaN
2.65169604075958	NaN	NaN
2.37182443307831	NaN	NaN
2.29147028644306	NaN	NaN
2.13786599500265	NaN	NaN
2.30698740381449	NaN	NaN
1.44306067024175	NaN	NaN
2.57828168811764	NaN	NaN
1.71595150902517	NaN	NaN
0.13399905131325	NaN	NaN
0.10246904756345	NaN	NaN
2.46266047717827	NaN	NaN
1.62527547407814	NaN	NaN
1.68201279981691	NaN	NaN
0.0192711432300362	NaN	NaN
0.19443078505725	NaN	NaN
0.590820485967273	NaN	NaN
2.87623562647804	NaN	NaN
2.93723206797197	NaN	NaN
3.13433367701644	NaN	NaN
2.54763249851751	NaN	NaN
2.95376888118849	NaN	NaN
2.95930614968497	NaN	NaN
2.04548363060651	NaN	NaN
2.36802707206496	NaN	NaN
2.37396749849966	NaN	NaN
1.23641057416435	NaN	NaN
0.559332214633037	NaN	NaN
1.85136504724957	NaN	NaN
2.77915149232981	NaN	NaN
3.06103732155949	NaN	NaN
2.77856723744299	NaN	NaN
2.30429551872716	NaN	NaN
0.63020629825752	NaN	NaN
0.0754464826560715	NaN	NaN
1.07458369821897	NaN	NaN
2.28724845526407	NaN	NaN
2.35649227468095	NaN	NaN
2.10601264014229	NaN	NaN
2.50637949669291	NaN	NaN
2.40185415707666	NaN	NaN
1.85176099359643	NaN	NaN
1.02212944774902	NaN	NaN
0.0126166094294122	NaN	NaN
0.255071801979773	NaN	NaN
1.51191599579969	NaN	NaN
0.986444228021165	NaN	NaN
1.15686428310773	NaN	NaN
2.7899901889037	NaN	NaN
1.69184548877033	NaN	NaN
1.42011094664151	NaN	NaN
1.87995195018932	NaN	NaN
0.698834931140542	NaN	NaN
1.23439714446787	NaN	NaN
2.04715709572181	NaN	NaN
2.19750990615064	NaN	NaN
0.714763272249345	NaN	NaN
1.74076335345945	NaN	NaN
1.62782831374679	NaN	NaN
3.01460562091604	NaN	NaN
0.468231332171091	NaN	NaN
0.438049986808429	NaN	NaN
2.02119742835452	NaN	NaN
1.98974991135766	NaN	NaN
0.9308108722649	NaN	NaN
0.87000482427844	NaN	NaN
1.17508900183696	NaN	NaN
1.02144070773743	NaN	NaN
1.5684371121341	NaN	NaN
0.483941619150568	NaN	NaN
0.828854762207594	NaN	NaN
1.14119443542112	NaN	NaN
1.2575968430764	NaN	NaN
1.9791600801134	NaN	NaN
0.504735064208461	NaN	NaN
0.992580784185283	NaN	NaN
1.26760552624543	NaN	NaN
0.603231999067866	NaN	NaN
2.19064141552641	NaN	NaN
2.06432308728716	NaN	NaN
0.388824062361677	NaN	NaN
1.07434781442579	NaN	NaN
1.00904650547424	NaN	NaN
0.664721229588688	NaN	NaN
1.73574025938892	NaN	NaN
1.73167691146113	NaN	NaN
1.27033504009467	NaN	NaN
0.573237868298988	NaN	NaN
1.7542793299644	NaN	NaN
0.477868851456655	NaN	NaN
2.56516660183259	NaN	NaN
1.78398571171126	NaN	NaN
1.5560358553305	NaN	NaN
1.48026317522427	NaN	NaN
0.884460028900197	NaN	NaN
0.931626682692319	NaN	NaN
1.03681978745354	NaN	NaN
1.82600918500003	NaN	NaN
2.33983052950191	NaN	NaN
3.11975425580787	NaN	NaN
2.92326369404605	NaN	NaN
2.95345194622929	NaN	NaN
0.408665648000272	NaN	NaN
1.78998202990559	NaN	NaN
2.32544833768818	NaN	NaN
2.80546745505226	NaN	NaN
1.47211126821899	NaN	NaN
1.39535220519766	NaN	NaN
1.3525922946802	NaN	NaN
2.26430870624657	NaN	NaN
1.95527959541758	NaN	NaN
1.78088485558565	NaN	NaN
2.24216804167728	NaN	NaN
2.22009027885825	NaN	NaN
0.74375946144221	NaN	NaN
1.11260691765017	NaN	NaN
0.873163123381784	NaN	NaN
1.2845046379538	NaN	NaN
2.07001794843066	NaN	NaN
1.58262721615295	NaN	NaN
1.91810263051622	NaN	NaN
2.44535154895616	NaN	NaN
2.4793550139509	NaN	NaN
2.64070029592437	NaN	NaN
1.49344440840013	NaN	NaN
1.00872999058737	NaN	NaN
1.82726526601224	NaN	NaN
1.94390054606788	NaN	NaN
2.06311929401479	NaN	NaN
1.75987297281284	NaN	NaN
1.53918732865554	NaN	NaN
1.58939190516817	NaN	NaN
1.75297440250607	NaN	NaN
1.80987935243927	NaN	NaN
1.42060523293144	NaN	NaN
1.19605467553155	NaN	NaN
0.933286222221351	NaN	NaN
0.708807598031929	NaN	NaN
0.678108216415262	NaN	NaN
2.34395198497541	NaN	NaN
1.92621321564341	NaN	NaN
1.33299716625821	NaN	NaN
1.5019569016327	NaN	NaN
1.4589947048436	NaN	NaN
1.35797158651174	NaN	NaN
1.28118946492813	NaN	NaN
1.28481362792177	NaN	NaN
1.5767782927191	NaN	NaN
1.56587627981943	NaN	NaN
0.610616443368032	NaN	NaN
0.896285422927943	NaN	NaN
0.743248650924193	NaN	NaN
0.654387642331975	NaN	NaN
1.37964003322356	NaN	NaN
0.722438991311214	NaN	NaN
0.995832589683497	NaN	NaN
1.36583855891527	NaN	NaN
1.94142836417593	NaN	NaN
1.23828801169804	NaN	NaN
1.1517888727202	NaN	NaN
2.67316318614945	NaN	NaN
2.26142888500407	NaN	NaN
1.8508481585986	NaN	NaN
1.86789386228571	NaN	NaN
2.94638921344786	NaN	NaN
2.27425416385736	NaN	NaN
1.75316009781993	NaN	NaN
1.58539714639243	NaN	NaN
2.27639879579143	NaN	NaN
2.26692621660751	NaN	NaN
0.559025693981361	NaN	NaN
0.312514753947383	NaN	NaN
0.17521759883193	NaN	NaN
0.254207465639332	NaN	NaN
3.07122181902573	NaN	NaN
2.84117170565523	NaN	NaN
0.537889330976215	NaN	NaN
0.384270913517903	NaN	NaN
0.955642998479697	NaN	NaN
0.953383849239921	NaN	NaN
1.87725854423949	NaN	NaN
1.96771366453189	NaN	NaN
2.81421924652437	NaN	NaN
3.04189081324237	NaN	NaN
2.88470738967249	NaN	NaN
2.359184175444	NaN	NaN
2.47152355200908	NaN	NaN
0.290700797365333	NaN	NaN
0.642867124156149	NaN	NaN
0.336996305751186	NaN	NaN
2.31753329103009	NaN	NaN
2.21953099953296	NaN	NaN
2.5709513850916	NaN	NaN
0.204371152254801	NaN	NaN
0.0755710403507731	NaN	NaN
0.0799620639347237	NaN	NaN
0.967638179273979	NaN	NaN
0.294396857546818	NaN	NaN
2.73307879742601	NaN	NaN
0.586865837887532	NaN	NaN
0.731976988312134	NaN	NaN
1.4065159975647	NaN	NaN
1.84985070336481	NaN	NaN
2.51016528415843	NaN	NaN
2.83643758137688	NaN	NaN
0.246228119106914	NaN	NaN
1.47570619147821	NaN	NaN
1.75809397536028	NaN	NaN
0.380871796111788	NaN	NaN
1.18048643566779	NaN	NaN
1.21663490026403	NaN	NaN
1.22893451554116	NaN	NaN
1.67415211161774	NaN	NaN
1.24705030501022	NaN	NaN
0.587362824880201	NaN	NaN
0.440783606219812	NaN	NaN
0.146325955630346	NaN	NaN
1.03900599452297	NaN	NaN
0.0841384261283871	NaN	NaN
0.138314384966112	NaN	NaN
0.553559662706089	NaN	NaN
0.887645904360307	NaN	NaN
1.13942245700719	NaN	NaN
1.01151992026456	NaN	NaN
0.709250961346494	NaN	NaN
1.44827858498607	NaN	NaN
1.41787378225573	NaN	NaN
1.68131082845783	NaN	NaN
0.356458282168306	NaN	NaN
0.805272656860102	NaN	NaN
2.03255633022071	NaN	NaN
2.17746171848124	NaN	NaN
2.04031799381924	NaN	NaN
1.57285161533294	NaN	NaN
2.29742080853365	NaN	NaN
2.95000613989125	NaN	NaN
3.0663478532737	NaN	NaN
3.06100330020471	NaN	NaN
1.64618177070185	NaN	NaN
1.78532703603963	NaN	NaN
1.84929660525259	NaN	NaN
1.98583605458926	NaN	NaN
2.22059162540625	NaN	NaN
1.7928926172547	NaN	NaN
2.05632864631918	NaN	NaN
2.27309291441591	NaN	NaN
2.18307923694661	NaN	NaN
0.931319431824574	NaN	NaN
0.593474929954941	NaN	NaN
0.255105000153514	NaN	NaN
0.260646729426421	NaN	NaN
1.91615197292409	NaN	NaN
2.49838034621032	NaN	NaN
1.07941950736176	NaN	NaN
3.03920826916032	NaN	NaN
3.1320002925236	NaN	NaN
2.30607154625845	NaN	NaN
0.336503308769864	NaN	NaN
0.120206376078285	NaN	NaN
0.00809807281439562	NaN	NaN
0.883997015375677	NaN	NaN
1.60332034469239	NaN	NaN
1.51191010232328	NaN	NaN
2.63789160062854	NaN	NaN
2.37944089110316	NaN	NaN
2.45883696710425	NaN	NaN
3.00092889755835	NaN	NaN
2.17781341786937	NaN	NaN
1.79700132324492	NaN	NaN
2.29960889646026	NaN	NaN
0.329201822026187	NaN	NaN
0.434226582443928	NaN	NaN
2.43757758996592	NaN	NaN
2.73021093663952	NaN	NaN
2.81447389813612	NaN	NaN
2.7702497988022	NaN	NaN
2.7449003723745	NaN	NaN
2.86119168064008	NaN	NaN
2.34928005657354	NaN	NaN
0.648097279448165	NaN	NaN
0.113974935846326	NaN	NaN
2.58917742661411	NaN	NaN
1.33534574610883	NaN	NaN
0.104836909609284	NaN	NaN
1.1711156469884	NaN	NaN
2.2031816493849	NaN	NaN
1.90888740048088	NaN	NaN
1.80192147203344	NaN	NaN
0.439738291075465	NaN	NaN
0.652124319050405	NaN	NaN
1.04607478551845	NaN	NaN
1.29898669103725	NaN	NaN
0.494853217684023	NaN	NaN
0.312775791405561	NaN	NaN
0.406097063363213	NaN	NaN
1.27137747143529	NaN	NaN
1.49046851265274	NaN	NaN
2.7737408751629	NaN	NaN
2.77119970665446	NaN	NaN
1.58071428245417	NaN	NaN
1.19639078453773	NaN	NaN
0.492108135809174	NaN	NaN
0.241096902963533	NaN	NaN
0.281122022756486	NaN	NaN
0.99994386036172	NaN	NaN
2.66447270726959	NaN	NaN
3.1160755186179	NaN	NaN
2.69244468380291	NaN	NaN
2.70514523756592	NaN	NaN
2.36913964192919	NaN	NaN
0.843492220960324	NaN	NaN
0.388246203863271	NaN	NaN
0.53659489319886	NaN	NaN
0.320135132445758	NaN	NaN
1.15356676283249	NaN	NaN
2.00451517860391	NaN	NaN
2.21572318365801	NaN	NaN
2.12525448361832	NaN	NaN
3.04661866722469	NaN	NaN
3.11269215514509	NaN	NaN
2.85833172442241	NaN	NaN
0.257637737057431	NaN	NaN
0.327569873122592	NaN	NaN
0.980145205091736	NaN	NaN
0.964842971018787	NaN	NaN
1.30312388258894	NaN	NaN
3.03669227613928	NaN	NaN
2.97734760984764	NaN	NaN
2.20702785905187	NaN	NaN
0.429825511792092	NaN	NaN
0.0353122880787956	NaN	NaN
2.89970315363605	NaN	NaN
2.71045678231995	NaN	NaN
1.93688856975886	NaN	NaN
0.626101682959929	NaN	NaN
0.6343229495249	NaN	NaN
2.8380450114908	NaN	NaN
2.33409095061237	NaN	NaN
2.24227997196019	NaN	NaN
2.43027497282635	NaN	NaN
2.2137995088775	NaN	NaN
1.98264423889226	NaN	NaN
2.58388417091662	NaN	NaN
2.2123095651749	NaN	NaN
1.59525795627158	NaN	NaN
2.81586831096942	NaN	NaN
2.87053862688382	NaN	NaN
2.08697182749009	NaN	NaN
2.91553718098767	NaN	NaN
2.37415183966371	NaN	NaN
3.01277491017616	NaN	NaN
3.05578219315726	NaN	NaN
0.680395783966419	NaN	NaN
0.69592591560324	NaN	NaN
0.397299075768754	NaN	NaN
0.465601612667839	NaN	NaN
0.45274452341731	NaN	NaN
2.83354601522291	NaN	NaN
2.42667963926427	NaN	NaN
1.72877601186989	NaN	NaN
1.65326088861389	NaN	NaN
2.38735537825862	NaN	NaN
2.24259865309422	NaN	NaN
2.98807913609215	NaN	NaN
2.36381898948266	NaN	NaN
1.4377466764574	NaN	NaN
0.614702555348187	NaN	NaN
0.603597154443604	NaN	NaN
1.33449037831213	NaN	NaN
2.29334982717639	NaN	NaN
2.30646584027639	NaN	NaN
2.3757805432343	NaN	NaN
2.96434429434578	NaN	NaN
2.60359123835193	NaN	NaN
0.655643881378556	NaN	NaN
2.51396666280543	NaN	NaN
2.20941233283759	NaN	NaN
1.51236200296648	NaN	NaN
0.93831306174272	NaN	NaN
2.9550138500758	NaN	NaN
1.90679846414906	NaN	NaN
2.10781537439594	NaN	NaN
0.810400311546325	NaN	NaN
0.744065833026906	NaN	NaN
2.64172299116052	NaN	NaN
2.71633052139839	NaN	NaN
2.1862854332684	NaN	NaN
2.41074684972258	NaN	NaN
2.72819648521705	NaN	NaN
1.85630847778561	NaN	NaN
2.85252718973153	NaN	NaN
1.68422540891565	NaN	NaN
1.3503500453185	NaN	NaN
1.3894737834935	NaN	NaN
0.968255914065514	NaN	NaN
0.0204347560500811	NaN	NaN
2.47265811634787	NaN	NaN
2.49090146648562	NaN	NaN
2.16754186604023	NaN	NaN
2.23798479092774	NaN	NaN
2.6338532316486	NaN	NaN
2.31893792832513	NaN	NaN
1.62753754843776	NaN	NaN
1.05577482093076	NaN	NaN
0.663162388119248	NaN	NaN
1.85769789235137	NaN	NaN
1.77162039646054	NaN	NaN
0.543819253499017	NaN	NaN
0.55422388880092	NaN	NaN
0.277138725011629	NaN	NaN
0.725929764219431	NaN	NaN
1.84803904083462	NaN	NaN
1.84249195624169	NaN	NaN
1.37150203061125	NaN	NaN
1.61061667370539	NaN	NaN
1.38947380707192	NaN	NaN
1.28821409187692	NaN	NaN
1.61762423180643	NaN	NaN
2.07941961209607	NaN	NaN
1.7071953909196	NaN	NaN
1.39974310026416	NaN	NaN
1.44620115850148	NaN	NaN
1.84797030036101	NaN	NaN
2.45080521758499	NaN	NaN
1.93959955320279	NaN	NaN
1.11680001528559	NaN	NaN
0.059496858228085	NaN	NaN
1.63792985622523	NaN	NaN
1.5264434087693	NaN	NaN
1.68170846610095	NaN	NaN
1.31520159417652	NaN	NaN
1.32439071717828	NaN	NaN
1.2406873509527	NaN	NaN
1.28839708504169	NaN	NaN
1.40714584470973	NaN	NaN
1.5960429618096	NaN	NaN
1.36158150662587	NaN	NaN
0.88404989198576	NaN	NaN
0.696237347394851	NaN	NaN
1.24033123860491	NaN	NaN
2.01071426754759	NaN	NaN
1.33702412125366	NaN	NaN
0.174732293461403	NaN	NaN
1.76775222116787	NaN	NaN
2.17349780803048	NaN	NaN
2.84869867090641	NaN	NaN
1.77262839973273	NaN	NaN
1.62536394294654	NaN	NaN
1.46409142454775	NaN	NaN
1.38499751233094	NaN	NaN
1.56095150219131	NaN	NaN
1.81587159696041	NaN	NaN
1.79569387684804	NaN	NaN
1.82453200101713	NaN	NaN
0.344170056075003	NaN	NaN
1.48977401964042	NaN	NaN
1.65058399801473	NaN	NaN
1.48164846253069	NaN	NaN
1.30624725365076	NaN	NaN
2.36166114756243	NaN	NaN
2.61417111008385	NaN	NaN
2.3496150911588	NaN	NaN
0.212679872184387	NaN	NaN
0.0816863431930182	NaN	NaN
2.50752625615539	NaN	NaN
2.99702400858029	NaN	NaN
3.02191237956008	NaN	NaN
2.95572028401992	NaN	NaN
2.69808867679394	NaN	NaN
2.49591942577571	NaN	NaN
2.26004874999831	NaN	NaN
1.37801739108681	NaN	NaN
2.70970594027475	NaN	NaN
2.98039276203429	NaN	NaN
2.13307764196379	NaN	NaN
2.38017397617148	NaN	NaN
2.49613882709737	NaN	NaN
3.08833078898944	NaN	NaN
2.1127290537586	NaN	NaN
2.24797962688868	NaN	NaN
2.23467758779899	NaN	NaN
1.81207342685191	NaN	NaN
1.83030373454547	NaN	NaN
1.3326796366216	NaN	NaN
1.46875346973819	NaN	NaN
1.48930827743695	NaN	NaN
1.48721621622333	NaN	NaN
1.21888189513266	NaN	NaN
0.46983126682527	NaN	NaN
0.665051059578794	NaN	NaN
0.796678502808146	NaN	NaN
3.13739850001688	NaN	NaN
1.75288418097446	NaN	NaN
1.53931544217943	NaN	NaN
1.5777941425536	NaN	NaN
1.533832743999	NaN	NaN
1.88714284512064	NaN	NaN
1.34819203699782	NaN	NaN
1.58658363539327	NaN	NaN
2.12826895582605	NaN	NaN
2.314500327428	NaN	NaN
2.05679687613126	NaN	NaN
0.555781920872265	NaN	NaN
1.27296362112054	NaN	NaN
2.65865896025604	NaN	NaN
2.23661393610429	NaN	NaN
0.135081914949079	NaN	NaN
2.64400528442124	NaN	NaN
0.765621349253375	NaN	NaN
1.85378574044203	NaN	NaN
1.35427659264647	NaN	NaN
1.47315644882159	NaN	NaN
3.04687729712775	NaN	NaN
2.24209299511306	NaN	NaN
1.49328410260773	NaN	NaN
2.11698048762159	NaN	NaN
1.35138628409128	NaN	NaN
0.909212825143815	NaN	NaN
3.0130188882466	NaN	NaN
2.66727491484389	NaN	NaN
0.42842890472595	NaN	NaN
0.402745837335511	NaN	NaN
0.835435131162429	NaN	NaN
2.38020631544033	NaN	NaN
1.94796682186341	NaN	NaN
1.41021247780001	NaN	NaN
0.212260263610153	NaN	NaN
0.241136800076752	NaN	NaN
1.95456591314096	NaN	NaN
2.91019593499833	NaN	NaN
2.57986046884437	NaN	NaN
2.66097614097867	NaN	NaN
2.01889674689306	NaN	NaN
0.795346844072116	NaN	NaN
1.06567955094575	NaN	NaN
1.6008626308164	NaN	NaN
1.54573674892417	NaN	NaN
0.941087475560325	NaN	NaN
0.941053532380729	NaN	NaN
1.81754659926497	NaN	NaN
2.28588574874661	NaN	NaN
0.130927047296799	NaN	NaN
0.0825094552193918	NaN	NaN
0.099486315513625	NaN	NaN
2.29714527079628	NaN	NaN
2.11133648567632	NaN	NaN
3.0936245437457	NaN	NaN
3.00445733018698	NaN	NaN
2.11349589987871	NaN	NaN
2.25380019264496	NaN	NaN
1.19864506433749	NaN	NaN
0.899783580079063	NaN	NaN
1.19009663105782	NaN	NaN
1.18258025502466	NaN	NaN
1.37147288309658	NaN	NaN
0.345769033219029	NaN	NaN
1.26468862759031	NaN	NaN
0.0179535761439609	NaN	NaN
2.70381097131395	NaN	NaN
2.63271147444343	NaN	NaN
1.64773456835276	NaN	NaN
0.474827888723185	NaN	NaN
0.604477971763476	NaN	NaN
1.69262671806077	NaN	NaN
2.31240382497486	NaN	NaN
2.0140399852069	NaN	NaN
1.48475526561811	NaN	NaN
2.86325879628301	NaN	NaN
3.03389012180372	NaN	NaN
2.41091752201561	NaN	NaN
3.07524033329027	NaN	NaN
2.17570566597392	NaN	NaN
2.08438723400781	NaN	NaN
0.957315234241546	NaN	NaN
1.93036036267114	NaN	NaN
1.99115373466113	NaN	NaN
0.56816857276353	NaN	NaN
0.733875230859738	NaN	NaN
1.1632040519469	NaN	NaN
1.6490240607351	NaN	NaN
1.81910429957941	NaN	NaN
1.81069223922467	NaN	NaN
2.79102531042861	NaN	NaN
2.43462557465135	NaN	NaN
1.97047771611849	NaN	NaN
2.12502362212405	NaN	NaN
1.2596996642389	NaN	NaN
1.08474891817627	NaN	NaN
2.9755729918491	NaN	NaN
2.08041121359661	NaN	NaN
2.08617385832333	NaN	NaN
2.15518726751449	NaN	NaN
1.37424391719652	NaN	NaN
1.29182511017612	NaN	NaN
0.913301721666052	NaN	NaN
0.693015269919888	NaN	NaN
1.38966190545814	NaN	NaN
1.20560982937867	NaN	NaN
0.101301262790261	NaN	NaN
1.04211000282221	NaN	NaN
0.838600563441798	NaN	NaN
0.00790151613297165	NaN	NaN
0.864767230303668	NaN	NaN
0.452785330255745	NaN	NaN
2.48134444632376	NaN	NaN
1.67605882372395	NaN	NaN
1.94493198785277	NaN	NaN
1.90597495438132	NaN	NaN
0.78045024831027	NaN	NaN
0.929471784901891	NaN	NaN
0.858752595523939	NaN	NaN
0.662574789595918	NaN	NaN
0.511206524066245	NaN	NaN
0.493045906655686	NaN	NaN
0.280101914621553	NaN	NaN
0.0343824463551304	NaN	NaN
0.0812087723272034	NaN	NaN
0.191543234329829	NaN	NaN
0.570543819947995	NaN	NaN
0.620068279295328	NaN	NaN
0.228160799723806	NaN	NaN
2.43334008645438	NaN	NaN
1.50400111079464	NaN	NaN
1.57799219020919	NaN	NaN
2.15695343995357	NaN	NaN
1.58274662666627	NaN	NaN
1.2341078430733	NaN	NaN
0.899227882363461	NaN	NaN
0.428925939770344	NaN	NaN
0.933595051438198	NaN	NaN
1.4255207381578	NaN	NaN
0.203302623248095	NaN	NaN
0.325774370648295	NaN	NaN
1.59017328442747	NaN	NaN
1.71285660873811	NaN	NaN
0.953040518505842	NaN	NaN
1.7586508946268	NaN	NaN
0.667320867795034	NaN	NaN
2.49286084001111	NaN	NaN
2.52471752773265	NaN	NaN
0.463870087306662	NaN	NaN
0.119433895999322	NaN	NaN
0.643899887525201	NaN	NaN
1.28706112650907	NaN	NaN
0.248121026866984	NaN	NaN
2.22618719818077	NaN	NaN
2.88489667075379	NaN	NaN
3.06440192239608	NaN	NaN
2.90659814015098	NaN	NaN
3.00132264105311	NaN	NaN
3.0707777136216	NaN	NaN
3.03473280443115	NaN	NaN
1.96182714861523	NaN	NaN
0.205935255517816	NaN	NaN
0.00388905451724728	NaN	NaN
0.0530328878461933	NaN	NaN
2.35631297131736	NaN	NaN
3.09776035956491	NaN	NaN
2.96447323733431	NaN	NaN
2.5774883573607	NaN	NaN
2.56346304055801	NaN	NaN
3.08009015593862	NaN	NaN
1.45237315466428	NaN	NaN
1.83640742360175	NaN	NaN
2.66624295834495	NaN	NaN
2.30673886373251	NaN	NaN
3.01679456027929	NaN	NaN
2.18609645447459	NaN	NaN
1.66588305741103	NaN	NaN
0.360118838055407	NaN	NaN
0.58169521100567	NaN	NaN
0.562281601802334	NaN	NaN
1.04437763281377	NaN	NaN
2.60061145564839	NaN	NaN
2.75710860152334	NaN	NaN
2.58363493572053	NaN	NaN
2.60854453225183	NaN	NaN
2.63174859119946	NaN	NaN
0.381801796213497	NaN	NaN
1.72571815917231	NaN	NaN
2.04066268916633	NaN	NaN
1.99902521882656	NaN	NaN
2.06738631670996	NaN	NaN
3.01641735506024	NaN	NaN
1.87129322293977	NaN	NaN
0.60776742869313	NaN	NaN
0.323719428606581	NaN	NaN
0.304724162814472	NaN	NaN
1.391701321104	NaN	NaN
2.77877351932037	NaN	NaN
2.99850984707643	NaN	NaN
2.47462217436732	NaN	NaN
1.73262278614626	NaN	NaN
1.32172216541779	NaN	NaN
1.27568997817792	NaN	NaN
0.75873061044348	NaN	NaN
0.204389135639351	NaN	NaN
2.35185576501978	NaN	NaN
2.69404977002928	NaN	NaN
2.89903972498078	NaN	NaN
2.19390029783839	NaN	NaN
1.01235665113003	NaN	NaN
0.000678900176486616	NaN	NaN
0.111566733635597	NaN	NaN
1.75403843870674	NaN	NaN
3.04879834166775	NaN	NaN
2.71926352558293	NaN	NaN
2.33601195489252	NaN	NaN
2.89293425082808	NaN	NaN
0.94103886528113	NaN	NaN
0.258874386329182	NaN	NaN
0.175988297970302	NaN	NaN
0.681389555666132	NaN	NaN
0.502990768064693	NaN	NaN
1.26727789923388	NaN	NaN
1.30643331891305	NaN	NaN
0.66664081386928	NaN	NaN
0.362605579488433	NaN	NaN
1.16880492526961	NaN	NaN
0.94930379333588	NaN	NaN
1.85708727152929	NaN	NaN
2.46051144423379	NaN	NaN
1.77894137873241	NaN	NaN
1.82806859692886	NaN	NaN
2.48073409009365	NaN	NaN
0.493828914098782	NaN	NaN
0.442351661853733	NaN	NaN
1.62996492356269	NaN	NaN
2.72859906324777	NaN	NaN
3.09985828143556	NaN	NaN
2.88687688254481	NaN	NaN
0.387021770143348	NaN	NaN
1.98957587619903	NaN	NaN
2.15064089154419	NaN	NaN
2.74644958537474	NaN	NaN
2.90943630629883	NaN	NaN
1.13446287557308	NaN	NaN
0.631467646073156	NaN	NaN
0.354775143333061	NaN	NaN
0.0940882875326001	NaN	NaN
0.457811799909493	NaN	NaN
0.606136264140309	NaN	NaN
1.26588640480884	NaN	NaN
1.2148402897223	NaN	NaN
0.934119629639678	NaN	NaN
0.975684173906433	NaN	NaN
2.82507224883396	NaN	NaN
2.30162272209482	NaN	NaN
1.93238915209359	NaN	NaN
0.721097835414861	NaN	NaN
1.55186629577556	NaN	NaN
1.6714898880573	NaN	NaN
1.46620289416408	NaN	NaN
1.55019001301164	NaN	NaN
1.74294400206301	NaN	NaN
1.79578779674076	NaN	NaN
1.37498309055788	NaN	NaN
1.11897255166909	NaN	NaN
0.714065625269691	NaN	NaN
2.50145894074105	NaN	NaN
1.92732164106573	NaN	NaN
1.52645634486803	NaN	NaN
2.43375533457977	NaN	NaN
0.166713662522094	NaN	NaN
0.906023309011676	NaN	NaN
2.55696826738783	NaN	NaN
2.08592663328964	NaN	NaN
1.63013633181227	NaN	NaN
0.281172407721833	NaN	NaN
0.882060041339034	NaN	NaN
0.523604622101276	NaN	NaN
0.457651302394409	NaN	NaN
1.3971094749961	NaN	NaN
1.77465460649888	NaN	NaN
1.43056806420893	NaN	NaN
0.470215531419092	NaN	NaN
0.360849293398079	NaN	NaN
3.05056306690565	NaN	NaN
2.59910128996356	NaN	NaN
1.29029788610147	NaN	NaN
2.10009363051413	NaN	NaN
2.14402881345479	NaN	NaN
3.11883880989472	NaN	NaN
3.1076750146969	NaN	NaN
2.2624850308519	NaN	NaN
0.256907388684577	NaN	NaN
0.60578326764442	NaN	NaN
0.600561272712915	NaN	NaN
2.41236019456928	NaN	NaN
3.00372245681506	NaN	NaN
3.08914066369581	NaN	NaN
2.63290654397028	NaN	NaN
2.24768817609845	NaN	NaN
1.99794857100347	NaN	NaN
1.78029802158305	NaN	NaN
1.85753845964406	NaN	NaN
0.767654287366029	NaN	NaN
0.904074163537432	NaN	NaN
2.38384327391049	NaN	NaN
2.56897451994483	NaN	NaN
1.19322751547591	NaN	NaN
0.9226365733452	NaN	NaN
1.05087564811038	NaN	NaN
0.874650234083784	NaN	NaN
1.39845876767333	NaN	NaN
1.91892134803899	NaN	NaN
1.27527370443313	NaN	NaN
0.941940926299281	NaN	NaN
1.1365733533554	NaN	NaN
0.478048485200176	NaN	NaN
0.393634931936777	NaN	NaN
2.0627728365162	NaN	NaN
1.64971752078546	NaN	NaN
0.44059125376358	NaN	NaN
1.67953546088454	NaN	NaN
1.35011444360636	NaN	NaN
0.333248835282444	NaN	NaN
1.25990262381478	NaN	NaN
1.67823460360798	NaN	NaN
1.66819355656526	NaN	NaN
1.78246787883294	NaN	NaN
2.16874164688193	NaN	NaN
1.95904686547008	NaN	NaN
1.81582143640246	NaN	NaN
0.186106812406354	NaN	NaN
1.50422726746079	NaN	NaN
1.57498132593031	NaN	NaN
0.455418176714117	NaN	NaN
1.53061794063605	NaN	NaN
2.03060240010774	NaN	NaN
1.35225792352969	NaN	NaN
1.22668366438833	NaN	NaN
2.41489913078716	NaN	NaN
2.01972039540229	NaN	NaN
2.00141194558395	NaN	NaN
2.28362136771001	NaN	NaN
1.76122263520818	NaN	NaN
1.42240171341884	NaN	NaN
2.74601729926663	NaN	NaN
0.672622481077819	NaN	NaN
0.0856994569346192	NaN	NaN
2.55275932929449	NaN	NaN
2.85403390632717	NaN	NaN
2.58760596320222	NaN	NaN
0.0249135793266894	NaN	NaN
0.970683118518389	NaN	NaN
1.91453284125317	NaN	NaN
1.86487557192918	NaN	NaN
0.84978004756408	NaN	NaN
0.900297918073243	NaN	NaN
1.26067433838146	NaN	NaN
1.17110983052119	NaN	NaN
1.26913726527851	NaN	NaN
1.40818536418307	NaN	NaN
1.15145225155262	NaN	NaN
0.938316246099903	NaN	NaN
1.1188721345259	NaN	NaN
0.00398516106141692	NaN	NaN
0.394577326463365	NaN	NaN
2.4594159455197	NaN	NaN
2.88592727219467	NaN	NaN
3.08516717164618	NaN	NaN
2.08098332449011	NaN	NaN
2.01795927621165	NaN	NaN
2.75811679259881	NaN	NaN
3.10491352994088	NaN	NaN
2.54295088969462	NaN	NaN
2.75890241123108	NaN	NaN
2.1092633432549	NaN	NaN
0.609555767315913	NaN	NaN
2.62981138514855	NaN	NaN
2.86595898140762	NaN	NaN
2.52536469027665	NaN	NaN
0.369547772797164	NaN	NaN
0.560922879528956	NaN	NaN
2.15634746705438	NaN	NaN
2.24565354471516	NaN	NaN
2.1865951551538	NaN	NaN
1.22979613839975	NaN	NaN
1.25774718303147	NaN	NaN
2.36477534177645	NaN	NaN
1.46905357279666	NaN	NaN
0.987221205771254	NaN	NaN
0.481565744801357	NaN	NaN
0.684616099145085	NaN	NaN
1.06559283332947	NaN	NaN
1.27170103362265	NaN	NaN
1.0260490110488	NaN	NaN
0.938625720610507	NaN	NaN
1.39550003540474	NaN	NaN
1.41098787673135	NaN	NaN
2.07774565547289	NaN	NaN
2.30191394641079	NaN	NaN
0.552934376303845	NaN	NaN
0.0656410071736629	NaN	NaN
0.11939042178967	NaN	NaN
0.169160167638543	NaN	NaN
3.07805822825475	NaN	NaN
3.06459829532157	NaN	NaN
2.98629526551959	NaN	NaN
2.83433453034669	NaN	NaN
1.59438159738477	NaN	NaN
1.03896979593487	NaN	NaN
0.780212461751911	NaN	NaN
1.73461071100512	NaN	NaN
1.28690410335994	NaN	NaN
0.999064510356368	NaN	NaN
2.12617608068596	NaN	NaN
2.87539342418828	NaN	NaN
1.92982269599341	NaN	NaN
2.40636362530278	NaN	NaN
2.29723978011243	NaN	NaN
0.440309641005166	NaN	NaN
0.155712983994382	NaN	NaN
1.13934083363874	NaN	NaN
1.45420581566613	NaN	NaN
1.93156644329993	NaN	NaN
0.258216396724064	NaN	NaN
1.10663381081768	NaN	NaN
2.08527435164532	NaN	NaN
2.46855035784967	NaN	NaN
2.57290397741607	NaN	NaN
2.04466387849392	NaN	NaN
1.28191687909109	NaN	NaN
2.35581796285037	NaN	NaN
1.38390350860696	NaN	NaN
2.74902073082437	NaN	NaN
2.84622025226805	NaN	NaN
2.14033561187074	NaN	NaN
0.722945065438039	NaN	NaN
0.283465461025485	NaN	NaN
0.551002052851521	NaN	NaN
1.33079449887877	NaN	NaN
1.09808502953961	NaN	NaN
0.0940189138451192	NaN	NaN
0.635189928705767	NaN	NaN
1.01549904172305	NaN	NaN
0.471607383038331	NaN	NaN
1.21543856704414	NaN	NaN
0.492644881045519	NaN	NaN
0.114872331592588	NaN	NaN
2.12342206350929	NaN	NaN
1.91138048945788	NaN	NaN
1.81341617006973	NaN	NaN
0.998025839709574	NaN	NaN
1.21486475258751	NaN	NaN
1.38475554235416	NaN	NaN
1.13357591041054	NaN	NaN
1.09099900141481	NaN	NaN
0.308132299332721	NaN	NaN
1.03802036791208	NaN	NaN
2.09098289822275	NaN	NaN
1.88660987235407	NaN	NaN
2.28988040893864	NaN	NaN
0.777563727234302	NaN	NaN
2.97818383373631	NaN	NaN
0.972218815028486	NaN	NaN
1.6640934881426	NaN	NaN
0.989144373091035	NaN	NaN
0.782862387573838	NaN	NaN
1.79898616054931	NaN	NaN
2.48327805634261	NaN	NaN
3.01967287086006	NaN	NaN
3.10377218211045	NaN	NaN
2.88712340506573	NaN	NaN
2.9724870134013	NaN	NaN
3.02744260317605	NaN	NaN
2.13082086341591	NaN	NaN
2.23811067547216	NaN	NaN
2.23685664624303	NaN	NaN
2.03359693921439	NaN	NaN
0.733835872489305	NaN	NaN
1.90656058220753	NaN	NaN
2.76265699269315	NaN	NaN
1.58217347395726	NaN	NaN
1.61674856897842	NaN	NaN
1.96087302649085	NaN	NaN
1.28764238585798	NaN	NaN
1.52440854614102	NaN	NaN
1.53141857324905	NaN	NaN
1.62733043932914	NaN	NaN
2.25119249576627	NaN	NaN
2.02115850119766	NaN	NaN
2.16856840582306	NaN	NaN
2.46432011947865	NaN	NaN
3.13323778917849	NaN	NaN
2.97009640051286	NaN	NaN
0.660223135706165	NaN	NaN
0.170824296144563	NaN	NaN
2.2029073074381	NaN	NaN
0.846115927398437	NaN	NaN
0.766106669001049	NaN	NaN
2.99298010251306	NaN	NaN
2.56126330713311	NaN	NaN
2.75344993010347	NaN	NaN
2.60204281974125	NaN	NaN
2.20603853879137	NaN	NaN
2.1305024073233	NaN	NaN
2.46243691900066	NaN	NaN
1.20817374124087	NaN	NaN
0.090972761019843	NaN	NaN
0.642880473778642	NaN	NaN
0.620396863065146	NaN	NaN
0.868964728233765	NaN	NaN
1.67344489567591	NaN	NaN
1.50944424158716	NaN	NaN
1.29303564266427	NaN	NaN
1.35267637426956	NaN	NaN
2.69090610478039	NaN	NaN
1.69823504057268	NaN	NaN
1.30371998549745	NaN	NaN
1.45971402586452	NaN	NaN
1.09735411894065	NaN	NaN
0.854491348308672	NaN	NaN
2.18899537506526	NaN	NaN
1.32881813728708	NaN	NaN
1.65345748361131	NaN	NaN
1.9902138450657	NaN	NaN
2.41710727813921	NaN	NaN
0.585391472077819	NaN	NaN
0.662903246351887	NaN	NaN
0.269239379392897	NaN	NaN
0.35037790681996	NaN	NaN
0.432916482343531	NaN	NaN
0.228623578634684	NaN	NaN
2.27890138698398	NaN	NaN
2.65934266439118	NaN	NaN
2.69264216298098	NaN	NaN
2.25781528585904	NaN	NaN
2.63744049835566	NaN	NaN
0.463769929975904	NaN	NaN
0.379774350379034	NaN	NaN
0.757514377724195	NaN	NaN
0.0714088764101735	NaN	NaN
1.14689917075385	NaN	NaN
1.28640215236666	NaN	NaN
2.7376507645271	NaN	NaN
1.44444942279107	NaN	NaN
1.33330061021519	NaN	NaN
1.41579898631306	NaN	NaN
2.63052537638302	NaN	NaN
2.10641392075134	NaN	NaN
1.98714875960924	NaN	NaN
2.03986870721968	NaN	NaN
1.71899012626619	NaN	NaN
2.57330834362062	NaN	NaN
2.90808969282165	NaN	NaN
2.24850116017431	NaN	NaN
0.172018441457426	NaN	NaN
0.573339321640561	NaN	NaN
1.3099089573373	NaN	NaN
2.140382736653	NaN	NaN
1.45321210005405	NaN	NaN
1.5404199189232	NaN	NaN
0.347608166008095	NaN	NaN
0.294335458430425	NaN	NaN
1.83558202524469	NaN	NaN
2.04209063099885	NaN	NaN
1.9727792043918	NaN	NaN
1.53162970534299	NaN	NaN
0.991141025273876	NaN	NaN
0.835485592742851	NaN	NaN
0.852083535614035	NaN	NaN
0.620132917636253	NaN	NaN
0.465508380731684	NaN	NaN
0.779890665206729	NaN	NaN
0.633888715258712	NaN	NaN
0.449924728637739	NaN	NaN
2.74813203143419	NaN	NaN
2.85180133128099	NaN	NaN
3.02001297965538	NaN	NaN
2.72028028859226	NaN	NaN
2.08275555497871	NaN	NaN
1.88021946921218	NaN	NaN
0.181831942203871	NaN	NaN
0.973940649498449	NaN	NaN
2.49733729947338	NaN	NaN
2.09853935649712	NaN	NaN
1.99035408829575	NaN	NaN
2.26541719029059	NaN	NaN
2.69662366108423	NaN	NaN
2.84725836417784	NaN	NaN
2.64368990669054	NaN	NaN
1.46619538408064	NaN	NaN
3.01954622369184	NaN	NaN
0.580417646741606	NaN	NaN
2.3106373288792	NaN	NaN
2.10777179434547	NaN	NaN
0.234020075308488	NaN	NaN
1.10783380585722	NaN	NaN
0.95210642011153	NaN	NaN
0.830115101605477	NaN	NaN
1.45170862771094	NaN	NaN
1.21805013807678	NaN	NaN
0.538462233650228	NaN	NaN
0.324400678432492	NaN	NaN
0.697273175987321	NaN	NaN
2.38501816858316	NaN	NaN
1.95528826022714	NaN	NaN
0.0281641210503834	NaN	NaN
1.99802462878149	NaN	NaN
1.80077784230498	NaN	NaN
3.07280543021631	NaN	NaN
3.03334062545967	NaN	NaN
2.47888521322251	NaN	NaN
0.424237881204557	NaN	NaN
0.902103708002424	NaN	NaN
2.13598564597808	NaN	NaN
2.24033544140097	NaN	NaN
2.97110938469592	NaN	NaN
2.44892264994352	NaN	NaN
2.47952123860888	NaN	NaN
2.43789033784197	NaN	NaN
2.31244177502849	NaN	NaN
2.40707046934187	NaN	NaN
1.54344253796107	NaN	NaN
2.01623869972738	NaN	NaN
2.95376955894371	NaN	NaN
0.773670917351199	NaN	NaN
0.632567087699527	NaN	NaN
1.47142974334885	NaN	NaN
2.25952328460112	NaN	NaN
1.99329367304333	NaN	NaN
1.91346497901601	NaN	NaN
2.18925276741384	NaN	NaN
2.01033338008738	NaN	NaN
0.935496580556527	NaN	NaN
1.36831098673113	NaN	NaN
1.46474067988563	NaN	NaN
0.732339338712195	NaN	NaN
1.31372681450887	NaN	NaN
2.38327879084575	NaN	NaN
2.60092901351261	NaN	NaN
3.09213429456869	NaN	NaN
0.504007180907359	NaN	NaN
0.440972070782729	NaN	NaN
1.92627961257713	NaN	NaN
2.24217224670754	NaN	NaN
2.11763612421223	NaN	NaN
3.00789020840097	NaN	NaN
1.78717241325867	NaN	NaN
1.5309528045058	NaN	NaN
1.61254494426071	NaN	NaN
1.61547275284955	NaN	NaN
1.89547012166571	NaN	NaN
0.675150483101255	NaN	NaN
1.3185901515922	NaN	NaN
2.08479252814215	NaN	NaN
0.208040600730443	NaN	NaN
2.7012046915546	NaN	NaN
2.90728955662581	NaN	NaN
2.8193121340641	NaN	NaN
0.790218597227547	NaN	NaN
0.0544524845072486	NaN	NaN
0.033369292404679	NaN	NaN
1.51017056615606	NaN	NaN
2.27024892843886	NaN	NaN
2.23222094357694	NaN	NaN
1.97354330445311	NaN	NaN
1.99582235594556	NaN	NaN
2.42313201517901	NaN	NaN
2.13304786132726	NaN	NaN
1.53725019223462	NaN	NaN
1.68687671170166	NaN	NaN
0.587576347793914	NaN	NaN
0.965916312386167	NaN	NaN
0.718239107062264	NaN	NaN
0.634215505662659	NaN	NaN
0.377862643261103	NaN	NaN
2.67282608112697	NaN	NaN
2.78992878136302	NaN	NaN
2.78152407631634	NaN	NaN
2.11503660231747	NaN	NaN
1.19424139271112	NaN	NaN
0.662187149997764	NaN	NaN
0.722135211881847	NaN	NaN
1.55641941791215	NaN	NaN
2.85724638482169	NaN	NaN
2.83584161210137	NaN	NaN
2.12084165464797	NaN	NaN
0.315209119196786	NaN	NaN
0.874505562885775	NaN	NaN
0.189589764464178	NaN	NaN
0.148424634944106	NaN	NaN
2.44904207730438	NaN	NaN
3.0947316054099	NaN	NaN
3.07513617630966	NaN	NaN
2.3452911388882	NaN	NaN
2.57896585232494	NaN	NaN
3.03949662422332	NaN	NaN
2.78688727890029	NaN	NaN
1.68781056612767	NaN	NaN
2.35750391800131	NaN	NaN
1.47266173028161	NaN	NaN
1.72103584217901	NaN	NaN
2.8629854281938	NaN	NaN
1.64736052653607	NaN	NaN
0.934117404551596	NaN	NaN
0.572866169026252	NaN	NaN
0.432287233879483	NaN	NaN
1.95113504222344	NaN	NaN
3.0003804290223	NaN	NaN
2.90577903393589	NaN	NaN
2.49688369377072	NaN	NaN
2.63232195893762	NaN	NaN
2.74587251989703	NaN	NaN
2.28561309729219	NaN	NaN
2.57448646511755	NaN	NaN
2.77524654094425	NaN	NaN
3.06421612920474	NaN	NaN
2.4226489601499	NaN	NaN
2.37461205475852	NaN	NaN
2.22294252057538	NaN	NaN
0.734521234572482	NaN	NaN
0.240845884614859	NaN	NaN
0.111244629016631	NaN	NaN
3.00506679367771	NaN	NaN
2.96779516164014	NaN	NaN
2.21341608503182	NaN	NaN
2.11795683384707	NaN	NaN
2.67379256308804	NaN	NaN
1.04853896710522	NaN	NaN
0.0167765536967201	NaN	NaN
0.0221573603146465	NaN	NaN
1.6232787113181	NaN	NaN
0.900402784704804	NaN	NaN
1.54663031412255	NaN	NaN
0.0447803095357381	NaN	NaN
2.98819320068554	NaN	NaN
2.72278907001894	NaN	NaN
2.75091664307293	NaN	NaN
2.61445734097967	NaN	NaN
2.51878715103306	NaN	NaN
0.158254485845083	NaN	NaN
0.207932724424904	NaN	NaN
0.627994370095659	NaN	NaN
1.39842994903967	NaN	NaN
1.00948202317181	NaN	NaN
0.274906696626032	NaN	NaN
1.60656873583377	NaN	NaN
2.08395555087405	NaN	NaN
2.6624657833604	NaN	NaN
1.58075384287081	NaN	NaN
2.20168354715597	NaN	NaN
0.768202275687802	NaN	NaN
0.875368089919778	NaN	NaN
0.359373397832599	NaN	NaN
0.356630718697952	NaN	NaN
2.29458512844714	NaN	NaN
2.21118500677359	NaN	NaN
1.14627312030015	NaN	NaN
0.837839456457298	NaN	NaN
0.382234284949113	NaN	NaN
0.202385423796806	NaN	NaN
0.276353159943878	NaN	NaN
0.615208580738048	NaN	NaN
2.28043807910382	NaN	NaN
2.52297831150986	NaN	NaN
2.87512069044107	NaN	NaN
0.834923069712837	NaN	NaN
0.195998776440843	NaN	NaN
1.40761001187932	NaN	NaN
1.90251777590556	NaN	NaN
1.819757296527	NaN	NaN
0.859548792796323	NaN	NaN
1.39719325278041	NaN	NaN
1.81760808570783	NaN	NaN
2.65333555225208	NaN	NaN
2.63086229917789	NaN	NaN
1.21382130499812	NaN	NaN
2.15137085942039	NaN	NaN
2.4427612251777	NaN	NaN
2.42364228682069	NaN	NaN
2.80289259545709	NaN	NaN
2.36695355191692	NaN	NaN
1.05322315872066	NaN	NaN
0.639502015553614	NaN	NaN
0.276652576745286	NaN	NaN
2.23104951847514	NaN	NaN
2.24043442047066	NaN	NaN
0.250886708039911	NaN	NaN
0.331071551049009	NaN	NaN
0.549812937041414	NaN	NaN
0.717211754899971	NaN	NaN
0.811731983927281	NaN	NaN
0.788424467093501	NaN	NaN
0.777642200130026	NaN	NaN
1.44571568278628	NaN	NaN
1.53801123316264	NaN	NaN
2.14178251265995	NaN	NaN
3.0436006348428	NaN	NaN
0.763337589653718	NaN	NaN
1.47733839470139	NaN	NaN
0.953496902020883	NaN	NaN
1.26757450775517	NaN	NaN
1.37935350081414	NaN	NaN
1.91128055177862	NaN	NaN
2.10062910049703	NaN	NaN
1.87902484451671	NaN	NaN
1.22103247416327	NaN	NaN
1.97650117714724	NaN	NaN
2.41458674695977	NaN	NaN
2.40609236230888	NaN	NaN
1.30975558215782	NaN	NaN
1.14769797094359	NaN	NaN
0.29828875068922	NaN	NaN
0.0617011232957343	NaN	NaN
2.34041026093687	NaN	NaN
0.276753943399626	NaN	NaN
0.26559766777157	NaN	NaN
0.304993337821956	NaN	NaN
0.399132105407649	NaN	NaN
2.92782717978707	NaN	NaN
2.98755190686986	NaN	NaN
2.58411452482792	NaN	NaN
2.98902946285398	NaN	NaN
3.13844969304481	NaN	NaN
1.89130320175544	NaN	NaN
2.45967772911455	NaN	NaN
2.84787125885288	NaN	NaN
3.13964210493437	NaN	NaN
2.80273080115749	NaN	NaN
3.11322268729518	NaN	NaN
2.18111693875634	NaN	NaN
0.595607306025902	NaN	NaN
2.28504667711864	NaN	NaN
2.42106181518472	NaN	NaN
2.00588252609165	NaN	NaN
1.49816140760623	NaN	NaN
1.60931070071816	NaN	NaN
1.61810330426145	NaN	NaN
0.771287588320797	NaN	NaN
0.209144733712036	NaN	NaN
0.0269348216123951	NaN	NaN
0.156687457119722	NaN	NaN
0.384025470203378	NaN	NaN
0.731792373585427	NaN	NaN
0.464799705745152	NaN	NaN
2.17694629619657	NaN	NaN
2.10102224775962	NaN	NaN
2.40657588313328	NaN	NaN
1.43140685292622	NaN	NaN
1.4550502252474	NaN	NaN
1.41726739223108	NaN	NaN
2.43836442515835	NaN	NaN
2.5383434866379	NaN	NaN
1.92000905380106	NaN	NaN
2.72702766767192	NaN	NaN
2.02997713758388	NaN	NaN
1.8326403290056	NaN	NaN
1.81387391545008	NaN	NaN
2.11291486532149	NaN	NaN
2.15778951005576	NaN	NaN
2.59965189880958	NaN	NaN
1.28435771673517	NaN	NaN
0.847809421636695	NaN	NaN
1.06532527334377	NaN	NaN
1.26940394519151	NaN	NaN
1.55016136002928	NaN	NaN
2.28598708714392	NaN	NaN
1.83991847997774	NaN	NaN
1.44234490338232	NaN	NaN
1.62983221427368	NaN	NaN
1.54085754993541	NaN	NaN
1.39306796825143	NaN	NaN
1.49839967797004	NaN	NaN
1.90392250620267	NaN	NaN
1.76018550845878	NaN	NaN
1.7569392825187	NaN	NaN
0.804337837976998	NaN	NaN
2.43443427555492	NaN	NaN
2.41947006296088	NaN	NaN
0.838001423268275	NaN	NaN
1.22870228441562	NaN	NaN
1.24603389353206	NaN	NaN
1.22811021058117	NaN	NaN
2.0004078850399	NaN	NaN
2.44820410552974	NaN	NaN
2.30587480615528	NaN	NaN
1.10689746262213	NaN	NaN
1.26772019798305	NaN	NaN
1.82515582245605	NaN	NaN
1.60682243594319	NaN	NaN
1.7506048232266	NaN	NaN
2.19870972894203	NaN	NaN
3.11099211623433	NaN	NaN
1.95643191100799	NaN	NaN
2.17679215685593	NaN	NaN
2.17109156661039	NaN	NaN
1.41275557541188	NaN	NaN
